{"type":"FeatureCollection", "features": [
{"type":"Feature","geometry":{"type":"Polygon","coordinates":[[[77.1033165,28.6343911],[77.0990775,28.6343181],[77.0982557,28.6343179],[77.0976815,28.6343386],[77.0974007,28.6343278],[77.09706,28.63517],[77.0966402,28.6361452],[77.0963571,28.6361265],[77.0961252,28.6362212],[77.0960738,28.6362875],[77.0955288,28.6361142],[77.0953849,28.6364248],[77.0947808,28.6361921],[77.0936692,28.6357998],[77.0928014,28.6353967],[77.0921976,28.6350562],[77.09194389849796,28.634948702540505],[77.09168,28.63483],[77.09128,28.63469],[77.0905208,28.6344906],[77.0895489,28.6342198],[77.0890289,28.6340568],[77.0878756,28.6336302],[77.0875204,28.6335104],[77.0876288,28.6332899],[77.0873169,28.6331746],[77.087044,28.6328078],[77.0864704,28.6325711],[77.0863655,28.6328014],[77.0858037,28.6325805],[77.0856946,28.6328103],[77.0818931,28.6312527],[77.0826689,28.6299547],[77.0830018,28.6295441],[77.0837817,28.6286118],[77.084355,28.6279113],[77.0848572,28.6273364],[77.0865527,28.6253176],[77.0872687,28.6244471],[77.0874851,28.6241539],[77.0876193,28.6239024],[77.087754,28.6235396],[77.0878293,28.6231051],[77.08780362783673,28.62187661027845],[77.087803,28.6218418],[77.0891057,28.6217019],[77.0905079,28.6215991],[77.090887,28.6216148],[77.0918856,28.6217989],[77.0923055,28.6218923],[77.0934525,28.6221856],[77.094089,28.622378],[77.094618,28.6225599],[77.0945809,28.6226809],[77.0942296,28.6234088],[77.0940316,28.6239122],[77.0944278,28.6239414],[77.09444833029998,28.624419405999497],[77.0943502,28.6244279],[77.0943699,28.6249985],[77.09437,28.6265114],[77.094352,28.6266174],[77.0943394,28.6274745],[77.09442,28.6275114],[77.09444,28.6284514],[77.09442,28.6291614],[77.09454,28.6291714],[77.09454,28.62939],[77.0947805,28.6293787],[77.0960771,28.6293693],[77.0963618,28.6293541],[77.0963606,28.6295407],[77.0965073,28.6295453],[77.0964981,28.6299144],[77.0965258,28.6310165],[77.0975569,28.6313861],[77.0977413,28.6309369],[77.0984765,28.6309273],[77.0988911,28.6309394],[77.09926,28.63005],[77.09972,28.62902],[77.0999645,28.6284107],[77.0992671,28.6284065],[77.099278,28.6274693],[77.0997169,28.6274551],[77.1001375,28.6274694],[77.10037,28.62751],[77.1008565,28.6263553],[77.10114,28.62573],[77.10153,28.6248014],[77.10171,28.6244014],[77.10218,28.6232814],[77.10229,28.6230914],[77.10242,28.6227214],[77.10266,28.6222614],[77.10289,28.6219014],[77.1034054,28.6210158],[77.1042201,28.6196792],[77.1044071,28.6193576],[77.105049,28.6183032],[77.1064475,28.6160552],[77.1067391,28.6156186],[77.10738893128895,28.614824237907822],[77.1076334,28.6149411],[77.1076723,28.6150293],[77.1081606,28.6153847],[77.1090939,28.6160275],[77.1105326,28.6170511],[77.1113824,28.6176634],[77.1111624,28.6180438],[77.1109026,28.6183331],[77.1108144,28.6185723],[77.1107625,28.6188903],[77.1107622,28.6192397],[77.110802,28.6209709],[77.1108124,28.6218201],[77.11085,28.62332],[77.11087,28.62443],[77.1108608,28.6246609],[77.1107093,28.6247443],[77.1106701,28.625021],[77.1108112,28.6250973],[77.1108074,28.6252537],[77.1108837,28.6273289],[77.1109066,28.6276073],[77.1109142,28.6287556],[77.1109447,28.63027],[77.11096,28.6306095],[77.1110058,28.6310444],[77.111105,28.6313839],[77.1113224,28.6316204],[77.1113796,28.6317425],[77.1112779,28.6319797],[77.1112295,28.6319158],[77.111025,28.6319023],[77.1102477,28.6319064],[77.1101967,28.6313756],[77.1091033,28.6310586],[77.108419,28.6301239],[77.1071781,28.6308582],[77.1077288,28.6314996],[77.1082544,28.6312318],[77.108405,28.6314891],[77.1087237,28.6312865],[77.1088397,28.6315401],[77.1089985,28.6321154],[77.1085244,28.63239],[77.1081158,28.6326512],[77.1079665,28.6325182],[77.1077067,28.6323787],[77.1075237,28.6323357],[77.107209,28.632375],[77.1065083,28.6326327],[77.1063217,28.6327332],[77.1060652,28.6329208],[77.1059007,28.6327096],[77.1057046,28.6327772],[77.1055311,28.6323982],[77.1053281,28.6324932],[77.1050661,28.6325583],[77.1047442,28.6323637],[77.1044272,28.6322313],[77.1043811,28.632346],[77.1040815,28.6324124],[77.1040927,28.6331397],[77.1033445,28.6331328],[77.10333,28.63324],[77.10335,28.63419],[77.1033165,28.6343911]]]},"properties":{"fill-opacity":0,"stroke-opacity":1,"stroke":"#ff0000","WNo_SEC":100,"AC_No":28,"AC_No_1":28,"AC_Name":"HARI NAGAR","Ward_No":100,"WardName":"FATEH NAGAR","TotalPop":57335,"SC_Pop":2034,"NW2022":"100, FATEH NAGAR"},"id":0},
{"type":"Feature","geometry":{"type":"Polygon","coordinates":[[[77.0346712,28.6194916],[77.0346601,28.6198304],[77.0346702,28.6203117],[77.0346617,28.6212544],[77.034672,28.621577],[77.0346743,28.622504],[77.0346355,28.6239771],[77.0339254,28.6239934],[77.0338676,28.6239348],[77.0325918,28.6239294],[77.0323002,28.6239636],[77.0312303,28.6239648],[77.0312526,28.624659],[77.0312555,28.6254304],[77.0335963,28.6254021],[77.0342522,28.6253834],[77.0352771,28.625376],[77.0352906,28.6258697],[77.0353504,28.6274112],[77.0354114,28.6286354],[77.0354681,28.628872],[77.0358949,28.6287875],[77.0373375,28.6283142],[77.0375698,28.6282293],[77.0379588,28.6280439],[77.0388762,28.6276493],[77.0388931,28.6281031],[77.038894,28.6287761],[77.0389129,28.6298185],[77.0389302,28.6312199],[77.0389383,28.6312833],[77.037885,28.6312762],[77.0370099,28.6312895],[77.0360137,28.6313333],[77.0347397,28.6313476],[77.0338237,28.6313665],[77.0338229,28.6313276],[77.0320079,28.6313629],[77.0320135,28.6321002],[77.0320319,28.6328366],[77.0303519,28.6328676],[77.0303654,28.6332401],[77.02997,28.63322],[77.0293345,28.6332227],[77.0293431,28.6335608],[77.0286557,28.6335881],[77.0276964,28.6336394],[77.0270045,28.6343655],[77.0264523,28.6344358],[77.0256387,28.6343188],[77.0248617,28.6343598],[77.0243059,28.634333],[77.02458,28.63335],[77.0245266,28.6332115],[77.0245605,28.6328692],[77.0245031,28.6324019],[77.024463,28.6322331],[77.0241585,28.6315978],[77.0229213,28.629735],[77.0224599,28.6288155],[77.022269,28.627892],[77.02224,28.626377],[77.0222262,28.625658],[77.0221595,28.6238732],[77.0220733,28.6224729],[77.0219933,28.6214118],[77.0219542,28.6206218],[77.0219521,28.6205455],[77.02312,28.62035],[77.02357,28.62026],[77.0242,28.62009],[77.0248,28.61991],[77.02498,28.61983],[77.0262254,28.6194267],[77.0264771,28.6193819],[77.0273172,28.6192929],[77.028849,28.6191852],[77.0301831,28.6190837],[77.0306536,28.6190649],[77.0313917,28.6190869],[77.031411,28.6190143],[77.03232,28.61912],[77.03284,28.61921],[77.03374,28.61934],[77.0346712,28.6194916]]]},"properties":{"fill-opacity":0,"stroke-opacity":1,"stroke":"#ff0000","WNo_SEC":113,"AC_No":32,"AC_No_1":32,"AC_Name":"UTTAM NAGAR","Ward_No":113,"WardName":"MOHAN GARDEN","TotalPop":60029,"SC_Pop":5854,"NW2022":"113, MOHAN GARDEN"},"id":1},
{"type":"Feature","geometry":{"type":"Polygon","coordinates":[[[77.031411,28.6190143],[77.0316319,28.6183335],[77.0318448,28.6174244],[77.0325882,28.6151058],[77.0328196,28.6144285],[77.0338257,28.6144146],[77.0338215,28.6138128],[77.0358176,28.613791],[77.0366782,28.6137953],[77.0366837,28.615447],[77.0367151,28.6159107],[77.0367931,28.6159847],[77.0367933,28.6165191],[77.0365967,28.6165119],[77.0359121,28.6165274],[77.0359327,28.6176279],[77.0364775,28.6176127],[77.0371082,28.6176135],[77.0373278,28.6175937],[77.037864,28.6175913],[77.0378799,28.6182537],[77.0373435,28.6182588],[77.0373736,28.6191239],[77.0376479,28.6192004],[77.038403,28.6194486],[77.0386884,28.6195121],[77.0389555,28.6195324],[77.0403079,28.6194659],[77.0410723,28.6194115],[77.0410676,28.6193195],[77.0421605,28.6192738],[77.0421813,28.619188],[77.0432844,28.6191641],[77.0432869,28.6183622],[77.0432765,28.6177199],[77.044883,28.6177172],[77.0448663,28.6168551],[77.044805,28.6156688],[77.0448023,28.61539],[77.0449735,28.6154091],[77.0468542,28.6153864],[77.0468546,28.615422],[77.0475766,28.6154126],[77.0475816,28.6158638],[77.0476158,28.6160556],[77.0476821,28.6160545],[77.0476729,28.6169656],[77.0476426,28.6169876],[77.0476478,28.617533],[77.0482844,28.6175072],[77.0482891,28.6176379],[77.0485071,28.6176202],[77.0496433,28.6176068],[77.0504735,28.6176053],[77.0511847,28.6175865],[77.051221,28.6175567],[77.0519376,28.6175586],[77.051931,28.6174191],[77.052462,28.6174076],[77.0524627,28.6173776],[77.0531257,28.6173798],[77.0530813,28.6155607],[77.0516049,28.6155904],[77.0507503,28.6155805],[77.0507551,28.6153708],[77.050606,28.6153708],[77.0505926,28.6147174],[77.0516731,28.6147172],[77.0530959,28.6147065],[77.0530712,28.614272],[77.0530411,28.6130833],[77.0543636,28.6130543],[77.0543622,28.612993],[77.0554855,28.6129852],[77.0564063,28.6129694],[77.056398,28.6127131],[77.0566309,28.6126845],[77.0576382,28.6126585],[77.057815,28.6126276],[77.0578185,28.6128157],[77.0588042,28.6127935],[77.0588015,28.6131172],[77.0605961,28.613103],[77.0606143,28.6140286],[77.0606709,28.6141911],[77.0606861,28.6145712],[77.0615816,28.6145639],[77.0626287,28.6145394],[77.0636731,28.6145398],[77.0648165,28.6145261],[77.0675548,28.6144828],[77.0677561,28.6146877],[77.0679467,28.6147707],[77.068264,28.6149732],[77.0685655,28.6151982],[77.068762,28.6150431],[77.0687944,28.6151335],[77.0687973,28.6154087],[77.0688035,28.6166394],[77.0688187,28.6179829],[77.0688177,28.6184059],[77.0671815,28.6184238],[77.0671824,28.6187623],[77.0668182,28.6187664],[77.0668202,28.6188272],[77.0661768,28.6188446],[77.0661419,28.6188932],[77.0657858,28.6189056],[77.0640641,28.6189147],[77.0617595,28.6189509],[77.0609417,28.618021],[77.0606136,28.6176777],[77.0586847,28.6173286],[77.0583634,28.6172925],[77.0579104,28.6172864],[77.0579271,28.6195321],[77.0572601,28.6195324],[77.057001,28.6195052],[77.0569869,28.6189218],[77.0570174,28.6184801],[77.0572128,28.6184789],[77.0571871,28.6176144],[77.0563509,28.6176437],[77.055837,28.617639],[77.0558338,28.6175617],[77.0542236,28.6175838],[77.0535155,28.6176056],[77.0527582,28.6176027],[77.0527555,28.6178322],[77.0528,28.6200486],[77.052777,28.6211619],[77.05189,28.62104],[77.05147,28.62097],[77.0509111,28.6209252],[77.049585,28.6207671],[77.0483346,28.6206288],[77.04765,28.62054],[77.0460282,28.6203502],[77.0458741,28.620319],[77.0447949,28.6201817],[77.044177,28.6201248],[77.0436404,28.6201092],[77.0429112,28.6201202],[77.0420987,28.6201752],[77.0412,28.62025],[77.04072,28.62024],[77.03967,28.62018],[77.03901,28.6201],[77.03737,28.61987],[77.03694,28.6198],[77.0366391,28.6197699],[77.0346712,28.6194916],[77.03374,28.61934],[77.03284,28.61921],[77.03232,28.61912],[77.031411,28.6190143]]]},"properties":{"fill-opacity":0,"stroke-opacity":1,"stroke":"#ff0000","WNo_SEC":115,"AC_No":32,"AC_No_1":32,"AC_Name":"UTTAM NAGAR","Ward_No":115,"WardName":"UTTAM NAGAR","TotalPop":68309,"SC_Pop":3410,"NW2022":"115, UTTAM NAGAR"},"id":2},
{"type":"Feature","geometry":{"type":"Polygon","coordinates":[[[77.0605961,28.613103],[77.0605822,28.6124129],[77.060563,28.6122576],[77.0604565,28.6095412],[77.0615342,28.6095012],[77.0618885,28.6095599],[77.0625488,28.609551],[77.0625423,28.6091497],[77.0625851,28.609003],[77.0625591,28.608633],[77.0632496,28.6080456],[77.0635319,28.6080875],[77.0635902,28.6079055],[77.0638823,28.6079385],[77.063956,28.6077771],[77.0639475,28.6076161],[77.0646163,28.6075843],[77.0646271,28.6070719],[77.0647555,28.6070278],[77.0647898,28.6068053],[77.0649987,28.6067928],[77.0653553,28.606451],[77.0655956,28.6062832],[77.0657978,28.606184],[77.0667171,28.6064167],[77.0671558,28.606554],[77.0672092,28.6063862],[77.067728,28.6066303],[77.0679819,28.6066635],[77.0679771,28.6075309],[77.0679555,28.6079157],[77.0683713,28.6080275],[77.0683566,28.6071218],[77.0683596,28.6067052],[77.0686508,28.6067337],[77.068635,28.6071165],[77.0695601,28.6073581],[77.0703429,28.6075821],[77.0704112,28.6074323],[77.0707455,28.6075627],[77.0707449,28.6074059],[77.0711754,28.607396],[77.0716471,28.607478],[77.072053,28.6075149],[77.0723068,28.6074887],[77.0724019,28.6076318],[77.0736832,28.6078318],[77.0737268,28.6078668],[77.0737299,28.6084302],[77.0733143,28.6084066],[77.0728039,28.6084094],[77.0728241,28.6094241],[77.0728368,28.6106527],[77.073401,28.6106378],[77.0741598,28.610643],[77.0748959,28.6106062],[77.0749188,28.6108069],[77.0753392,28.6108054],[77.0764202,28.6107766],[77.076437,28.6111851],[77.0764751,28.6112576],[77.0765133,28.6123753],[77.0765189,28.613231],[77.0761488,28.6132418],[77.076182,28.6139724],[77.0750689,28.6140185],[77.0750761,28.6142711],[77.0752328,28.6142329],[77.0755262,28.6142284],[77.0755532,28.6153031],[77.0744923,28.615322],[77.0744928,28.6152283],[77.0724355,28.6152713],[77.0715157,28.6152841],[77.0715164,28.6153308],[77.0702797,28.6153755],[77.0687973,28.6154087],[77.0687944,28.6151335],[77.068762,28.6150431],[77.0685655,28.6151982],[77.068264,28.6149732],[77.0679467,28.6147707],[77.0677561,28.6146877],[77.0675548,28.6144828],[77.0648165,28.6145261],[77.0636731,28.6145398],[77.0626287,28.6145394],[77.0615816,28.6145639],[77.0606861,28.6145712],[77.0606709,28.6141911],[77.0606143,28.6140286],[77.0605961,28.613103]]]},"properties":{"fill-opacity":0,"stroke-opacity":1,"stroke":"#ff0000","WNo_SEC":116,"AC_No":32,"AC_No_1":32,"AC_Name":"UTTAM NAGAR","Ward_No":116,"WardName":"BINDA PUR","TotalPop":58750,"SC_Pop":6992,"NW2022":"116, BINDA PUR"},"id":3},
{"type":"Feature","geometry":{"type":"Polygon","coordinates":[[[77.2106193,28.6750204],[77.2103707,28.6750725],[77.2103343,28.6752713],[77.2104551,28.675789],[77.2105382,28.6759913],[77.210923,28.6767964],[77.2111666,28.6771832],[77.21143,28.67739],[77.2117336,28.6774833],[77.2120328,28.6775189],[77.2123703,28.6775105],[77.2129518,28.6774085],[77.2136096,28.6773457],[77.2138752,28.6772506],[77.2139936,28.6778903],[77.2140704,28.6780587],[77.2147561,28.6793585],[77.2149616,28.6798171],[77.2151167,28.6802273],[77.215043,28.6804265],[77.2148951,28.6804833],[77.2150657,28.680661],[77.2149748,28.6809943],[77.2147264,28.6817234],[77.2150261,28.6817835],[77.2153212,28.6819373],[77.2154684,28.6820509],[77.2155712,28.6822233],[77.2158693,28.6828229],[77.2161833,28.6835732],[77.2165096,28.6842403],[77.2165438,28.6844607],[77.2165295,28.6846357],[77.2162048,28.6856436],[77.2160956,28.6858836],[77.2160739,28.686123],[77.2161713,28.6862573],[77.216558,28.6865529],[77.2171469,28.6870377],[77.2180407,28.6878074],[77.2182688,28.6880582],[77.218508,28.688271],[77.2188722,28.6886508],[77.2192378,28.689008],[77.2194366,28.6892868],[77.2196351,28.6896385],[77.2199257,28.6907012],[77.2200307,28.6912037],[77.2203113,28.6916676],[77.2204697,28.691882],[77.2207065,28.6921217],[77.2209535,28.6921996],[77.2208479,28.6924019],[77.22074,28.6924],[77.2205224,28.6927723],[77.219835,28.6933068],[77.2196007,28.6933001],[77.2176179,28.6940058],[77.2157596,28.6947],[77.2136657,28.6954577],[77.2121604,28.6960501],[77.210729,28.6965999],[77.2100068,28.6968106],[77.2090772,28.6971686],[77.2088002,28.696736],[77.2075226,28.6947891],[77.2068247,28.6937777],[77.2064546,28.6932023],[77.2060793,28.6925791],[77.2060338,28.6924581],[77.2059129,28.6923478],[77.2055317,28.6920944],[77.2051451,28.6917275],[77.2027164,28.6895962],[77.2023234,28.6892834],[77.2017352,28.6887538],[77.2026846,28.6876225],[77.2035882,28.6881874],[77.2036401,28.6880877],[77.2038155,28.6879359],[77.204028,28.6878392],[77.2037646,28.6872705],[77.2036884,28.6871368],[77.20351,28.68669],[77.2029628,28.6856453],[77.2034709,28.6854527],[77.2030817,28.6846669],[77.2030337,28.6845157],[77.2058415,28.6829651],[77.2065502,28.6825442],[77.2085588,28.6801165],[77.2080099,28.6782719],[77.20582,28.67781],[77.2052815,28.677722],[77.2048958,28.6776332],[77.2039097,28.6772084],[77.2029149,28.6766861],[77.2025595,28.6764],[77.2021239,28.6757455],[77.2016861,28.6751387],[77.2017641,28.6749523],[77.2018097,28.6742631],[77.2017728,28.6732913],[77.20178,28.67262],[77.20168,28.67244],[77.20129,28.67205],[77.2008582,28.6717588],[77.20062,28.67155],[77.2004728,28.6713175],[77.2017485,28.671314],[77.2019639,28.6712464],[77.2021321,28.6711254],[77.2022682,28.6709397],[77.2026445,28.670121],[77.2028056,28.6698799],[77.2030893,28.6696022],[77.2035069,28.6693737],[77.2037554,28.6692929],[77.2042934,28.6691916],[77.2052141,28.6690389],[77.2056757,28.6689808],[77.2058335,28.6689284],[77.2063915,28.6685492],[77.2070698,28.6680219],[77.2078842,28.6673638],[77.2082715,28.6670857],[77.20848,28.66696],[77.2089731,28.6667575],[77.2093672,28.6677578],[77.2095105,28.6680717],[77.2098259,28.6689776],[77.210004,28.6694495],[77.2100933,28.6698153],[77.2101332,28.6701428],[77.2101736,28.6707315],[77.2102435,28.6710005],[77.2104222,28.6713659],[77.210597,28.6716551],[77.2107168,28.6717932],[77.2109644,28.6720073],[77.2111513,28.6722429],[77.2113646,28.672734],[77.2114706,28.6730432],[77.2116175,28.6736269],[77.2117083,28.6738624],[77.2119916,28.6742596],[77.2120664,28.6743102],[77.2118355,28.6745539],[77.2114238,28.6748874],[77.2106193,28.6750204]]]},"properties":{"fill-opacity":0,"stroke-opacity":1,"stroke":"#ff0000","WNo_SEC":12,"AC_No":3,"AC_No_1":3,"AC_Name":"TIMARPUR","Ward_No":12,"WardName":"MALKA GANJ","TotalPop":68941,"SC_Pop":22081,"NW2022":"12, MALKA GANJ"},"id":4},
{"type":"Feature","geometry":{"type":"Polygon","coordinates":[[[77.2090772,28.6971686],[77.2096012,28.6979886],[77.2105922,28.6993975],[77.2112648,28.70029],[77.2116611,28.7006516],[77.212698,28.7014964],[77.2140706,28.702427],[77.214302,28.7026818],[77.2145048,28.7029879],[77.2151047,28.7040908],[77.2155997,28.7049768],[77.2160296,28.7058687],[77.2163503,28.7063348],[77.2177953,28.7080569],[77.2176749,28.7081337],[77.2177828,28.7082861],[77.2185268,28.7100045],[77.2186573,28.7102615],[77.2185559,28.7103002],[77.2186844,28.7105427],[77.2189645,28.7111575],[77.219016,28.7111343],[77.2199219,28.7132266],[77.221106,28.7157073],[77.2205552,28.7159461],[77.2201581,28.7160085],[77.2201043,28.7158883],[77.2199334,28.7159308],[77.2199833,28.7161047],[77.2193889,28.7159893],[77.2193671,28.7163054],[77.2198135,28.7170953],[77.2193159,28.7173816],[77.2191652,28.7174297],[77.2189109,28.7174083],[77.2185505,28.7172871],[77.2183102,28.7176507],[77.2181249,28.7180566],[77.2178543,28.7185172],[77.2176541,28.7189026],[77.21632,28.71852],[77.2154708,28.7185139],[77.2152684,28.7181196],[77.2151573,28.7176512],[77.2150708,28.7170692],[77.2150185,28.7168334],[77.2151708,28.7164232],[77.2153985,28.7159238],[77.2156493,28.7155837],[77.215743,28.7153909],[77.2135401,28.7150337],[77.2117044,28.7147885],[77.2115073,28.7147826],[77.2109961,28.7148734],[77.2090133,28.7152614],[77.2083114,28.7153724],[77.207901,28.7154076],[77.2069178,28.7155224],[77.2065095,28.7155132],[77.2060247,28.7154591],[77.2047523,28.7153414],[77.2040233,28.715289],[77.2041858,28.7136736],[77.2037778,28.713665],[77.2006839,28.7137064],[77.2001322,28.707266],[77.1998425,28.70751],[77.1987514,28.7082806],[77.1985976,28.7083195],[77.1955395,28.7094592],[77.1954774,28.707964],[77.195366,28.7063633],[77.195239,28.7037015],[77.19521,28.70232],[77.1996299,28.7006692],[77.20469,28.69881],[77.2042059,28.6959557],[77.2040632,28.694903],[77.2035338,28.6950636],[77.20279,28.69533],[77.2025227,28.6948911],[77.2017198,28.6933269],[77.2014343,28.6930295],[77.2011132,28.692857],[77.2010054,28.6925823],[77.200996,28.6923264],[77.2010491,28.6919693],[77.2010996,28.6918551],[77.2013271,28.6911218],[77.2010352,28.6910583],[77.2008379,28.6910998],[77.2006226,28.6910155],[77.1998153,28.6905867],[77.1990454,28.689997],[77.198471,28.6895023],[77.1987511,28.6891375],[77.1984732,28.6888784],[77.1986853,28.688686],[77.1981507,28.688235],[77.1984601,28.6879602],[77.1987876,28.6876176],[77.1987966,28.6874872],[77.1989582,28.6872961],[77.1991299,28.6872688],[77.1993603,28.6870543],[77.1995759,28.6868544],[77.1998768,28.6871274],[77.2011651,28.6882686],[77.2017352,28.6887538],[77.2023234,28.6892834],[77.2027164,28.6895962],[77.2051451,28.6917275],[77.2055317,28.6920944],[77.2059129,28.6923478],[77.2060338,28.6924581],[77.2060793,28.6925791],[77.2064546,28.6932023],[77.2068247,28.6937777],[77.2075226,28.6947891],[77.2088002,28.696736],[77.2090772,28.6971686]]]},"properties":{"fill-opacity":0,"stroke-opacity":1,"stroke":"#ff0000","WNo_SEC":13,"AC_No":3,"AC_No_1":3,"AC_Name":"TIMARPUR","Ward_No":13,"WardName":"MUKHERJEE NAGAR","TotalPop":79914,"SC_Pop":7337,"NW2022":"13, MUKHERJEE NAGAR"},"id":5},
{"type":"Feature","geometry":{"type":"Polygon","coordinates":[[[77.0763672,28.5661882],[77.0772877,28.5672665],[77.0777073,28.5677814],[77.0777787,28.5678465],[77.0788021,28.5690556],[77.0797749,28.5701542],[77.0800276,28.5704545],[77.0796175,28.5707085],[77.0788063,28.5711882],[77.0782046,28.5715553],[77.0775265,28.5719422],[77.0760179,28.5728733],[77.0761979,28.5735829],[77.0762523,28.5739313],[77.0762673,28.5743275],[77.0763109,28.5747552],[77.0764114,28.5752192],[77.0769347,28.5773309],[77.0772802,28.5787818],[77.0773162,28.578821],[77.0747587,28.578946],[77.0742951,28.5790934],[77.0737791,28.579334],[77.0727239,28.5800007],[77.0718335,28.5806291],[77.0697574,28.5819948],[77.0681155,28.5830942],[77.0666502,28.5840595],[77.0665841,28.5841381],[77.0665612,28.5843504],[77.0665273,28.5853834],[77.0665003,28.5855569],[77.0663377,28.5857146],[77.0654998,28.5862819],[77.0643045,28.5848929],[77.0633162,28.5837334],[77.0619628,28.5821567],[77.0592928,28.5790065],[77.0582593,28.5778145],[77.0577392,28.5771727],[77.0604724,28.5753904],[77.0607588,28.5751821],[77.0619443,28.5743677],[77.0630079,28.5736665],[77.0645844,28.5725685],[77.065538,28.5719663],[77.0661716,28.571519],[77.0667312,28.5712069],[77.0670223,28.5703449],[77.067152,28.5696354],[77.0671978,28.5690441],[77.067194,28.5682125],[77.0671368,28.5673389],[77.0671139,28.566103],[77.0668964,28.5646839],[77.0666607,28.5638883],[77.0664447,28.5630765],[77.0662648,28.5625952],[77.0659425,28.561865],[77.0656897,28.5613319],[77.0653323,28.56073],[77.0647259,28.5598431],[77.0639907,28.5588714],[77.0639291,28.558776],[77.0630927,28.5592627],[77.0591449,28.5547125],[77.0582061,28.5535932],[77.0542664,28.5562251],[77.0534504,28.5567779],[77.0527258,28.5572832],[77.0515264,28.5600515],[77.0499668,28.5581328],[77.047289,28.5591856],[77.0472521,28.5583036],[77.047195,28.5580578],[77.0468729,28.5570881],[77.0462437,28.557478],[77.0452099,28.5581036],[77.0439129,28.5587864],[77.0431881,28.5591221],[77.041612,28.5597328],[77.0402715,28.5601992],[77.0390502,28.5605257],[77.0391333,28.5611032],[77.0393324,28.5627773],[77.039501,28.5640522],[77.0398309,28.5666493],[77.0374172,28.5668468],[77.0339418,28.5671771],[77.0336269,28.5671926],[77.0292269,28.5676991],[77.0283833,28.5662975],[77.0273533,28.565115],[77.0258274,28.5632496],[77.0249424,28.5618229],[77.024304,28.5604161],[77.0237141,28.5591183],[77.022337,28.5569057],[77.0222317,28.5567773],[77.0219011,28.5562878],[77.0206745,28.5548583],[77.019912,28.5542395],[77.0177839,28.5526763],[77.0164113,28.5515985],[77.0156613,28.5508361],[77.0145702,28.5490894],[77.0137844,28.5476131],[77.0129452,28.5463352],[77.0119648,28.5454502],[77.010806,28.5447602],[77.0095043,28.5440731],[77.0087602,28.5435054],[77.0083248,28.542939],[77.0081142,28.5424485],[77.0074602,28.5410694],[77.0075999,28.5408939],[77.0077583,28.5408661],[77.0083077,28.5406744],[77.0087527,28.5403796],[77.0091189,28.5400968],[77.0096663,28.5397777],[77.0100948,28.5402712],[77.0113349,28.5400732],[77.0121272,28.5400324],[77.0122657,28.5400365],[77.012503,28.5401517],[77.0127291,28.5403076],[77.0134418,28.5405838],[77.0135176,28.5405716],[77.0138609,28.5401873],[77.0144311,28.5398687],[77.0147122,28.5397533],[77.0151247,28.53965],[77.0162813,28.5391841],[77.0169063,28.5389621],[77.0170056,28.5388715],[77.0171986,28.5384537],[77.017351,28.5380746],[77.0175442,28.5375147],[77.0176155,28.5374464],[77.0178789,28.5373837],[77.0180766,28.5372931],[77.0191704,28.5365878],[77.019845,28.5361929],[77.0208947,28.5355936],[77.0221144,28.5347341],[77.0222127,28.5346225],[77.0223586,28.5345446],[77.0226129,28.5342846],[77.0234877,28.5334811],[77.024183,28.5329811],[77.0246372,28.5328421],[77.024892,28.5327128],[77.0261077,28.532437],[77.0270525,28.5322466],[77.0277177,28.5320976],[77.0282532,28.5319913],[77.0288389,28.5318977],[77.0298298,28.5317168],[77.0303975,28.5315775],[77.0305615,28.5315553],[77.031805,28.53118],[77.0322541,28.5311046],[77.0324547,28.531033],[77.0335226,28.5304133],[77.0345019,28.5298803],[77.0355426,28.529295],[77.0365838,28.5287301],[77.0371877,28.5283887],[77.0378831,28.5280155],[77.0383613,28.5277268],[77.0391097,28.5273087],[77.0400026,28.5268274],[77.0405343,28.5265244],[77.0410172,28.5262798],[77.0419588,28.5257574],[77.046693,28.5314436],[77.0464545,28.5314675],[77.0461032,28.5314643],[77.0461638,28.5336894],[77.0455193,28.5336908],[77.0454598,28.5338143],[77.0455773,28.5352148],[77.0462192,28.5350473],[77.0462666,28.5350014],[77.0473695,28.5347082],[77.0480661,28.5344937],[77.0485808,28.5342939],[77.048603,28.5342674],[77.0490772,28.5340781],[77.0496495,28.5347285],[77.0505933,28.5358579],[77.0530058,28.5386935],[77.0547154,28.5406922],[77.0593624,28.5460949],[77.0598011,28.5466557],[77.0608425,28.5478306],[77.0615673,28.5486851],[77.0623684,28.5496044],[77.0629902,28.5503597],[77.0635929,28.5510769],[77.0646496,28.5523777],[77.065649,28.553503],[77.0663509,28.5544071],[77.0666576,28.5547687],[77.0670142,28.5545308],[77.0683426,28.5540728],[77.0685788,28.5540327],[77.0698486,28.5538762],[77.070799,28.5537466],[77.0721421,28.5534871],[77.0734765,28.5532226],[77.0748084,28.5529415],[77.0755174,28.5528168],[77.0757668,28.5528757],[77.0759552,28.5529763],[77.0761168,28.5531622],[77.076305,28.5535341],[77.0766582,28.5543232],[77.077383,28.5567265],[77.0774212,28.5569668],[77.0773716,28.5571613],[77.0772152,28.5574245],[77.0769711,28.5576077],[77.0762081,28.5579243],[77.0760937,28.5578823],[77.0756779,28.5580463],[77.0747738,28.558363],[77.0732098,28.5588551],[77.0721831,28.5591604],[77.0714703,28.5594158],[77.0713444,28.5595264],[77.07131,28.5598736],[77.0710964,28.5599918],[77.0725727,28.5617237],[77.0730381,28.5622463],[77.0750866,28.5646458],[77.0763672,28.5661882]]]},"properties":{"fill-opacity":0,"stroke-opacity":1,"stroke":"#ff0000","WNo_SEC":130,"AC_No":36,"AC_No_1":36,"AC_Name":"BIJWASAN","Ward_No":130,"WardName":"DWARKA-C","TotalPop":45075,"SC_Pop":5926,"NW2022":"130, DWARKA-C"},"id":6},
{"type":"Feature","geometry":{"type":"Polygon","coordinates":[[[77.0720075,28.520103],[77.072191,28.5200483],[77.0722888,28.5202643],[77.0730415,28.5197426],[77.0736334,28.519363],[77.0747499,28.518778],[77.0749718,28.5187025],[77.0757585,28.5186513],[77.0760182,28.518617],[77.0765238,28.5185827],[77.0771993,28.5185192],[77.0779393,28.5184238],[77.0787088,28.5182969],[77.079318,28.5181783],[77.0795787,28.5181456],[77.08041,28.5180057],[77.0808982,28.5178368],[77.0817329,28.5174946],[77.0830746,28.5169991],[77.0832705,28.5169063],[77.083647,28.516777],[77.0843695,28.5166269],[77.0855926,28.5162858],[77.0860532,28.5161385],[77.0871599,28.5157126],[77.0878582,28.5154894],[77.0891948,28.5151418],[77.0909502,28.5146564],[77.0915091,28.5144854],[77.0925357,28.5143317],[77.0929533,28.5142466],[77.0932104,28.5141581],[77.0934052,28.5144656],[77.0961146,28.518642],[77.0970249,28.5200138],[77.0975556,28.5207401],[77.0982298,28.521744],[77.0976046,28.5220572],[77.0973171,28.5222478],[77.095879,28.5233567],[77.0952844,28.5238227],[77.0942861,28.5246393],[77.0928563,28.5258317],[77.0921137,28.5264001],[77.0915012,28.5268504],[77.0907282,28.5273826],[77.0902497,28.5276868],[77.0899205,28.5278791],[77.0895603,28.5281259],[77.0891605,28.5285047],[77.0888908,28.5287209],[77.0885101,28.5289936],[77.0881749,28.5291999],[77.0876885,28.5295543],[77.0873596,28.5298184],[77.0872281,28.5298016],[77.0870068,28.5299756],[77.086132,28.5308057],[77.0852186,28.5315223],[77.0850556,28.5316036],[77.0847187,28.5317135],[77.0843105,28.5317707],[77.0839024,28.5317783],[77.0837116,28.5317593],[77.083334,28.5317783],[77.0826015,28.5317707],[77.0819645,28.5316868],[77.0814724,28.5316029],[77.0807858,28.5313816],[77.0804348,28.5312519],[77.0799541,28.531004],[77.0794229,28.5306147],[77.0790503,28.5302497],[77.0784809,28.5295702],[77.0781969,28.5292672],[77.0773063,28.5283708],[77.076907,28.527943],[77.0767163,28.5277662],[77.076565,28.5276756],[77.0767164,28.5274987],[77.0757313,28.5263653],[77.0747776,28.525156],[77.074419,28.5246143],[77.0740185,28.5239086],[77.073885,28.5235996],[77.0739002,28.5233936],[77.0737896,28.5233707],[77.0736103,28.523241],[77.0735035,28.522871],[77.0735035,28.5227642],[77.0734158,28.522646],[77.0730915,28.5221081],[77.0727901,28.5215702],[77.0725079,28.5211048],[77.0719547,28.520155],[77.0720075,28.520103]]]},"properties":{"fill-opacity":0,"stroke-opacity":1,"stroke":"#ff0000","WNo_SEC":132,"AC_No":36,"AC_No_1":36,"AC_Name":"BIJWASAN","Ward_No":132,"WardName":"KAPASHERA","TotalPop":74073,"SC_Pop":6503,"NW2022":"132, KAPASHERA"},"id":7},
{"type":"Feature","geometry":{"type":"Polygon","coordinates":[[[77.0800276,28.5704545],[77.0805988,28.5711613],[77.0807323,28.571291],[77.086874,28.5784702],[77.0869419,28.5785422],[77.0878654,28.579655],[77.0888213,28.5807817],[77.0894954,28.581539],[77.0900058,28.5820922],[77.0889896,28.5825752],[77.087996,28.5830274],[77.0870694,28.5836737],[77.0862583,28.5841727],[77.0844868,28.585103],[77.0838027,28.5855803],[77.0833538,28.585786],[77.0818897,28.586391],[77.0811175,28.586479],[77.0805465,28.5865686],[77.0795769,28.5865681],[77.0789198,28.5866118],[77.0780274,28.5868527],[77.0778891,28.5865519],[77.0778294,28.5846021],[77.0778179,28.5823231],[77.0777912,28.5821629],[77.0777798,28.5816593],[77.077734,28.5804691],[77.0777035,28.5803967],[77.0773162,28.578821],[77.0772802,28.5787818],[77.0769347,28.5773309],[77.0764114,28.5752192],[77.0763109,28.5747552],[77.0762673,28.5743275],[77.0762523,28.5739313],[77.0761979,28.5735829],[77.0760179,28.5728733],[77.0775265,28.5719422],[77.0782046,28.5715553],[77.0788063,28.5711882],[77.0796175,28.5707085],[77.0800276,28.5704545]]]},"properties":{"fill-opacity":0,"stroke-opacity":1,"stroke":"#ff0000","WNo_SEC":134,"AC_No":36,"AC_No_1":36,"AC_Name":"BIJWASAN","Ward_No":134,"WardName":"RAJ NAGAR","TotalPop":66635,"SC_Pop":10170,"NW2022":"134, RAJ NAGAR"},"id":8},
{"type":"Feature","geometry":{"type":"Polygon","coordinates":[[[77.0773162,28.578821],[77.0777035,28.5803967],[77.077734,28.5804691],[77.0777798,28.5816593],[77.0777912,28.5821629],[77.0778179,28.5823231],[77.0778294,28.5846021],[77.0778891,28.5865519],[77.0780274,28.5868527],[77.0789198,28.5866118],[77.0795769,28.5865681],[77.0805465,28.5865686],[77.0811175,28.586479],[77.0818897,28.586391],[77.0833538,28.585786],[77.0838027,28.5855803],[77.0844868,28.585103],[77.0862583,28.5841727],[77.0870694,28.5836737],[77.087996,28.5830274],[77.0889896,28.5825752],[77.0900058,28.5820922],[77.0902111,28.58231],[77.0908483,28.5830258],[77.0915182,28.5838442],[77.0907862,28.5843544],[77.0898427,28.5849758],[77.0886674,28.5857177],[77.0880342,28.5861275],[77.0870916,28.5867897],[77.0867795,28.5869549],[77.0868228,28.5871633],[77.0867971,28.5869919],[77.0867302,28.5869678],[77.0848101,28.5874801],[77.0847766,28.5882302],[77.0847761,28.589289],[77.0856739,28.5891545],[77.0863336,28.589074],[77.0863594,28.5900008],[77.0856037,28.5900902],[77.0848045,28.5902471],[77.0840266,28.5903388],[77.083502,28.5903818],[77.0826979,28.5904244],[77.0826957,28.5905664],[77.0833918,28.5907635],[77.0838682,28.591051],[77.0852003,28.5918725],[77.0855537,28.5921999],[77.0852176,28.5924165],[77.0848261,28.5921077],[77.0835569,28.5921482],[77.0835505,28.5918773],[77.0825678,28.5919005],[77.082613,28.5917492],[77.0826511,28.5913105],[77.0826472,28.5906067],[77.0825055,28.5904366],[77.081556,28.5904917],[77.0813617,28.5913767],[77.081356,28.5914721],[77.0811749,28.5923623],[77.0810666,28.5926299],[77.0809882,28.5926484],[77.0809952,28.5924931],[77.0785732,28.5931263],[77.0783062,28.5932026],[77.0774937,28.5933971],[77.0753918,28.5939503],[77.0725976,28.5945325],[77.0719653,28.5947522],[77.0718479,28.5948654],[77.0718402,28.5948145],[77.0715072,28.5938541],[77.0710606,28.5930158],[77.0706254,28.5923384],[77.0703837,28.5920126],[77.0696443,28.5911358],[77.0683361,28.5896016],[77.0670158,28.5880639],[77.0654998,28.5862819],[77.0663377,28.5857146],[77.0665003,28.5855569],[77.0665273,28.5853834],[77.0665612,28.5843504],[77.0665841,28.5841381],[77.0666502,28.5840595],[77.0681155,28.5830942],[77.0697574,28.5819948],[77.0718335,28.5806291],[77.0727239,28.5800007],[77.0737791,28.579334],[77.0742951,28.5790934],[77.0747587,28.578946],[77.0773162,28.578821]]]},"properties":{"fill-opacity":0,"stroke-opacity":1,"stroke":"#ff0000","WNo_SEC":135,"AC_No":37,"AC_No_1":37,"AC_Name":"PALAM","Ward_No":135,"WardName":"PALAM","TotalPop":54900,"SC_Pop":5637,"NW2022":"135, PALAM"},"id":9},
{"type":"Feature","geometry":{"type":"Polygon","coordinates":[[[77.0554855,28.6129852],[77.0554498,28.6113158],[77.0554037,28.6095308],[77.055406,28.6092101],[77.0554529,28.6089275],[77.0554463,28.6076776],[77.0556125,28.6076771],[77.0556201,28.607385],[77.0549899,28.6073979],[77.0549536,28.6070125],[77.0549525,28.6058116],[77.0549227,28.6050124],[77.0548882,28.6049118],[77.0547235,28.6047469],[77.0533009,28.605848],[77.0532403,28.605904],[77.0531046,28.6055269],[77.0527943,28.6048136],[77.0531761,28.6047004],[77.0539486,28.6044147],[77.0546019,28.604113],[77.0548188,28.6039971],[77.055763,28.6034467],[77.0607013,28.6001164],[77.06098645482912,28.599933628937592],[77.0611497,28.6001741],[77.0613055,28.6004643],[77.0613906,28.6009769],[77.0614474,28.6015492],[77.0616039,28.6015494],[77.0616261,28.6017688],[77.0623793,28.6017567],[77.0623735,28.6014435],[77.0635122,28.601436],[77.0635035,28.600433],[77.0635105,28.6000194],[77.0629172,28.5998923],[77.0625237,28.5997635],[77.0621161,28.5995786],[77.0618147,28.5994129],[77.0619221,28.5993519],[77.06353676421624,28.59829435730364],[77.0651951,28.5971508],[77.0668335,28.5965755],[77.0678316,28.5962138],[77.0691549,28.5957458],[77.0702444,28.5953671],[77.0716785,28.5948509],[77.0718402,28.5948145],[77.0718479,28.5948654],[77.0721043,28.5964197],[77.0721166,28.5965776],[77.0721028,28.5971618],[77.0720694,28.5976456],[77.0719999,28.5981849],[77.0719404,28.5985241],[77.0717567,28.5993245],[77.0716115,28.5997444],[77.0711929,28.6007026],[77.0708796,28.6013829],[77.0703257,28.6026221],[77.0701239,28.6030969],[77.0691022,28.6026524],[77.0687115,28.6024389],[77.0675929,28.6014491],[77.0666608,28.6008812],[77.0662699,28.6006666],[77.0658505,28.6012046],[77.0662198,28.6014428],[77.0662386,28.6025466],[77.0655083,28.6025615],[77.065493,28.6028123],[77.0655301,28.6048067],[77.065502,28.6048529],[77.0642302,28.6048666],[77.063569,28.6048618],[77.0635986,28.6056044],[77.0635965,28.6065482],[77.0636267,28.6077809],[77.0635902,28.6079055],[77.0635319,28.6080875],[77.0632496,28.6080456],[77.0625591,28.608633],[77.0625851,28.609003],[77.0625423,28.6091497],[77.0625488,28.609551],[77.0618885,28.6095599],[77.0615342,28.6095012],[77.0604565,28.6095412],[77.060563,28.6122576],[77.0605822,28.6124129],[77.0605961,28.613103],[77.0588015,28.6131172],[77.0588042,28.6127935],[77.0578185,28.6128157],[77.057815,28.6126276],[77.0576382,28.6126585],[77.0566309,28.6126845],[77.056398,28.6127131],[77.0564063,28.6129694],[77.0554855,28.6129852]]]},"properties":{"fill-opacity":0,"stroke-opacity":1,"stroke":"#ff0000","WNo_SEC":136,"AC_No":37,"AC_No_1":37,"AC_Name":"PALAM","Ward_No":136,"WardName":"MADHU VIHAR","TotalPop":67394,"SC_Pop":6236,"NW2022":"136, MADHU VIHAR"},"id":10},
{"type":"Feature","geometry":{"type":"Polygon","coordinates":[[[77.0915182,28.5838442],[77.0928882,28.5854272],[77.0936454,28.5863639],[77.0945275,28.5873322],[77.0956197,28.5885978],[77.0958729,28.5889683],[77.0963694,28.5895652],[77.09731,28.59066],[77.0983951,28.5919605],[77.0990658,28.5927334],[77.1011982,28.5952244],[77.1026439,28.596899],[77.102644,28.5969249],[77.1026332,28.596912],[77.1019326,28.5974164],[77.1011959,28.5978568],[77.1010069,28.5979945],[77.1008015,28.5975399],[77.1004963,28.5970287],[77.1002369,28.5967579],[77.1000843,28.596632],[77.0994761,28.5961996],[77.0989198,28.5968589],[77.0986015,28.5971532],[77.0984483,28.5972523],[77.0982292,28.5974504],[77.0979229,28.5976847],[77.0974975,28.5980445],[77.0973233,28.5979122],[77.097681,28.5976237],[77.0972582,28.597223],[77.0969095,28.5974919],[77.0964626,28.5977841],[77.0961552,28.5979519],[77.0955524,28.59725],[77.094822,28.5963712],[77.0951992,28.5961366],[77.0949953,28.5958555],[77.0944805,28.5952282],[77.0940367,28.5954021],[77.0934476,28.5956825],[77.0930684,28.5958295],[77.0931112,28.5960795],[77.0926632,28.5962282],[77.0924993,28.5958331],[77.091948,28.5960481],[77.091355,28.5962322],[77.0912137,28.5962512],[77.0911028,28.5961319],[77.0905552,28.5951557],[77.0904408,28.5949078],[77.089961,28.5950877],[77.08965,28.5944381],[77.0893801,28.5938426],[77.088877,28.5928025],[77.0892086,28.5926647],[77.0889225,28.5920773],[77.0888263,28.5915675],[77.088834,28.5913264],[77.0889323,28.5906756],[77.0889278,28.5896806],[77.0888847,28.5890734],[77.0888548,28.5881122],[77.0875209,28.5881515],[77.0875323,28.5876955],[77.0875216,28.5871536],[77.0868305,28.5871873],[77.0868228,28.5871633],[77.0867795,28.5869549],[77.0870916,28.5867897],[77.0880342,28.5861275],[77.0886674,28.5857177],[77.0898427,28.5849758],[77.0907862,28.5843544],[77.0915182,28.5838442]]]},"properties":{"fill-opacity":0,"stroke-opacity":1,"stroke":"#ff0000","WNo_SEC":138,"AC_No":37,"AC_No_1":37,"AC_Name":"PALAM","Ward_No":138,"WardName":"SADH NAGAR","TotalPop":56487,"SC_Pop":5826,"NW2022":"138, SADH NAGAR"},"id":11},
{"type":"Feature","geometry":{"type":"Polygon","coordinates":[[[77.144355,28.6238596],[77.1443237,28.6243194],[77.1442718,28.624665],[77.144083,28.6253842],[77.1437481,28.6267156],[77.142956,28.6299426],[77.142205,28.6330199],[77.1420624,28.6334905],[77.1418377,28.6344287],[77.1416847,28.6351859],[77.1415606,28.635668],[77.1413147,28.636362],[77.14161,28.63676],[77.14468,28.64061],[77.145346,28.6415003],[77.1456403,28.6418527],[77.1457048,28.6418704],[77.1468269,28.6432875],[77.1472898,28.6438818],[77.1482933,28.6451428],[77.1487145,28.6456442],[77.1486586,28.6456781],[77.1491813,28.6463493],[77.1497782,28.6470742],[77.1502895,28.6477366],[77.1508467,28.6484355],[77.1510875,28.6487058],[77.1513237,28.6489016],[77.1518078,28.6492126],[77.1518255,28.6492793],[77.1520604,28.649413],[77.152855,28.649815],[77.15335,28.65],[77.15366,28.65014],[77.15397,28.65031],[77.15519,28.65095],[77.15568,28.65125],[77.15619,28.65164],[77.1570583,28.6522415],[77.1560548,28.6528231],[77.154895,28.6535174],[77.1523518,28.6550872],[77.15182,28.65449],[77.15027,28.65267],[77.14964,28.65191],[77.14882,28.65101],[77.14805,28.65011],[77.14717,28.64906],[77.14623,28.64797],[77.1456,28.64725],[77.1444008,28.6458396],[77.1429982,28.6441939],[77.1422113,28.6433787],[77.1412252,28.6421704],[77.1407543,28.6415223],[77.1403669,28.641041],[77.1401651,28.6408339],[77.1394759,28.6399983],[77.1385844,28.6389638],[77.1376155,28.6378272],[77.1367542,28.6368328],[77.1339766,28.6335809],[77.1322768,28.6315463],[77.13263,28.63065],[77.13307,28.62949],[77.13404,28.62696],[77.13426,28.62642],[77.13472,28.62518],[77.1354025,28.6234502],[77.1353569,28.6234124],[77.1359975,28.6217715],[77.1362325,28.6211483],[77.1363964,28.6206265],[77.1364354,28.6203466],[77.1363958,28.6200328],[77.1364738,28.6200206],[77.13641,28.61926],[77.13639,28.61832],[77.13641,28.6174],[77.1364301,28.6171295],[77.13732,28.61717],[77.13782,28.61734],[77.13805,28.61759],[77.13839,28.61777],[77.13852,28.61768],[77.13875,28.61698],[77.13883,28.61688],[77.13905,28.61678],[77.13916,28.61679],[77.1398264,28.6175457],[77.1403699,28.6174374],[77.1404024,28.6175745],[77.1410328,28.6175051],[77.1412647,28.618066],[77.1414318,28.6183767],[77.1417429,28.6188528],[77.141999,28.6191802],[77.1429991,28.6203636],[77.14347,28.6209792],[77.1437706,28.6214445],[77.1439966,28.6219],[77.1442143,28.6225525],[77.1442967,28.6229501],[77.1443516,28.6233725],[77.144355,28.6238596]]]},"properties":{"fill-opacity":0,"stroke-opacity":1,"stroke":"#ff0000","WNo_SEC":139,"AC_No":39,"AC_No_1":39,"AC_Name":"RAJINDER NAGAR","Ward_No":139,"WardName":"NARAINA","TotalPop":80240,"SC_Pop":15689,"NW2022":"139, NARAINA"},"id":12},
{"type":"Feature","geometry":{"type":"Polygon","coordinates":[[[77.144355,28.6238596],[77.14487,28.62415],[77.1453,28.62455],[77.14568,28.62483],[77.1457589,28.624815],[77.1466092,28.6244078],[77.1463888,28.6240853],[77.14679,28.62384],[77.1472079,28.6236281],[77.14785,28.62328],[77.14892,28.62264],[77.15096,28.62493],[77.15207,28.62473],[77.15329,28.62454],[77.1535746,28.6242146],[77.1547226,28.6250353],[77.1554412,28.6242739],[77.1556812,28.6240652],[77.1558877,28.6239848],[77.156444,28.6239094],[77.1569453,28.623795],[77.1573985,28.6235403],[77.1578233,28.6232302],[77.1580913,28.6230636],[77.1583969,28.622963],[77.1586313,28.6229247],[77.1593878,28.622902],[77.1597423,28.6229868],[77.1599647,28.623095],[77.1604029,28.6234366],[77.1611438,28.6242709],[77.1619348,28.6251799],[77.1637581,28.6272901],[77.16412,28.6276236],[77.1649599,28.6283226],[77.1654158,28.6287125],[77.165879,28.6291301],[77.1663254,28.6295001],[77.1666088,28.629755],[77.16688,28.6299622],[77.1672419,28.63018],[77.1675474,28.6303008],[77.1681069,28.6304495],[77.1691914,28.6307215],[77.1694907,28.6307546],[77.1700581,28.6307415],[77.1703806,28.6308022],[77.1705517,28.6308753],[77.1710382,28.6312178],[77.1715324,28.6316486],[77.1721406,28.6321619],[77.1731417,28.6330236],[77.1735156,28.6333657],[77.1737437,28.6335523],[77.1738819,28.6337539],[77.1740535,28.6340815],[77.1742612,28.6349115],[77.1744603,28.6364975],[77.174604,28.6378219],[77.1746434,28.6384306],[77.1745429,28.638977],[77.1743724,28.6394476],[77.1744267,28.6394593],[77.1743156,28.6397372],[77.1742731,28.6399576],[77.1742838,28.6402368],[77.174325,28.6404182],[77.174445,28.6407409],[77.1746891,28.6413103],[77.1748742,28.6416394],[77.1748762,28.6417707],[77.1747646,28.6419542],[77.1744677,28.6419807],[77.1741898,28.6420566],[77.1741528,28.6419953],[77.1739582,28.641659],[77.1738457,28.6414072],[77.1735584,28.6408751],[77.1727457,28.6413238],[77.1709818,28.6423794],[77.1698969,28.6430443],[77.169269,28.6433282],[77.1666798,28.6444786],[77.165674,28.6434714],[77.1654297,28.6433791],[77.1653038,28.6431789],[77.1640058,28.6435106],[77.1611641,28.6441703],[77.1601414,28.6444544],[77.1598496,28.6446397],[77.1593513,28.6450136],[77.1582534,28.6459182],[77.1568882,28.6470137],[77.1557786,28.6478897],[77.1540078,28.6493311],[77.1536043,28.6496524],[77.15335,28.65],[77.152855,28.649815],[77.1520604,28.649413],[77.1518255,28.6492793],[77.1518078,28.6492126],[77.1513237,28.6489016],[77.1510875,28.6487058],[77.1508467,28.6484355],[77.1502895,28.6477366],[77.1497782,28.6470742],[77.1491813,28.6463493],[77.1486586,28.6456781],[77.1487145,28.6456442],[77.1482933,28.6451428],[77.1472898,28.6438818],[77.1468269,28.6432875],[77.1457048,28.6418704],[77.1456403,28.6418527],[77.145346,28.6415003],[77.14468,28.64061],[77.14161,28.63676],[77.1413147,28.636362],[77.1415606,28.635668],[77.1416847,28.6351859],[77.1418377,28.6344287],[77.1420624,28.6334905],[77.142205,28.6330199],[77.142956,28.6299426],[77.1437481,28.6267156],[77.144083,28.6253842],[77.1442718,28.624665],[77.1443237,28.6243194],[77.144355,28.6238596]]]},"properties":{"fill-opacity":0,"stroke-opacity":1,"stroke":"#ff0000","WNo_SEC":140,"AC_No":39,"AC_No_1":39,"AC_Name":"RAJINDER NAGAR","Ward_No":140,"WardName":"INDER PURI","TotalPop":59603,"SC_Pop":17847,"NW2022":"140, INDER PURI"},"id":13},
{"type":"Feature","geometry":{"type":"Polygon","coordinates":[[[77.1535746,28.6242146],[77.1545911,28.623086],[77.1554104,28.6222649],[77.1570076,28.6208877],[77.1562712,28.6201266],[77.15758,28.61897],[77.16068,28.61693],[77.16255,28.61559],[77.16301,28.61383],[77.16381,28.61122],[77.1639167,28.6084964],[77.1639376,28.6070417],[77.164,28.60621],[77.1638,28.60418],[77.1644,28.60353],[77.1649296,28.6037692],[77.1652732,28.6038842],[77.1659847,28.6040557],[77.166288,28.6040706],[77.1670494,28.6039717],[77.1672753,28.6039242],[77.1680458,28.6036993],[77.1687689,28.6035071],[77.1689356,28.6034236],[77.1693233,28.6031402],[77.1697075,28.6037992],[77.1701197,28.6046],[77.1706674,28.6055734],[77.170965,28.606177],[77.1710982,28.6065523],[77.1712603,28.6071882],[77.1713624,28.6074964],[77.1714944,28.6078097],[77.1717686,28.6082128],[77.1723745,28.6089091],[77.1742375,28.6110256],[77.1744468,28.6112682],[77.1746575,28.6115803],[77.174782,28.6118412],[77.1748356,28.6121708],[77.1748322,28.61283],[77.1747727,28.6137642],[77.1748041,28.6142576],[77.1748665,28.6144932],[77.1749762,28.6147599],[77.1756055,28.6158671],[77.175881,28.6163265],[77.1761223,28.6167808],[77.1763058,28.6173206],[77.1763554,28.6176596],[77.1764343,28.6189071],[77.1764576,28.6191077],[77.1765944,28.6195486],[77.1767612,28.6198347],[77.1776714,28.6209092],[77.1785974,28.6219693],[77.179027,28.622432],[77.17922,28.6226184],[77.1796598,28.6229565],[77.1800861,28.6232298],[77.1807934,28.6237369],[77.1812198,28.6240162],[77.182987,28.6252254],[77.1842722,28.6261185],[77.1847826,28.6266581],[77.1857814,28.6278524],[77.1865547,28.6287387],[77.1869085,28.6291663],[77.1873451,28.6298647],[77.1878624,28.6307373],[77.1883035,28.6314535],[77.188575,28.6320185],[77.189301,28.6337525],[77.1893453,28.6338699],[77.1893056,28.6340055],[77.1894085,28.6341565],[77.1896468,28.6341653],[77.18984,28.63428],[77.19029,28.6348],[77.19055,28.63506],[77.1906875,28.6352525],[77.1918209,28.6365287],[77.193701,28.6386688],[77.1938488,28.6389081],[77.1943924,28.6399686],[77.1944711,28.6400883],[77.1963742,28.6426468],[77.1966112,28.6429999],[77.1967205,28.6432282],[77.1969582,28.64393],[77.197179,28.6447189],[77.1972956,28.6455198],[77.1968807,28.6457342],[77.1964191,28.6460099],[77.1953618,28.6466779],[77.1944391,28.6472473],[77.192929,28.6482216],[77.1923478,28.6485514],[77.1913119,28.6491241],[77.1908839,28.6493494],[77.1888096,28.6504882],[77.1883494,28.6498831],[77.1880662,28.6494905],[77.1875892,28.64879],[77.1870011,28.6479974],[77.1853654,28.6488921],[77.1847742,28.6492238],[77.1834281,28.6499237],[77.1830579,28.6494095],[77.1829376,28.649193],[77.1828188,28.6488791],[77.1826291,28.6485973],[77.18212,28.64789],[77.1816231,28.6472337],[77.1813944,28.646858],[77.1813391,28.6466496],[77.1810926,28.645258],[77.181004,28.6447056],[77.1809051,28.6437833],[77.1808711,28.6433827],[77.1808591,28.6428205],[77.1801173,28.6426962],[77.1794413,28.6426065],[77.1785256,28.6424681],[77.1767222,28.6421682],[77.1751518,28.6419453],[77.1747646,28.6419542],[77.1748762,28.6417707],[77.1748742,28.6416394],[77.1746891,28.6413103],[77.174445,28.6407409],[77.174325,28.6404182],[77.1742838,28.6402368],[77.1742731,28.6399576],[77.1743156,28.6397372],[77.1744267,28.6394593],[77.1743724,28.6394476],[77.1745429,28.638977],[77.1746434,28.6384306],[77.174604,28.6378219],[77.1744603,28.6364975],[77.1742612,28.6349115],[77.1740535,28.6340815],[77.1738819,28.6337539],[77.1737437,28.6335523],[77.1735156,28.6333657],[77.1731417,28.6330236],[77.1721406,28.6321619],[77.1715324,28.6316486],[77.1710382,28.6312178],[77.1705517,28.6308753],[77.1703806,28.6308022],[77.1700581,28.6307415],[77.1694907,28.6307546],[77.1691914,28.6307215],[77.1681069,28.6304495],[77.1675474,28.6303008],[77.1672419,28.63018],[77.16688,28.6299622],[77.1666088,28.629755],[77.1663254,28.6295001],[77.165879,28.6291301],[77.1654158,28.6287125],[77.1649599,28.6283226],[77.16412,28.6276236],[77.1637581,28.6272901],[77.1619348,28.6251799],[77.1611438,28.6242709],[77.1604029,28.6234366],[77.1599647,28.623095],[77.1597423,28.6229868],[77.1593878,28.622902],[77.1586313,28.6229247],[77.1583969,28.622963],[77.1580913,28.6230636],[77.1578233,28.6232302],[77.1573985,28.6235403],[77.1569453,28.623795],[77.156444,28.6239094],[77.1558877,28.6239848],[77.1556812,28.6240652],[77.1554412,28.6242739],[77.1547226,28.6250353],[77.1535746,28.6242146]]]},"properties":{"fill-opacity":0,"stroke-opacity":1,"stroke":"#ff0000","WNo_SEC":141,"AC_No":39,"AC_No_1":39,"AC_Name":"RAJINDER NAGAR","Ward_No":141,"WardName":"RAJINDER NAGAR","TotalPop":62224,"SC_Pop":10420,"NW2022":"141, RAJINDER NAGAR"},"id":14},
{"type":"Feature","geometry":{"type":"Polygon","coordinates":[[[77.1809579,28.5716125],[77.1803044,28.5720788],[77.1799293,28.5723804],[77.1796461,28.5726761],[77.1792316,28.5731857],[77.1788055,28.573764],[77.1775436,28.5759103],[77.1767085,28.577319],[77.1759985,28.5785649],[77.1731456,28.5772552],[77.1709768,28.576282],[77.1698606,28.5757638],[77.1684521,28.5751442],[77.1671857,28.5745788],[77.1650208,28.5735918],[77.163,28.5726873],[77.1619192,28.5721897],[77.1621113,28.5719509],[77.1625423,28.571291],[77.1629391,28.5707417],[77.1631413,28.5704327],[77.163702,28.5696812],[77.1638393,28.5694714],[77.1640797,28.5691624],[77.1645908,28.5684299],[77.1650906,28.5677624],[77.1654415,28.5672626],[77.1663723,28.5659695],[77.1666317,28.5655918],[77.1672115,28.5645199],[77.1673603,28.5642109],[77.16791,28.56317],[77.1683712,28.5623417],[77.1685925,28.5620098],[77.1690006,28.5614605],[77.1694813,28.5609226],[77.170351,28.5601215],[77.1707211,28.5597706],[77.1711903,28.5593624],[77.17158,28.55899],[77.17251,28.55817],[77.173,28.55776],[77.17401,28.55892],[77.17504,28.56016],[77.17536,28.56052],[77.17576,28.56089],[77.17693,28.56182],[77.1792394,28.5636195],[77.1779143,28.5649209],[77.1773844,28.5654501],[77.1758529,28.5669558],[77.176899,28.5673713],[77.177206,28.5675212],[77.1776889,28.5677968],[77.1777618,28.5676823],[77.1779283,28.5677002],[77.178086,28.5678162],[77.1783239,28.5680809],[77.1784578,28.5683218],[77.1786773,28.5685779],[77.1796074,28.5686353],[77.1796787,28.5686201],[77.1801657,28.56866],[77.1805203,28.5686715],[77.1806571,28.5687628],[77.1808909,28.5688261],[77.1811536,28.5688176],[77.1813621,28.568679],[77.1814519,28.5687947],[77.180681,28.5692539],[77.1800671,28.5696632],[77.1796769,28.5697964],[77.1786367,28.5701282],[77.1786417,28.5702861],[77.1792448,28.5705909],[77.1796985,28.5707446],[77.1801316,28.5708688],[77.1804072,28.571023],[77.1807741,28.5714372],[77.1809579,28.5716125]]]},"properties":{"fill-opacity":0,"stroke-opacity":1,"stroke":"#ff0000","WNo_SEC":152,"AC_No":44,"AC_No_1":44,"AC_Name":"R K PURAM","Ward_No":152,"WardName":"R.K. PURAM","TotalPop":54347,"SC_Pop":10587,"NW2022":"152, R.K. PURAM"},"id":15},
{"type":"Feature","geometry":{"type":"Polygon","coordinates":[[[77.0514274,28.6870214],[77.0562363,28.6866226],[77.060205,28.6862632],[77.0625395,28.6860681],[77.0625601,28.6865003],[77.0622322,28.6875638],[77.0645671,28.6875039],[77.0645859,28.6878883],[77.064615,28.6880571],[77.0646394,28.689172],[77.0640138,28.6891825],[77.0639714,28.6892237],[77.0639599,28.6901796],[77.0633036,28.690167],[77.0626051,28.6901797],[77.0625902,28.6904357],[77.0626225,28.6904772],[77.0631089,28.6908188],[77.0635572,28.6912215],[77.0636125,28.6912187],[77.0644218,28.6918321],[77.064482,28.6918313],[77.0647592,28.6920776],[77.0650314,28.6924783],[77.0649106,28.6925399],[77.0650918,28.6927638],[77.0653497,28.6926919],[77.0658184,28.6933144],[77.0659666,28.6934943],[77.066114,28.6935327],[77.0662474,28.6938453],[77.0663308,28.6938716],[77.0664165,28.694071],[77.0667703,28.694561],[77.0667442,28.6946662],[77.0669841,28.6945871],[77.0669732,28.6947694],[77.0670541,28.6949535],[77.0671287,28.6949253],[77.0672064,28.6951115],[77.0674228,28.695041],[77.0675376,28.6953149],[77.0674228,28.6953591],[77.0676355,28.6958624],[77.0692486,28.6952998],[77.0701718,28.6950052],[77.0704659,28.6954769],[77.0706203,28.6957649],[77.0704785,28.6958116],[77.0708024,28.6964718],[77.0708758,28.6964518],[77.0712534,28.6972531],[77.0714149,28.6976348],[77.0712099,28.697688],[77.0707821,28.6978624],[77.0697876,28.6982275],[77.0693265,28.6984062],[77.0690428,28.6985544],[77.0685101,28.6988694],[77.067753,28.6993588],[77.0666625,28.7000778],[77.0657878,28.7006801],[77.0663521,28.7013027],[77.0670186,28.7021408],[77.0678778,28.7032716],[77.0657211,28.7044722],[77.0651948,28.7037767],[77.064437,28.7027166],[77.064083,28.7022391],[77.0642232,28.7021421],[77.0642414,28.7020592],[77.0639765,28.7015601],[77.0636359,28.7007543],[77.0634764,28.7002863],[77.0634508,28.700152],[77.0635034,28.6998378],[77.063488,28.6995477],[77.0634189,28.6992341],[77.0632992,28.6989325],[77.0633944,28.698602],[77.0634053,28.6981677],[77.0633683,28.6978391],[77.0629717,28.6979397],[77.0627041,28.6972958],[77.0622955,28.6966612],[77.0618766,28.6965915],[77.0617382,28.6965159],[77.0614541,28.6962026],[77.0614013,28.6959825],[77.0609836,28.6963618],[77.0608613,28.6965974],[77.0608475,28.6971062],[77.0608464,28.6980655],[77.0606314,28.6984499],[77.0605693,28.6985199],[77.060044,28.698923],[77.0597949,28.6991312],[77.0590738,28.6996626],[77.0588344,28.699851],[77.0585552,28.7001592],[77.0587888,28.7003821],[77.0608028,28.7024786],[77.0607943,28.7025249],[77.0605086,28.7027086],[77.0601766,28.7029899],[77.0591326,28.703902],[77.0583499,28.7045515],[77.0578924,28.7049459],[77.0578138,28.7048735],[77.0572922,28.7052886],[77.0572663,28.7052162],[77.0569236,28.7047512],[77.0563417,28.7040736],[77.0556747,28.7031915],[77.0553069,28.702662],[77.0554074,28.7026233],[77.0550905,28.7022027],[77.0545317,28.7013995],[77.0543908,28.7012353],[77.0537207,28.7002983],[77.0529041,28.6991049],[77.0540086,28.6985538],[77.0546253,28.6982958],[77.0549501,28.6981397],[77.0560985,28.697651],[77.0564046,28.6975108],[77.0568382,28.6972687],[77.0572229,28.6969216],[77.0584176,28.6958962],[77.0591936,28.6952503],[77.0602041,28.6944591],[77.0596729,28.6939764],[77.0591992,28.6935243],[77.058906,28.6932821],[77.0582862,28.6928053],[77.0580665,28.692607],[77.0573349,28.6918692],[77.0563092,28.6908706],[77.0557535,28.6903382],[77.0551291,28.6899053],[77.0544784,28.6894902],[77.0541096,28.6892703],[77.053584,28.6888564],[77.0523018,28.6877943],[77.0519912,28.6875308],[77.0514274,28.6870214]]]},"properties":{"fill-opacity":0,"stroke-opacity":1,"stroke":"#ff0000","WNo_SEC":37,"AC_No":9,"AC_No_1":9,"AC_Name":"KIRARI","Ward_No":37,"WardName":"KIRARI","TotalPop":57703,"SC_Pop":10787,"NW2022":"37, KIRARI"},"id":16},
{"type":"Feature","geometry":{"type":"Polygon","coordinates":[[[77.0529041,28.6991049],[77.0519538,28.6977569],[77.0517352,28.6974917],[77.0514686,28.6972556],[77.0513033,28.6971653],[77.0506413,28.6966949],[77.0498022,28.6961218],[77.0495514,28.6959382],[77.0488461,28.6954701],[77.0480167,28.6948722],[77.0474205,28.6944752],[77.0464891,28.6938322],[77.0462104,28.693617],[77.0456574,28.6932341],[77.0454641,28.6928221],[77.045451,28.6922857],[77.0455351,28.6918773],[77.0456733,28.6914199],[77.0460486,28.6906239],[77.0463231,28.6900019],[77.0464378,28.6899268],[77.0466325,28.689493],[77.0468233,28.6889204],[77.046922,28.6884126],[77.0469565,28.6877046],[77.0469568,28.6873901],[77.0497617,28.6871544],[77.0514274,28.6870214],[77.0519912,28.6875308],[77.0523018,28.6877943],[77.053584,28.6888564],[77.0541096,28.6892703],[77.0544784,28.6894902],[77.0551291,28.6899053],[77.0557535,28.6903382],[77.0563092,28.6908706],[77.0573349,28.6918692],[77.0580665,28.692607],[77.0582862,28.6928053],[77.058906,28.6932821],[77.0591992,28.6935243],[77.0596729,28.6939764],[77.0602041,28.6944591],[77.0591936,28.6952503],[77.0584176,28.6958962],[77.0572229,28.6969216],[77.0568382,28.6972687],[77.0564046,28.6975108],[77.0560985,28.697651],[77.0549501,28.6981397],[77.0546253,28.6982958],[77.0540086,28.6985538],[77.0529041,28.6991049]]]},"properties":{"fill-opacity":0,"stroke-opacity":1,"stroke":"#ff0000","WNo_SEC":38,"AC_No":9,"AC_No_1":9,"AC_Name":"KIRARI","Ward_No":38,"WardName":"PREM NAGAR","TotalPop":63337,"SC_Pop":10299,"NW2022":"38, PREM NAGAR"},"id":17},
{"type":"Feature","geometry":{"type":"Polygon","coordinates":[[[77.0488461,28.6954701],[77.0487295,28.6955575],[77.0482455,28.6958412],[77.0483745,28.6960002],[77.0491819,28.6972702],[77.0493213,28.6974769],[77.0480241,28.6981154],[77.0482653,28.6985618],[77.0484993,28.6991506],[77.0486687,28.6995145],[77.0479416,28.6997191],[77.0479686,28.699779],[77.0465961,28.7002464],[77.0466156,28.700283],[77.045653,28.7006337],[77.0457238,28.7008068],[77.0457681,28.7012137],[77.0457921,28.7020502],[77.0458365,28.7029545],[77.0458494,28.7030089],[77.0450743,28.7030225],[77.0444681,28.7030164],[77.0442555,28.7030582],[77.0440486,28.7033264],[77.0436315,28.7040498],[77.0436006,28.7042133],[77.0435998,28.7044955],[77.0435557,28.7046103],[77.0430935,28.7049699],[77.0425611,28.7053602],[77.0412553,28.7065135],[77.0408582,28.7068457],[77.0403535,28.7073313],[77.0402887,28.7074676],[77.0402869,28.7079227],[77.0403107,28.7090151],[77.0403063,28.7108341],[77.0402599,28.7109446],[77.0400939,28.7110627],[77.0399814,28.7110904],[77.0388597,28.7110898],[77.0383353,28.7111156],[77.0375743,28.7111036],[77.0369858,28.7111303],[77.0363848,28.7112398],[77.0361384,28.7112598],[77.0353125,28.7112589],[77.0347822,28.7113214],[77.0340558,28.711368],[77.0339648,28.711485],[77.0339557,28.7122689],[77.0339056,28.7123878],[77.0337877,28.7124242],[77.0327451,28.712427],[77.0327485,28.7121278],[77.0328259,28.7119879],[77.0329578,28.7119854],[77.0328942,28.7110287],[77.0328647,28.7098097],[77.0322899,28.7098181],[77.0322796,28.7090771],[77.0319144,28.7090777],[77.0319089,28.7082467],[77.031375,28.7082565],[77.0313774,28.7078552],[77.0316889,28.7079122],[77.0316671,28.707245],[77.0315552,28.7071356],[77.0314207,28.7065054],[77.0312889,28.7057598],[77.0312516,28.705006],[77.0311154,28.705008],[77.0310848,28.7048281],[77.0316938,28.7048144],[77.0316903,28.7046329],[77.0314863,28.7046367],[77.0314795,28.7042115],[77.0310319,28.7042133],[77.0314538,28.7037262],[77.0316695,28.7036116],[77.0321547,28.703141],[77.0327994,28.7026647],[77.033219,28.7023815],[77.0337387,28.7023022],[77.0338158,28.7022611],[77.0338659,28.7020765],[77.0339648,28.7020428],[77.0343407,28.7016518],[77.0345687,28.7015274],[77.0352236,28.7010952],[77.0360873,28.7006716],[77.0366703,28.7004401],[77.0367516,28.7001579],[77.0375065,28.6996445],[77.0374141,28.6991774],[77.0373075,28.698253],[77.0358976,28.6976722],[77.032098,28.697726],[77.0303349,28.6977577],[77.0303214,28.6964767],[77.0309936,28.6966329],[77.0309759,28.6941445],[77.0309354,28.6933919],[77.0324105,28.6933446],[77.0323792,28.6928485],[77.0310358,28.6928684],[77.0309576,28.6900948],[77.0311527,28.6900825],[77.0310555,28.6888234],[77.0324829,28.6887199],[77.0358897,28.6884224],[77.0396212,28.6880559],[77.0450947,28.6876213],[77.0469568,28.6873901],[77.0469565,28.6877046],[77.046922,28.6884126],[77.0468233,28.6889204],[77.0466325,28.689493],[77.0464378,28.6899268],[77.0463231,28.6900019],[77.0460486,28.6906239],[77.0456733,28.6914199],[77.0455351,28.6918773],[77.045451,28.6922857],[77.0454641,28.6928221],[77.0456574,28.6932341],[77.0462104,28.693617],[77.0464891,28.6938322],[77.0474205,28.6944752],[77.0480167,28.6948722],[77.0488461,28.6954701]]]},"properties":{"fill-opacity":0,"stroke-opacity":1,"stroke":"#ff0000","WNo_SEC":39,"AC_No":9,"AC_No_1":9,"AC_Name":"KIRARI","Ward_No":39,"WardName":"MUBARIKPUR","TotalPop":81734,"SC_Pop":11903,"NW2022":"39, MUBARIKPUR"},"id":18},
{"type":"Feature","geometry":{"type":"Polygon","coordinates":[[[77.0712099,28.697688],[77.0714537,28.6983624],[77.0713206,28.6984133],[77.0715817,28.6990755],[77.0716757,28.6992388],[77.0715442,28.6993834],[77.0715555,28.6994734],[77.071932,28.700447],[77.0721881,28.7011946],[77.0723216,28.7015427],[77.0717538,28.7017245],[77.0717649,28.7025112],[77.0717986,28.7037033],[77.071019,28.7037765],[77.07225,28.7052265],[77.0714809,28.7056807],[77.0711934,28.7058278],[77.0710678,28.7059762],[77.0704481,28.7063767],[77.0693347,28.707143],[77.0668895,28.708799],[77.0652779,28.7098837],[77.0629706,28.7114635],[77.0627286,28.7116916],[77.062514,28.7120017],[77.0623412,28.7121504],[77.0618889,28.7124111],[77.06117898380998,28.71289187746001],[77.0611122,28.7127989],[77.0608563,28.7121956],[77.0605931,28.7116109],[77.0600962,28.7107682],[77.059935,28.7106525],[77.0596738,28.7106567],[77.0594913,28.7104007],[77.0588933,28.7099792],[77.0586654,28.709722],[77.0585195,28.7088759],[77.0576007,28.7088948],[77.0577046,28.7083073],[77.0575963,28.7082117],[77.0574173,28.7060172],[77.0573593,28.7054766],[77.0572922,28.7052886],[77.0578138,28.7048735],[77.0578924,28.7049459],[77.0583499,28.7045515],[77.0591326,28.703902],[77.0601766,28.7029899],[77.0605086,28.7027086],[77.0607943,28.7025249],[77.0608028,28.7024786],[77.0587888,28.7003821],[77.0585552,28.7001592],[77.0588344,28.699851],[77.0590738,28.6996626],[77.0597949,28.6991312],[77.060044,28.698923],[77.0605693,28.6985199],[77.0606314,28.6984499],[77.0608464,28.6980655],[77.0608475,28.6971062],[77.0608613,28.6965974],[77.0609836,28.6963618],[77.0614013,28.6959825],[77.0614541,28.6962026],[77.0617382,28.6965159],[77.0618766,28.6965915],[77.0622955,28.6966612],[77.0627041,28.6972958],[77.0629717,28.6979397],[77.0633683,28.6978391],[77.0634053,28.6981677],[77.0633944,28.698602],[77.0632992,28.6989325],[77.0634189,28.6992341],[77.063488,28.6995477],[77.0635034,28.6998378],[77.0634508,28.700152],[77.0634764,28.7002863],[77.0636359,28.7007543],[77.0639765,28.7015601],[77.0642414,28.7020592],[77.0642232,28.7021421],[77.064083,28.7022391],[77.064437,28.7027166],[77.0651948,28.7037767],[77.0657211,28.7044722],[77.0678778,28.7032716],[77.0670186,28.7021408],[77.0663521,28.7013027],[77.0657878,28.7006801],[77.0666625,28.7000778],[77.067753,28.6993588],[77.0685101,28.6988694],[77.0690428,28.6985544],[77.0693265,28.6984062],[77.0697876,28.6982275],[77.0707821,28.6978624],[77.0712099,28.697688]]]},"properties":{"fill-opacity":0,"stroke-opacity":1,"stroke":"#ff0000","WNo_SEC":41,"AC_No":9,"AC_No_1":9,"AC_Name":"KIRARI","Ward_No":41,"WardName":"AMAN VIHAR","TotalPop":78962,"SC_Pop":18331,"NW2022":"41, AMAN VIHAR"},"id":19},
{"type":"Feature","geometry":{"type":"Polygon","coordinates":[[[77.0767847,28.6859833],[77.0767742,28.6856139],[77.0767929,28.6848494],[77.0802596,28.684566],[77.0838892,28.6842258],[77.0896543,28.683743],[77.091524998594,28.683577719684138],[77.0915052,28.6839433],[77.0915375,28.6848493],[77.0889909,28.6849072],[77.0889732,28.6859663],[77.0890063,28.6864062],[77.0890021,28.686811],[77.0889202,28.6868075],[77.0889307,28.6869983],[77.0885553,28.68701],[77.0885426,28.6868819],[77.0882158,28.6868864],[77.0882363,28.6864539],[77.0879589,28.6864582],[77.0879641,28.6868908],[77.0867291,28.6869039],[77.0867413,28.6874516],[77.0867256,28.6878888],[77.0867598,28.6883824],[77.0867507,28.6888728],[77.0865421,28.6888768],[77.0866271,28.6920109],[77.08665,28.6924893],[77.0887186,28.692446],[77.0917195,28.6924],[77.0918367,28.6966339],[77.0915917,28.6966392],[77.0915913,28.6966135],[77.090436,28.6966477],[77.0877554,28.6966972],[77.0870289,28.6967216],[77.0859604,28.696743],[77.0845426,28.6967841],[77.0841727,28.6970701],[77.0830191,28.6980036],[77.0826414,28.6976864],[77.0820148,28.6972316],[77.0819218,28.697215],[77.0795553,28.6966067],[77.0794139,28.6965166],[77.0791797,28.6957143],[77.0786991,28.6935794],[77.0786112,28.6931466],[77.0776471,28.6924442],[77.0780144,28.6923686],[77.0781899,28.6924037],[77.0782088,28.6921881],[77.0781836,28.6912461],[77.078165,28.6909632],[77.0781571,28.6894966],[77.0781321,28.6890565],[77.0787523,28.6890502],[77.0798479,28.6890161],[77.0796521,28.6888063],[77.0788245,28.6880283],[77.0773437,28.6866521],[77.0772321,28.6865778],[77.0768824,28.6866536],[77.0767931,28.6865886],[77.0767847,28.6859833]]]},"properties":{"fill-opacity":0,"stroke-opacity":1,"stroke":"#ff0000","WNo_SEC":49,"AC_No":12,"AC_No_1":12,"AC_Name":"MANGOL PURI","Ward_No":49,"WardName":"MANGOLPURI-A","TotalPop":78867,"SC_Pop":33950,"NW2022":"49, MANGOLPURI-A"},"id":20},
{"type":"Feature","geometry":{"type":"Polygon","coordinates":[[[77.091524998594,28.683577719684138],[77.0943852,28.6833332],[77.0952729,28.6832783],[77.096251,28.6888078],[77.0963286,28.6891446],[77.0967605,28.6900836],[77.0972445,28.6907928],[77.0974455,28.6910376],[77.0979447,28.6915165],[77.0984525,28.6919436],[77.0988429,28.6922283],[77.0993339,28.6925001],[77.0998184,28.6927044],[77.1004413,28.6929291],[77.1018121,28.6932982],[77.1054594,28.6943303],[77.1054265,28.6945915],[77.1053594,28.6947061],[77.1046247,28.6946302],[77.104328,28.694661],[77.1023404,28.6952066],[77.1023551,28.6952336],[77.1018039,28.6953822],[77.1012157,28.6955866],[77.1005554,28.6959213],[77.0997179,28.696454],[77.09912,28.6969387],[77.0990836,28.6970296],[77.0985866,28.6974108],[77.0984405,28.6975431],[77.0980259,28.6972128],[77.0975867,28.6970883],[77.0974014,28.6972259],[77.0972715,28.6970577],[77.0974284,28.6969812],[77.0974278,28.6965143],[77.0955162,28.6965552],[77.0955502,28.6970177],[77.0955936,28.6978602],[77.0956575,28.6982948],[77.0957145,28.6984882],[77.0958749,28.6988547],[77.0959832,28.6990409],[77.0958077,28.6991803],[77.0945336,28.6999372],[77.0936058,28.7003383],[77.0929623,28.7005961],[77.0922112,28.6997263],[77.0921186,28.6995791],[77.0920892,28.6994224],[77.0919838,28.6993575],[77.0917914,28.6987031],[77.0916387,28.6982816],[77.0916033,28.6972591],[77.0915917,28.6966392],[77.0918367,28.6966339],[77.0917195,28.6924],[77.0887186,28.692446],[77.08665,28.6924893],[77.0866271,28.6920109],[77.0865421,28.6888768],[77.0867507,28.6888728],[77.0867598,28.6883824],[77.0867256,28.6878888],[77.0867413,28.6874516],[77.0867291,28.6869039],[77.0879641,28.6868908],[77.0879589,28.6864582],[77.0882363,28.6864539],[77.0882158,28.6868864],[77.0885426,28.6868819],[77.0885553,28.68701],[77.0889307,28.6869983],[77.0889202,28.6868075],[77.0890021,28.686811],[77.0890063,28.6864062],[77.0889732,28.6859663],[77.0889909,28.6849072],[77.0915375,28.6848493],[77.0915052,28.6839433],[77.091524998594,28.683577719684138]]]},"properties":{"fill-opacity":0,"stroke-opacity":1,"stroke":"#ff0000","WNo_SEC":50,"AC_No":12,"AC_No_1":12,"AC_Name":"MANGOL PURI","Ward_No":50,"WardName":"MANGOLPURI-B","TotalPop":81344,"SC_Pop":41151,"NW2022":"50, MANGOLPURI-B"},"id":21},
{"type":"Feature","geometry":{"type":"Polygon","coordinates":[[[77.1054594,28.6943303],[77.1058083,28.694429],[77.1125039,28.6963686],[77.118229,28.6978159],[77.118757,28.6979834],[77.1180504,28.7009397],[77.1179937,28.7011108],[77.1178831,28.7012729],[77.1176441,28.7014454],[77.109888,28.7068226],[77.1080573,28.7080903],[77.1063481,28.7092565],[77.1041072,28.7107988],[77.1030912,28.7115193],[77.1022158,28.7121401],[77.1022074,28.7121458],[77.1013746,28.7104501],[77.1012435,28.7101384],[77.1009394,28.7095429],[77.1007513,28.7091421],[77.1004223,28.7085016],[77.100205,28.7080134],[77.0994757,28.7065224],[77.0993482,28.7062507],[77.1015281,28.704746],[77.099382,28.7023103],[77.0977221,28.7000976],[77.0966703,28.698662],[77.0966412,28.6986383],[77.096101,28.6989522],[77.0959832,28.6990409],[77.0958749,28.6988547],[77.0957145,28.6984882],[77.0956575,28.6982948],[77.0955936,28.6978602],[77.0955502,28.6970177],[77.0955162,28.6965552],[77.0974278,28.6965143],[77.0974284,28.6969812],[77.0972715,28.6970577],[77.0974014,28.6972259],[77.0975867,28.6970883],[77.0980259,28.6972128],[77.0984405,28.6975431],[77.0985866,28.6974108],[77.0990836,28.6970296],[77.09912,28.6969387],[77.0997179,28.696454],[77.1005554,28.6959213],[77.1012157,28.6955866],[77.1018039,28.6953822],[77.1023551,28.6952336],[77.1023404,28.6952066],[77.104328,28.694661],[77.1046247,28.6946302],[77.1053594,28.6947061],[77.1054265,28.6945915],[77.1054594,28.6943303]]]},"properties":{"fill-opacity":0,"stroke-opacity":1,"stroke":"#ff0000","WNo_SEC":51,"AC_No":12,"AC_No_1":12,"AC_Name":"MANGOL PURI","Ward_No":51,"WardName":"ROHINI-C","TotalPop":71696,"SC_Pop":8133,"NW2022":"51, ROHINI-C"},"id":22},
{"type":"Feature","geometry":{"type":"Polygon","coordinates":[[[77.1180504,28.7009397],[77.1184024,28.7012873],[77.1190296,28.7019885],[77.1191888,28.7021874],[77.1201012,28.7032114],[77.1204488,28.7035861],[77.1216103,28.7048928],[77.1217515,28.7050275],[77.1243879,28.7079907],[77.1248351,28.7084882],[77.1247624,28.7085397],[77.131027,28.7155642],[77.1302913,28.7160701],[77.129335,28.716739],[77.1277021,28.7178632],[77.1260132,28.7190347],[77.1255556,28.7193746],[77.1244572,28.7201356],[77.1243169,28.7202216],[77.122793,28.7212851],[77.121058,28.7193554],[77.1198178,28.7179674],[77.1186769,28.7167209],[77.1164236,28.714188],[77.1141559,28.7116475],[77.1124181,28.709642],[77.1109798,28.7080475],[77.109888,28.7068226],[77.1176441,28.7014454],[77.1178831,28.7012729],[77.1179937,28.7011108],[77.1180504,28.7009397]]]},"properties":{"fill-opacity":0,"stroke-opacity":1,"stroke":"#ff0000","WNo_SEC":52,"AC_No":13,"AC_No_1":13,"AC_Name":"ROHINI","Ward_No":52,"WardName":"ROHINI-F","TotalPop":81298,"SC_Pop":4021,"NW2022":"52, ROHINI-F"},"id":23},
{"type":"Feature","geometry":{"type":"Polygon","coordinates":[[[77.118757,28.6979834],[77.1225261,28.6991417],[77.1247453,28.7000142],[77.1262417,28.7007869],[77.1262969,28.7008154],[77.1300023,28.703037],[77.1310635,28.703948],[77.1311581,28.7040292],[77.1352558,28.708608],[77.1359109,28.7094297],[77.1370101,28.7107618],[77.1381202,28.7122627],[77.1387601,28.7136878],[77.1389144,28.7141112],[77.1399456,28.7185442],[77.1387981,28.71878],[77.1376429,28.7189655],[77.136896,28.7193048],[77.1352991,28.7204061],[77.134898,28.7207037],[77.132059,28.7226698],[77.13063,28.7237133],[77.1298222,28.7242394],[77.1270788,28.7260974],[77.1266955,28.725657],[77.1260638,28.7249614],[77.1243464,28.7230262],[77.1237468,28.7223577],[77.1233496,28.7219011],[77.122793,28.7212851],[77.1243169,28.7202216],[77.1244572,28.7201356],[77.1255556,28.7193746],[77.1260132,28.7190347],[77.1277021,28.7178632],[77.129335,28.716739],[77.1302913,28.7160701],[77.131027,28.7155642],[77.1247624,28.7085397],[77.1248351,28.7084882],[77.1243879,28.7079907],[77.1217515,28.7050275],[77.1216103,28.7048928],[77.1204488,28.7035861],[77.1201012,28.7032114],[77.1191888,28.7021874],[77.1190296,28.7019885],[77.1184024,28.7012873],[77.1180504,28.7009397],[77.118757,28.6979834]]]},"properties":{"fill-opacity":0,"stroke-opacity":1,"stroke":"#ff0000","WNo_SEC":53,"AC_No":13,"AC_No_1":13,"AC_Name":"ROHINI","Ward_No":53,"WardName":"ROHINI-E","TotalPop":66795,"SC_Pop":1196,"NW2022":"53, ROHINI-E"},"id":24},
{"type":"Feature","geometry":{"type":"Polygon","coordinates":[[[77.1399456,28.7185442],[77.140188,28.7197001],[77.1408946,28.7223585],[77.14145,28.7236933],[77.1414909,28.7237604],[77.1421618,28.7248589],[77.1426756,28.7255678],[77.1431765,28.7261995],[77.1439756,28.7269104],[77.1446637,28.7274541],[77.1457774,28.7282461],[77.1456433,28.7286554],[77.1456016,28.728912],[77.1452189,28.7289143],[77.1449486,28.7289376],[77.1443047,28.7291054],[77.1439259,28.7292547],[77.1435767,28.7294255],[77.142411,28.729957],[77.1418371,28.7302936],[77.1411954,28.7306945],[77.1410372,28.7307734],[77.1407677,28.7308398],[77.1404618,28.7308625],[77.1404584,28.7313276],[77.1403721,28.7316398],[77.1398238,28.732962],[77.1397485,28.7330993],[77.1395703,28.733284],[77.1392507,28.7335498],[77.13873,28.7339485],[77.1389467,28.7341298],[77.1394565,28.7346121],[77.1396955,28.7348065],[77.14098,28.73598],[77.1413069,28.7363078],[77.1416528,28.7366912],[77.1422752,28.7372495],[77.1429333,28.7378069],[77.1430545,28.7378964],[77.1433755,28.7382221],[77.1434914,28.7383836],[77.1435656,28.7386057],[77.1436168,28.7391062],[77.1437117,28.7392041],[77.1436347,28.7395006],[77.1425655,28.7406547],[77.1352794,28.7485863],[77.1352711,28.748579],[77.1336843,28.7503567],[77.1335729,28.7504469],[77.1287673,28.7555146],[77.1267889,28.7577238],[77.1264129,28.7574473],[77.1260189,28.757193],[77.1256509,28.7569224],[77.1248385,28.7562707],[77.1239146,28.7553838],[77.1236197,28.7551612],[77.1233587,28.7552226],[77.1230368,28.7550577],[77.1227302,28.7547951],[77.1225962,28.7547841],[77.1224305,28.7548455],[77.1220315,28.7550721],[77.1217053,28.7552086],[77.1214629,28.7550105],[77.1213298,28.7549508],[77.1212932,28.7548151],[77.1210017,28.7545558],[77.1190696,28.7530761],[77.1192775,28.7528968],[77.12081,28.7517039],[77.1232621,28.749809],[77.1243954,28.7488689],[77.125391,28.7481861],[77.1253834,28.7481747],[77.1261921,28.747427],[77.126379,28.7472668],[77.1268973,28.7467357],[77.1272869,28.7462265],[77.12819,28.74482],[77.1285113,28.7443884],[77.1296201,28.7425512],[77.1316879,28.7392575],[77.1303139,28.7376968],[77.12956,28.7368616],[77.126982,28.7339817],[77.1247827,28.731476],[77.12276,28.7291505],[77.1270788,28.7260974],[77.1298222,28.7242394],[77.13063,28.7237133],[77.132059,28.7226698],[77.134898,28.7207037],[77.1352991,28.7204061],[77.136896,28.7193048],[77.1376429,28.7189655],[77.1387981,28.71878],[77.1399456,28.7185442]]]},"properties":{"fill-opacity":0,"stroke-opacity":1,"stroke":"#ff0000","WNo_SEC":54,"AC_No":13,"AC_No_1":13,"AC_Name":"ROHINI","Ward_No":54,"WardName":"ROHINI-D","TotalPop":80948,"SC_Pop":6191,"NW2022":"54, ROHINI-D"},"id":25},
{"type":"Feature","geometry":{"type":"MultiPolygon","coordinates":[[[[77.1605595,28.7145783],[77.1605091,28.7144773],[77.1607094,28.7144289],[77.1606409,28.7143354],[77.1606287,28.7141559],[77.1609321,28.7137309],[77.1611436,28.7139337],[77.1615219,28.7140305],[77.1624214,28.7140576],[77.1624322,28.7142371],[77.1619139,28.7144187],[77.1613889,28.7145158],[77.1610191,28.7144884],[77.1605595,28.7145783]]],[[[77.1414909,28.7237604],[77.1416133,28.7236241],[77.1422426,28.7226005],[77.143241,28.7210291],[77.1444658,28.7190682],[77.1456582,28.717183],[77.1470911,28.7150486],[77.1476757,28.7140954],[77.1482035,28.7143424],[77.1480566,28.714564],[77.1482626,28.7146617],[77.1490543,28.714647],[77.1492298,28.7143833],[77.1491077,28.7143185],[77.149365,28.7139576],[77.1492882,28.7139081],[77.1496306,28.7134145],[77.1501735,28.7134387],[77.1507697,28.713769],[77.1505452,28.7141127],[77.1508413,28.7142601],[77.1507512,28.7143829],[77.1512454,28.7146444],[77.1522495,28.7146765],[77.152842,28.7146707],[77.1530096,28.714447],[77.1556159,28.71589],[77.1563255,28.7162954],[77.1561786,28.7164792],[77.1564123,28.7168899],[77.1561049,28.7174295],[77.1563409,28.7176228],[77.1564336,28.7175887],[77.156579,28.7179905],[77.1580522,28.7175143],[77.15792,28.7172137],[77.1579455,28.7171878],[77.1589749,28.7157732],[77.1589503,28.7154158],[77.1588961,28.7151827],[77.1589361,28.7150594],[77.1591863,28.7149575],[77.1593383,28.7150397],[77.1595482,28.7149398],[77.1599003,28.7144984],[77.1602262,28.7146893],[77.1605595,28.7145783],[77.1607509,28.7149791],[77.1610239,28.7160592],[77.1606519,28.7161444],[77.1606558,28.7163362],[77.1608362,28.7168255],[77.1603419,28.7172934],[77.160189,28.7175657],[77.1601292,28.7180739],[77.1600647,28.718094],[77.1601598,28.7186398],[77.1602255,28.7188385],[77.1605129,28.7193003],[77.160848,28.7198723],[77.159739,28.7203425],[77.1593724,28.7204821],[77.1597966,28.7210015],[77.1598484,28.7212727],[77.1602455,28.7216353],[77.1545363,28.7276377],[77.15086,28.73164],[77.1460957,28.7284724],[77.1457774,28.7282461],[77.1446637,28.7274541],[77.1439756,28.7269104],[77.1431765,28.7261995],[77.1426756,28.7255678],[77.1421618,28.7248589],[77.1414909,28.7237604]]]]},"properties":{"fill-opacity":0,"stroke-opacity":1,"stroke":"#ff0000","WNo_SEC":55,"AC_No":14,"AC_No_1":14,"AC_Name":"SHALIMAR BAGH","Ward_No":55,"WardName":"SHALIMAR BAGH-A","TotalPop":61220,"SC_Pop":10480,"NW2022":"55, SHALIMAR BAGH-A"},"id":26},
{"type":"Feature","geometry":{"type":"Polygon","coordinates":[[[77.1605595,28.7145783],[77.1602262,28.7146893],[77.1599003,28.7144984],[77.1595482,28.7149398],[77.1593383,28.7150397],[77.1591863,28.7149575],[77.1589361,28.7150594],[77.1588961,28.7151827],[77.1589503,28.7154158],[77.1589749,28.7157732],[77.1579455,28.7171878],[77.15792,28.7172137],[77.1580522,28.7175143],[77.156579,28.7179905],[77.1564336,28.7175887],[77.1563409,28.7176228],[77.1561049,28.7174295],[77.1564123,28.7168899],[77.1561786,28.7164792],[77.1563255,28.7162954],[77.1556159,28.71589],[77.1530096,28.714447],[77.152842,28.7146707],[77.1522495,28.7146765],[77.1512454,28.7146444],[77.1507512,28.7143829],[77.1508413,28.7142601],[77.1505452,28.7141127],[77.1507697,28.713769],[77.1501735,28.7134387],[77.1496306,28.7134145],[77.1492882,28.7139081],[77.149365,28.7139576],[77.1491077,28.7143185],[77.1492298,28.7143833],[77.1490543,28.714647],[77.1482626,28.7146617],[77.1480566,28.714564],[77.1482035,28.7143424],[77.1476757,28.7140954],[77.1489107,28.7120819],[77.149933,28.710307],[77.150329,28.7096331],[77.156327,28.7003775],[77.1570004,28.6992299],[77.1570425,28.6991407],[77.1571955,28.6993573],[77.1574443,28.6996059],[77.1577457,28.6998322],[77.1580719,28.7000027],[77.1583315,28.7000921],[77.1594709,28.7004184],[77.1641309,28.7017243],[77.1668133,28.7027293],[77.1681567,28.7032326],[77.1700698,28.7039654],[77.1711465,28.7044339],[77.1714287,28.7046658],[77.1734484,28.7070763],[77.1735213,28.7071732],[77.1674443,28.7138122],[77.1616262,28.7202086],[77.1610249,28.7208159],[77.1602455,28.7216353],[77.1598484,28.7212727],[77.1597966,28.7210015],[77.1593724,28.7204821],[77.159739,28.7203425],[77.160848,28.7198723],[77.1605129,28.7193003],[77.1602255,28.7188385],[77.1601598,28.7186398],[77.1600647,28.718094],[77.1601292,28.7180739],[77.160189,28.7175657],[77.1603419,28.7172934],[77.1608362,28.7168255],[77.1606558,28.7163362],[77.1606519,28.7161444],[77.1610239,28.7160592],[77.1607509,28.7149791],[77.1605595,28.7145783]],[[77.1605595,28.7145783],[77.1610191,28.7144884],[77.1613889,28.7145158],[77.1619139,28.7144187],[77.1624322,28.7142371],[77.1624214,28.7140576],[77.1615219,28.7140305],[77.1611436,28.7139337],[77.1609321,28.7137309],[77.1606287,28.7141559],[77.1606409,28.7143354],[77.1607094,28.7144289],[77.1605091,28.7144773],[77.1605595,28.7145783]]]},"properties":{"fill-opacity":0,"stroke-opacity":1,"stroke":"#ff0000","WNo_SEC":56,"AC_No":14,"AC_No_1":14,"AC_Name":"SHALIMAR BAGH","Ward_No":56,"WardName":"SHALIMAR BAGH-B","TotalPop":72416,"SC_Pop":4861,"NW2022":"56, SHALIMAR BAGH-B"},"id":27},
{"type":"Feature","geometry":{"type":"Polygon","coordinates":[[[77.1310635,28.703948],[77.1318556,28.7033814],[77.132058,28.7032704],[77.1327758,28.7027779],[77.1334548,28.7022841],[77.1350015,28.7011929],[77.1354059,28.7009196],[77.136682,28.7000308],[77.1372923,28.6995994],[77.137628,28.6993766],[77.1382298,28.6990333],[77.1392855,28.6984874],[77.1400016,28.6981399],[77.1417335,28.697386],[77.1437397,28.6965317],[77.144085,28.6963739],[77.1461904,28.6954554],[77.1467138,28.6952564],[77.1493823,28.6944209],[77.150121,28.6941777],[77.1517546,28.6936703],[77.1536815,28.6930409],[77.1540366,28.6929324],[77.154018,28.6928778],[77.1540965,28.6930538],[77.1552303,28.695357],[77.1561151,28.6972855],[77.1564474,28.6979148],[77.1568579,28.6988269],[77.1570425,28.6991407],[77.1570004,28.6992299],[77.156327,28.7003775],[77.150329,28.7096331],[77.149933,28.710307],[77.1489107,28.7120819],[77.1476757,28.7140954],[77.1470911,28.7150486],[77.1456582,28.717183],[77.1444658,28.7190682],[77.143241,28.7210291],[77.1422426,28.7226005],[77.1416133,28.7236241],[77.1414909,28.7237604],[77.14145,28.7236933],[77.1408946,28.7223585],[77.140188,28.7197001],[77.1399456,28.7185442],[77.1389144,28.7141112],[77.1387601,28.7136878],[77.1381202,28.7122627],[77.1370101,28.7107618],[77.1359109,28.7094297],[77.1352558,28.708608],[77.1311581,28.7040292],[77.1310635,28.703948]]]},"properties":{"fill-opacity":0,"stroke-opacity":1,"stroke":"#ff0000","WNo_SEC":57,"AC_No":14,"AC_No_1":14,"AC_Name":"SHALIMAR BAGH","Ward_No":57,"WardName":"PITAM PURA","TotalPop":80594,"SC_Pop":5366,"NW2022":"57, PITAM PURA"},"id":28},
{"type":"Feature","geometry":{"type":"Polygon","coordinates":[[[77.118757,28.6979834],[77.118229,28.6978159],[77.1125039,28.6963686],[77.1058083,28.694429],[77.1054594,28.6943303],[77.1018121,28.6932982],[77.1004413,28.6929291],[77.0998184,28.6927044],[77.0993339,28.6925001],[77.0988429,28.6922283],[77.0984525,28.6919436],[77.0979447,28.6915165],[77.0974455,28.6910376],[77.0972445,28.6907928],[77.0967605,28.6900836],[77.0963286,28.6891446],[77.096251,28.6888078],[77.0952729,28.6832783],[77.0946395,28.6796147],[77.0935764,28.6733481],[77.0928833,28.6692521],[77.095242,28.6691859],[77.096689,28.6691203],[77.0973067,28.6690681],[77.0982398,28.6689345],[77.0998139,28.6688004],[77.100997,28.6686848],[77.1020343,28.6686023],[77.1028878,28.6715137],[77.1032816,28.6728199],[77.1035275,28.6736091],[77.1038563,28.6748228],[77.1041604,28.6758208],[77.1045678,28.6772421],[77.1048371,28.6780703],[77.1049117,28.678336],[77.1046965,28.6783407],[77.1039892,28.6784263],[77.103613,28.6784854],[77.1023685,28.6786342],[77.1017745,28.6787253],[77.101445,28.6787587],[77.1015132,28.6801532],[77.1015063,28.6818106],[77.1015346,28.6827566],[77.1019363,28.6827182],[77.1021553,28.6835781],[77.1023767,28.6846299],[77.1026027,28.6856434],[77.1026848,28.6886135],[77.1049423,28.6884542],[77.1059429,28.6884005],[77.1060162,28.6884204],[77.1071996,28.6883662],[77.1086004,28.6883503],[77.1099401,28.6883294],[77.1108335,28.6883274],[77.1113336,28.6882898],[77.1131287,28.6880278],[77.1158616,28.6876574],[77.1185408,28.6872505],[77.1213075,28.6868425],[77.1205205,28.6904152],[77.1200424,28.6924596],[77.1199716,28.6928189],[77.1220863,28.693209],[77.1232194,28.6934219],[77.1237808,28.6935393],[77.1252862,28.6938141],[77.1261514,28.6939443],[77.1282109,28.6943221],[77.1287487,28.6944139],[77.1304211,28.6947432],[77.1303164,28.6951727],[77.1301412,28.6960096],[77.1297362,28.6976911],[77.1292903,28.6980086],[77.1289407,28.6982818],[77.1286606,28.6985255],[77.1274285,28.6994743],[77.1270244,28.6998067],[77.1267492,28.7000682],[77.1264688,28.7005072],[77.1262417,28.7007869],[77.1247453,28.7000142],[77.1225261,28.6991417],[77.118757,28.6979834]]]},"properties":{"fill-opacity":0,"stroke-opacity":1,"stroke":"#ff0000","WNo_SEC":58,"AC_No":15,"AC_No_1":15,"AC_Name":"SHAKUR BASTI","Ward_No":58,"WardName":"SARASWATI VIHAR","TotalPop":63630,"SC_Pop":3390,"NW2022":"58, SARASWATI VIHAR"},"id":29},
{"type":"Feature","geometry":{"type":"Polygon","coordinates":[[[77.0928833,28.6692521],[77.0927357,28.6683799],[77.0923656,28.6660421],[77.0913936,28.6601244],[77.0911751,28.6588994],[77.0908906,28.6580104],[77.0906156,28.6573536],[77.0898537,28.655945],[77.0889574,28.6546517],[77.0894874,28.6546182],[77.090402,28.6547163],[77.0917142,28.6550057],[77.0919307,28.6551308],[77.093254,28.6558203],[77.093705,28.6561273],[77.0948584,28.6573716],[77.0964847,28.658926],[77.0983399,28.6602205],[77.0987495,28.6606352],[77.0991712070095,28.660796883108258],[77.0991834,28.6607675],[77.10042,28.66094],[77.10227,28.6611],[77.10414,28.66117],[77.10701,28.6609],[77.1088356,28.6607344],[77.11067,28.66066],[77.1107782,28.6606641],[77.1121488,28.6608633],[77.11546,28.66178],[77.11614,28.66189],[77.1164395,28.661915],[77.1167135,28.663297],[77.1150936,28.6635189],[77.115218,28.6643485],[77.1153318,28.6649773],[77.1140133,28.6651512],[77.1126393,28.6653445],[77.111884,28.6654194],[77.1120133,28.6660763],[77.11264,28.66971],[77.11294,28.67137],[77.1133,28.67345],[77.11337,28.67381],[77.11348,28.67452],[77.11371,28.67573],[77.1139309,28.6770999],[77.114271,28.677056],[77.1142771,28.677131],[77.1136184,28.677198],[77.1128126,28.6773198],[77.1116651,28.6774759],[77.1109005,28.6775594],[77.1083743,28.6778876],[77.108193,28.6778989],[77.1049117,28.678336],[77.1048371,28.6780703],[77.1045678,28.6772421],[77.1041604,28.6758208],[77.1038563,28.6748228],[77.1035275,28.6736091],[77.1032816,28.6728199],[77.1028878,28.6715137],[77.1020343,28.6686023],[77.100997,28.6686848],[77.0998139,28.6688004],[77.0982398,28.6689345],[77.0973067,28.6690681],[77.096689,28.6691203],[77.095242,28.6691859],[77.0928833,28.6692521]]]},"properties":{"fill-opacity":0,"stroke-opacity":1,"stroke":"#ff0000","WNo_SEC":59,"AC_No":15,"AC_No_1":15,"AC_Name":"SHAKUR BASTI","Ward_No":59,"WardName":"PASCHIM VIHAR","TotalPop":67423,"SC_Pop":7643,"NW2022":"59, PASCHIM VIHAR"},"id":30},
{"type":"Feature","geometry":{"type":"Polygon","coordinates":[[[77.1049117,28.678336],[77.108193,28.6778989],[77.1083743,28.6778876],[77.1109005,28.6775594],[77.1116651,28.6774759],[77.1128126,28.6773198],[77.1136184,28.677198],[77.1142771,28.677131],[77.114271,28.677056],[77.11479,28.677],[77.11557,28.67689],[77.1174,28.67666],[77.1198806,28.67632],[77.1221306,28.67603],[77.1235906,28.67583],[77.1247506,28.67568],[77.1287406,28.67515],[77.1292122,28.6750964],[77.1316106,28.67479],[77.1337379,28.6745231],[77.1342023,28.6744691],[77.1354706,28.67429],[77.1363406,28.67418],[77.1376906,28.67406],[77.1392006,28.67388],[77.1401,28.6737601],[77.1402421,28.6741598],[77.1406898,28.6755979],[77.141002,28.6766367],[77.141711,28.6788961],[77.1407944,28.6790993],[77.1395141,28.6793702],[77.1374187,28.679666],[77.135443,28.6798583],[77.1325626,28.6801233],[77.1325773,28.6803931],[77.1326733,28.6807115],[77.132688,28.6810913],[77.132857,28.6827347],[77.1329244,28.6834442],[77.132947,28.6835614],[77.132069,28.6836459],[77.1304739,28.6837719],[77.130777,28.6843766],[77.1311829,28.6850253],[77.1315653,28.6849364],[77.1319602,28.6858864],[77.1322044,28.6863494],[77.1327902,28.6873644],[77.133003,28.6877055],[77.1338289,28.6873011],[77.1341753,28.6871883],[77.1347095,28.6870507],[77.1351959,28.6869779],[77.135347,28.6869976],[77.1353581,28.6874657],[77.1354137,28.6885081],[77.1354776,28.6901878],[77.1343829,28.690557],[77.1327451,28.6911493],[77.1318527,28.6914467],[77.1306472,28.6918771],[77.130844,28.6924325],[77.1309027,28.6927109],[77.1307137,28.6934917],[77.1304211,28.6947432],[77.1287487,28.6944139],[77.1282109,28.6943221],[77.1261514,28.6939443],[77.1252862,28.6938141],[77.1237808,28.6935393],[77.1232194,28.6934219],[77.1220863,28.693209],[77.1199716,28.6928189],[77.1200424,28.6924596],[77.1205205,28.6904152],[77.1213075,28.6868425],[77.1185408,28.6872505],[77.1158616,28.6876574],[77.1131287,28.6880278],[77.1113336,28.6882898],[77.1108335,28.6883274],[77.1099401,28.6883294],[77.1086004,28.6883503],[77.1071996,28.6883662],[77.1060162,28.6884204],[77.1059429,28.6884005],[77.1049423,28.6884542],[77.1026848,28.6886135],[77.1026027,28.6856434],[77.1023767,28.6846299],[77.1021553,28.6835781],[77.1019363,28.6827182],[77.1015346,28.6827566],[77.1015063,28.6818106],[77.1015132,28.6801532],[77.101445,28.6787587],[77.1017745,28.6787253],[77.1023685,28.6786342],[77.103613,28.6784854],[77.1039892,28.6784263],[77.1046965,28.6783407],[77.1049117,28.678336]]]},"properties":{"fill-opacity":0,"stroke-opacity":1,"stroke":"#ff0000","WNo_SEC":60,"AC_No":15,"AC_No_1":15,"AC_Name":"SHAKUR BASTI","Ward_No":60,"WardName":"RANI BAGH","TotalPop":66602,"SC_Pop":5562,"NW2022":"60, RANI BAGH"},"id":31},
{"type":"Feature","geometry":{"type":"Polygon","coordinates":[[[77.1570425,28.6991407],[77.1568579,28.6988269],[77.1564474,28.6979148],[77.1561151,28.6972855],[77.1552303,28.695357],[77.1540965,28.6930538],[77.154018,28.6928778],[77.1532265,28.6905556],[77.1531641,28.6902584],[77.1545021,28.6899664],[77.1542644,28.6894961],[77.15404,28.6886756],[77.1539818,28.6864648],[77.1542509,28.6845382],[77.1546471,28.6815734],[77.1546492,28.6814959],[77.1547431,28.6814922],[77.1556159,28.6813401],[77.1559694,28.6812509],[77.1565425,28.6809792],[77.1579892,28.6801881],[77.1579038,28.6800835],[77.1583969,28.6797632],[77.159182,28.6793243],[77.1592712,28.679391],[77.159559,28.6797244],[77.159816,28.6795298],[77.1605413,28.6801384],[77.1597643,28.6809605],[77.1597699,28.6810148],[77.1604691,28.6819334],[77.1606225,28.6819305],[77.160821,28.6819805],[77.1628774,28.6830005],[77.1634286,28.6832787],[77.1638732,28.6835446],[77.1643478,28.6837437],[77.1626278,28.6871872],[77.1622575,28.6879394],[77.1631963,28.6882597],[77.1634117,28.6878444],[77.1644843,28.6882395],[77.1642922,28.6886553],[77.1649291,28.6889244],[77.1652573,28.6882432],[77.1658063,28.6870575],[77.16599,28.6867111],[77.1660937,28.6867002],[77.1664981,28.6868399],[77.1674054,28.6871749],[77.1682056,28.6874797],[77.1687584,28.6876729],[77.1680689,28.689148],[77.1675193,28.6902904],[77.1687497,28.6907112],[77.1688239,28.6905964],[77.1689853,28.6906415],[77.1697081,28.6909034],[77.1702507,28.6910854],[77.1702941,28.6910274],[77.1705805,28.6903389],[77.17082,28.6898311],[77.1711996,28.6899745],[77.1713627,28.6900747],[77.172166,28.6906812],[77.1721928,28.6907489],[77.1721535,28.6911101],[77.1723147,28.6914542],[77.1723818,28.6919264],[77.1723452,28.6919958],[77.1709682,28.693277],[77.1716893,28.6938413],[77.1724063,28.6944206],[77.1713485,28.6954591],[77.1706096,28.6961929],[77.1702589,28.6965213],[77.1697658,28.6970107],[77.1695773,28.6972729],[77.1693623,28.6976572],[77.1693143,28.697789],[77.1692197,28.6978225],[77.1686397,28.6989837],[77.1684704,28.6993678],[77.1681107,28.7000759],[77.1668133,28.7027293],[77.1641309,28.7017243],[77.1594709,28.7004184],[77.1583315,28.7000921],[77.1580719,28.7000027],[77.1577457,28.6998322],[77.1574443,28.6996059],[77.1571955,28.6993573],[77.1570425,28.6991407]]]},"properties":{"fill-opacity":0,"stroke-opacity":1,"stroke":"#ff0000","WNo_SEC":64,"AC_No":17,"AC_No_1":17,"AC_Name":"WAZIRPUR","Ward_No":64,"WardName":"KESHAV PURAM","TotalPop":65433,"SC_Pop":7237,"NW2022":"64, KESHAV PURAM"},"id":32},
{"type":"Feature","geometry":{"type":"Polygon","coordinates":[[[77.1668133,28.7027293],[77.1681107,28.7000759],[77.1684704,28.6993678],[77.1686397,28.6989837],[77.1692197,28.6978225],[77.1693143,28.697789],[77.1693623,28.6976572],[77.1695773,28.6972729],[77.1697658,28.6970107],[77.1702589,28.6965213],[77.1706096,28.6961929],[77.1713485,28.6954591],[77.1724063,28.6944206],[77.1716893,28.6938413],[77.1709682,28.693277],[77.1723452,28.6919958],[77.1723818,28.6919264],[77.1723147,28.6914542],[77.1721535,28.6911101],[77.1721928,28.6907489],[77.172166,28.6906812],[77.1713627,28.6900747],[77.1711996,28.6899745],[77.17082,28.6898311],[77.1705805,28.6903389],[77.1702941,28.6910274],[77.1702507,28.6910854],[77.1697081,28.6909034],[77.1689853,28.6906415],[77.1688239,28.6905964],[77.1687497,28.6907112],[77.1675193,28.6902904],[77.1680689,28.689148],[77.1687584,28.6876729],[77.1682056,28.6874797],[77.1674054,28.6871749],[77.1664981,28.6868399],[77.1660937,28.6867002],[77.16599,28.6867111],[77.1658063,28.6870575],[77.1652573,28.6882432],[77.1649291,28.6889244],[77.1642922,28.6886553],[77.1644843,28.6882395],[77.1634117,28.6878444],[77.1631963,28.6882597],[77.1622575,28.6879394],[77.1626278,28.6871872],[77.1643478,28.6837437],[77.1644077,28.6837322],[77.1683776,28.685179],[77.1729684,28.6868732],[77.1737368,28.6871752],[77.1739316,28.6873217],[77.1745508,28.688125],[77.1753353,28.6892908],[77.1782041,28.6933295],[77.1790048,28.6944615],[77.1797616,28.6955511],[77.1802851,28.6962732],[77.1805536,28.6965539],[77.180884,28.6967327],[77.1813984,28.6968492],[77.1823697,28.6970293],[77.1816588,28.6983359],[77.1812402,28.6988732],[77.18011,28.70014],[77.1792853,28.701026],[77.1788529,28.7014246],[77.1783069,28.7020056],[77.17748,28.70275],[77.1764836,28.7038064],[77.1761538,28.7041622],[77.1751879,28.7053743],[77.1735213,28.7071732],[77.1734484,28.7070763],[77.1714287,28.7046658],[77.1711465,28.7044339],[77.1700698,28.7039654],[77.1681567,28.7032326],[77.1668133,28.7027293]]]},"properties":{"fill-opacity":0,"stroke-opacity":1,"stroke":"#ff0000","WNo_SEC":65,"AC_No":17,"AC_No_1":17,"AC_Name":"WAZIRPUR","Ward_No":65,"WardName":"ASHOK VIHAR","TotalPop":55773,"SC_Pop":12206,"NW2022":"65, ASHOK VIHAR"},"id":33},
{"type":"Feature","geometry":{"type":"Polygon","coordinates":[[[77.1644077,28.6837322],[77.1652279,28.6820343],[77.1651512,28.6820068],[77.1660624,28.6800905],[77.1665452,28.6790502],[77.1668537,28.6784246],[77.1673286,28.6774919],[77.1676793,28.6769108],[77.1682065,28.6760134],[77.1702186,28.6766643],[77.17197,28.67737],[77.1734019,28.6775053],[77.1743104,28.6775628],[77.1754915,28.6776573],[77.1761801,28.6777785],[77.17698,28.67804],[77.1779086,28.6784314],[77.17841,28.67861],[77.1804658,28.6791835],[77.1825342,28.679741],[77.1828184,28.6798428],[77.1852429,28.680712],[77.1898517,28.6821169],[77.1862412,28.6893711],[77.1845089,28.6927383],[77.1830777,28.6956673],[77.1823697,28.6970293],[77.1813984,28.6968492],[77.180884,28.6967327],[77.1805536,28.6965539],[77.1802851,28.6962732],[77.1797616,28.6955511],[77.1790048,28.6944615],[77.1782041,28.6933295],[77.1753353,28.6892908],[77.1745508,28.688125],[77.1739316,28.6873217],[77.1737368,28.6871752],[77.1729684,28.6868732],[77.1683776,28.685179],[77.1644077,28.6837322]]]},"properties":{"fill-opacity":0,"stroke-opacity":1,"stroke":"#ff0000","WNo_SEC":66,"AC_No":17,"AC_No_1":17,"AC_Name":"WAZIRPUR","Ward_No":66,"WardName":"WAZIR PUR","TotalPop":87397,"SC_Pop":26071,"NW2022":"66, WAZIR PUR"},"id":34},
{"type":"Feature","geometry":{"type":"Polygon","coordinates":[[[77.1823697,28.6970293],[77.1830777,28.6956673],[77.1845089,28.6927383],[77.1862412,28.6893711],[77.1898517,28.6821169],[77.1902057,28.6822314],[77.1899456,28.6827538],[77.1898854,28.6828376],[77.1894969,28.683607],[77.1894051,28.6837369],[77.1895048,28.683812],[77.1893882,28.6841935],[77.1891575,28.684114],[77.1887987,28.6848924],[77.188887,28.6849182],[77.1882453,28.6861796],[77.1881435,28.6865096],[77.1881378,28.6867804],[77.1884013,28.6868151],[77.1883944,28.6870269],[77.1881687,28.6870504],[77.1881362,28.6872214],[77.1881424,28.6877906],[77.1881004,28.6880681],[77.1879008,28.6888361],[77.1878901,28.6889811],[77.1882093,28.6890462],[77.1882644,28.6890055],[77.1887279,28.6888589],[77.1891409,28.6886581],[77.1893554,28.6890612],[77.1893718,28.6891474],[77.1897657,28.6889795],[77.1908743,28.6884723],[77.1910065,28.6882806],[77.1910943,28.6882487],[77.1913693,28.6887909],[77.191528,28.6887762],[77.1916862,28.6890663],[77.1919571,28.6890193],[77.192468,28.6896767],[77.1921394,28.6902074],[77.1921746,28.6903986],[77.192246,28.6904332],[77.19226,28.69044],[77.1885852,28.6949019],[77.1858782,28.6982144],[77.1837861,28.7007204],[77.183742,28.7007052],[77.1820185,28.7028472],[77.18197,28.70298],[77.1801137,28.7052437],[77.17959,28.70593],[77.178538,28.7072266],[77.1782067,28.7069572],[77.1777507,28.7065204],[77.1776646,28.7065489],[77.1770642,28.7069124],[77.1768047,28.7066267],[77.1765643,28.7062766],[77.1766749,28.7062153],[77.17646,28.7058178],[77.1771581,28.7053605],[77.1771867,28.7048927],[77.1767286,28.7048251],[77.1767347,28.704605],[77.1771058,28.7040896],[77.1768596,28.7039928],[77.1764836,28.7038064],[77.17748,28.70275],[77.1783069,28.7020056],[77.1788529,28.7014246],[77.1792853,28.701026],[77.18011,28.70014],[77.1812402,28.6988732],[77.1816588,28.6983359],[77.1823697,28.6970293]]]},"properties":{"fill-opacity":0,"stroke-opacity":1,"stroke":"#ff0000","WNo_SEC":67,"AC_No":18,"AC_No_1":18,"AC_Name":"MODEL TOWN","Ward_No":67,"WardName":"SANGAM PARK","TotalPop":54854,"SC_Pop":23074,"NW2022":"67, SANGAM PARK"},"id":35},
{"type":"Feature","geometry":{"type":"Polygon","coordinates":[[[77.1955395,28.7094592],[77.1915697,28.7101761],[77.1897382,28.7106138],[77.189195,28.7107937],[77.1891238,28.7106304],[77.1887013,28.710749],[77.1885204,28.7107609],[77.1879462,28.7109274],[77.18752,28.7110849],[77.1875011,28.7110394],[77.1867216,28.7112811],[77.1867916,28.7114554],[77.1867217,28.7115],[77.1863029,28.711641],[77.186263,28.7115989],[77.1857619,28.7117547],[77.1856801,28.7115436],[77.1848685,28.711753],[77.1843406,28.7117189],[77.1839178,28.7116284],[77.1836611,28.7121287],[77.1833648,28.7124778],[77.183232,28.7124824],[77.1824392,28.711877],[77.1827582,28.7115836],[77.18196,28.71101],[77.1816428,28.7107349],[77.1817314,28.7106453],[77.181299,28.7102725],[77.1809003,28.7099738],[77.1806192,28.7097914],[77.180553,28.7096605],[77.180398,28.7096332],[77.1794117,28.7092784],[77.1793043,28.7092091],[77.1791459,28.7089681],[77.1786412,28.7091145],[77.1777146,28.7084197],[77.178538,28.7072266],[77.17959,28.70593],[77.1801137,28.7052437],[77.18197,28.70298],[77.1820185,28.7028472],[77.183742,28.7007052],[77.1837861,28.7007204],[77.1858782,28.6982144],[77.1885852,28.6949019],[77.19226,28.69044],[77.192246,28.6904332],[77.1925168,28.6900454],[77.1926559,28.6898876],[77.1930762,28.6890994],[77.1935656,28.6883295],[77.19391,28.6878334],[77.1944593,28.687182],[77.1947095,28.6868014],[77.1953317,28.6859504],[77.1959511,28.6851616],[77.196185,28.6848225],[77.196354,28.6844541],[77.1968717,28.6847841],[77.1975199,28.6853538],[77.1977161,28.6855116],[77.1979896,28.685784],[77.1984328,28.6860743],[77.1989551,28.6866101],[77.1991869,28.6868151],[77.1993603,28.6870543],[77.1991299,28.6872688],[77.1989582,28.6872961],[77.1987966,28.6874872],[77.1987876,28.6876176],[77.1984601,28.6879602],[77.1981507,28.688235],[77.1986853,28.688686],[77.1984732,28.6888784],[77.1987511,28.6891375],[77.198471,28.6895023],[77.1990454,28.689997],[77.1998153,28.6905867],[77.2006226,28.6910155],[77.2008379,28.6910998],[77.2010352,28.6910583],[77.2013271,28.6911218],[77.2010996,28.6918551],[77.2010491,28.6919693],[77.200996,28.6923264],[77.2010054,28.6925823],[77.2011132,28.692857],[77.2014343,28.6930295],[77.2017198,28.6933269],[77.2025227,28.6948911],[77.20279,28.69533],[77.2035338,28.6950636],[77.2040632,28.694903],[77.2042059,28.6959557],[77.20469,28.69881],[77.1996299,28.7006692],[77.19521,28.70232],[77.195239,28.7037015],[77.195366,28.7063633],[77.1954774,28.707964],[77.1955395,28.7094592]]]},"properties":{"fill-opacity":0,"stroke-opacity":1,"stroke":"#ff0000","WNo_SEC":68,"AC_No":18,"AC_No_1":18,"AC_Name":"MODEL TOWN","Ward_No":68,"WardName":"MODEL TOWN","TotalPop":65907,"SC_Pop":7141,"NW2022":"68, MODEL TOWN"},"id":36},
{"type":"Feature","geometry":{"type":"Polygon","coordinates":[[[77.2017352,28.6887538],[77.2011651,28.6882686],[77.1998768,28.6871274],[77.1995759,28.6868544],[77.1993603,28.6870543],[77.1991869,28.6868151],[77.1989551,28.6866101],[77.1984328,28.6860743],[77.1979896,28.685784],[77.1977161,28.6855116],[77.1975199,28.6853538],[77.1968717,28.6847841],[77.196354,28.6844541],[77.196185,28.6848225],[77.1959511,28.6851616],[77.1953317,28.6859504],[77.1947095,28.6868014],[77.1944593,28.687182],[77.19391,28.6878334],[77.1935656,28.6883295],[77.1930762,28.6890994],[77.1926559,28.6898876],[77.1925168,28.6900454],[77.192246,28.6904332],[77.1921746,28.6903986],[77.1921394,28.6902074],[77.192468,28.6896767],[77.1919571,28.6890193],[77.1916862,28.6890663],[77.191528,28.6887762],[77.1913693,28.6887909],[77.1910943,28.6882487],[77.1910065,28.6882806],[77.1908743,28.6884723],[77.1897657,28.6889795],[77.1893718,28.6891474],[77.1893554,28.6890612],[77.1891409,28.6886581],[77.1887279,28.6888589],[77.1882644,28.6890055],[77.1882093,28.6890462],[77.1878901,28.6889811],[77.1879008,28.6888361],[77.1881004,28.6880681],[77.1881424,28.6877906],[77.1881362,28.6872214],[77.1881687,28.6870504],[77.1883944,28.6870269],[77.1884013,28.6868151],[77.1881378,28.6867804],[77.1881435,28.6865096],[77.1882453,28.6861796],[77.188887,28.6849182],[77.1887987,28.6848924],[77.1891575,28.684114],[77.1893882,28.6841935],[77.1895048,28.683812],[77.1894051,28.6837369],[77.1894969,28.683607],[77.1898854,28.6828376],[77.1899456,28.6827538],[77.1902057,28.6822314],[77.1898517,28.6821169],[77.1852429,28.680712],[77.1828184,28.6798428],[77.1831573,28.679521],[77.1833875,28.679398],[77.1838697,28.679414],[77.183969,28.6791093],[77.1841828,28.6788578],[77.1846753,28.6779325],[77.1847901,28.6777788],[77.1849605,28.6776634],[77.185204,28.6773916],[77.1856154,28.6766031],[77.1857587,28.6762802],[77.1859469,28.6757202],[77.1860386,28.675322],[77.1861601,28.6750476],[77.1863592,28.6747879],[77.18656,28.6746124],[77.1868797,28.674475],[77.1870967,28.6744194],[77.1872975,28.6742439],[77.1873454,28.6739266],[77.18746,28.67366],[77.1872845,28.673521],[77.1842012,28.6711348],[77.1839554,28.6708549],[77.1834262,28.6698683],[77.1857673,28.6697773],[77.1864175,28.6697459],[77.1869015,28.6697087],[77.1874671,28.6696256],[77.1878638,28.6695289],[77.1900979,28.6689309],[77.1921718,28.6683844],[77.1922,28.6684877],[77.1923291,28.6688706],[77.19220750383096,28.668908613408384],[77.1913854,28.669196],[77.1916422,28.6697418],[77.1904345,28.6701729],[77.1891677,28.6706138],[77.1883409,28.6709163],[77.1878211,28.6710951],[77.1877193,28.6710923],[77.1874238,28.6712057],[77.18779,28.67204],[77.1878,28.67226],[77.18774,28.67282],[77.18754,28.67358],[77.1874952,28.6736248],[77.187799,28.6738631],[77.1889453,28.6756298],[77.1896285,28.6753519],[77.1912451,28.6748028],[77.1925411,28.6743522],[77.1933033,28.674098],[77.1936579,28.6739607],[77.1938261,28.673854],[77.1939876,28.6736153],[77.1941562,28.6732572],[77.1941664,28.67312],[77.1939952,28.6727048],[77.1932604,28.6710969],[77.1947843,28.6706735],[77.1954446,28.6705135],[77.1957101,28.6704088],[77.1957758,28.6702697],[77.1956087,28.6698069],[77.1963566,28.6695969],[77.196459,28.6694546],[77.1966655,28.6694135],[77.1971416,28.6699359],[77.1973748,28.6702276],[77.1990635,28.6691671],[77.1992452,28.669371],[77.1994712,28.6695632],[77.1996311,28.6695801],[77.2002944,28.6706635],[77.2005051,28.6710691],[77.2004728,28.6713175],[77.20062,28.67155],[77.2008582,28.6717588],[77.20129,28.67205],[77.20168,28.67244],[77.20178,28.67262],[77.2017728,28.6732913],[77.2018097,28.6742631],[77.2017641,28.6749523],[77.2016861,28.6751387],[77.2021239,28.6757455],[77.2025595,28.6764],[77.2029149,28.6766861],[77.2039097,28.6772084],[77.2048958,28.6776332],[77.2052815,28.677722],[77.20582,28.67781],[77.2080099,28.6782719],[77.2085588,28.6801165],[77.2065502,28.6825442],[77.2058415,28.6829651],[77.2030337,28.6845157],[77.2030817,28.6846669],[77.2034709,28.6854527],[77.2029628,28.6856453],[77.20351,28.68669],[77.2036884,28.6871368],[77.2037646,28.6872705],[77.204028,28.6878392],[77.2038155,28.6879359],[77.2036401,28.6880877],[77.2035882,28.6881874],[77.2026846,28.6876225],[77.2017352,28.6887538]]]},"properties":{"fill-opacity":0,"stroke-opacity":1,"stroke":"#ff0000","WNo_SEC":69,"AC_No":18,"AC_No_1":18,"AC_Name":"MODEL TOWN","Ward_No":69,"WardName":"KAMLA NAGAR","TotalPop":61009,"SC_Pop":6774,"NW2022":"69, KAMLA NAGAR"},"id":37},
{"type":"Feature","geometry":{"type":"Polygon","coordinates":[[[77.1972956,28.6455198],[77.1978047,28.6452537],[77.1983635,28.6450842],[77.1987061,28.6449414],[77.2013115,28.6437249],[77.2024555,28.6432355],[77.20272,28.6431315],[77.203504,28.6427395],[77.203929,28.6423191],[77.2040568,28.6421469],[77.2044474,28.6417401],[77.2047884,28.6414632],[77.2057441,28.6408956],[77.2062528,28.6406268],[77.2082188,28.639551],[77.2084162,28.639428],[77.2093679,28.6388792],[77.2100124,28.6384952],[77.2115827,28.6375836],[77.2117668,28.6374836],[77.2135369,28.6364652],[77.213942,28.6362394],[77.2143459,28.6368022],[77.2148896,28.6376476],[77.2157549,28.6388634],[77.2161748,28.6394209],[77.216673,28.6399851],[77.2178107,28.6412967],[77.2181583,28.6417282],[77.2182295,28.6418751],[77.2184646,28.6419271],[77.2182923,28.6427266],[77.2182096,28.6431602],[77.218046,28.6443006],[77.2179809,28.6447383],[77.2179368,28.6455941],[77.2174011,28.6456406],[77.2161711,28.6457874],[77.2149999,28.6459664],[77.2136622,28.6461903],[77.2134744,28.6463264],[77.2132061,28.6466663],[77.2130375,28.6467397],[77.2130833,28.6469108],[77.2114614,28.647237],[77.2114144,28.6470201],[77.2109148,28.6471382],[77.2100343,28.6472915],[77.2102827,28.6483976],[77.2102174,28.6490749],[77.2101203,28.6498528],[77.2100825,28.6503016],[77.209693,28.650304],[77.2092741,28.6503335],[77.2091563,28.6503765],[77.2090473,28.6503417],[77.2086256,28.6505248],[77.2088539,28.6513408],[77.2088469,28.6514408],[77.2089059,28.6517941],[77.2080115,28.6520581],[77.2073846,28.6522006],[77.2069262,28.6522402],[77.2067028,28.652211],[77.2063128,28.6521006],[77.205556,28.6511705],[77.2053542,28.6509446],[77.2050784,28.6508062],[77.2049522,28.6515812],[77.2047825,28.6524146],[77.2046403,28.6524207],[77.2038912,28.6527602],[77.2027089,28.6533938],[77.2026261,28.6534498],[77.2025169,28.6533396],[77.2015039,28.6518623],[77.2002026,28.650008],[77.1994699,28.6489448],[77.1994394,28.6488318],[77.1989408,28.6482208],[77.198795,28.648017],[77.1978565,28.646889],[77.1968807,28.6457342],[77.1972956,28.6455198]]]},"properties":{"fill-opacity":0,"stroke-opacity":1,"stroke":"#ff0000","WNo_SEC":82,"AC_No":23,"AC_No_1":23,"AC_Name":"KAROL BAGH","Ward_No":82,"WardName":"PAHAR GANJ","TotalPop":67390,"SC_Pop":14936,"NW2022":"82, PAHAR GANJ"},"id":38},
{"type":"Feature","geometry":{"type":"Polygon","coordinates":[[[77.1968807,28.6457342],[77.1978565,28.646889],[77.198795,28.648017],[77.1989408,28.6482208],[77.1994394,28.6488318],[77.1994699,28.6489448],[77.2002026,28.650008],[77.2015039,28.6518623],[77.2025169,28.6533396],[77.2026261,28.6534498],[77.2027089,28.6533938],[77.2038912,28.6527602],[77.2046403,28.6524207],[77.2047825,28.6524146],[77.2046946,28.6528487],[77.204297,28.6546442],[77.2041475,28.6552021],[77.2040201,28.6556948],[77.2037883,28.6567482],[77.2037119,28.6570572],[77.2035751,28.6574795],[77.2033977,28.657873],[77.2030771,28.6586542],[77.2030378,28.6590886],[77.203128,28.6594776],[77.2033472,28.6599312],[77.20377,28.66063],[77.20431,28.66107],[77.2047249,28.6614082],[77.205,28.66171],[77.20507,28.66184],[77.2053571,28.6625456],[77.2046797,28.6625698],[77.2016838,28.6626271],[77.2005677,28.6626539],[77.1994593,28.662693],[77.1987605,28.6626768],[77.1983218,28.6626081],[77.19823,28.6625256],[77.1981125,28.6627172],[77.1962512,28.6618927],[77.1951348,28.6615718],[77.1942871,28.6614185],[77.1934245,28.6613274],[77.1926543,28.6613829],[77.1914721,28.6614096],[77.1900695,28.6615819],[77.1886432,28.6618603],[77.1874919,28.6621339],[77.1861745,28.6624635],[77.1850138,28.6628136],[77.182927,28.6637102],[77.1808319,28.6643837],[77.1807643,28.6644007],[77.1806637,28.6640878],[77.180559,28.6635264],[77.1809021,28.6634371],[77.1811911,28.6633365],[77.1815062,28.6631849],[77.1818609,28.6628711],[77.1824591,28.6622713],[77.1826796,28.6620959],[77.1829561,28.6619611],[77.1840222,28.6615468],[77.1838136,28.6610635],[77.1836793,28.6608035],[77.1832799,28.659943],[77.1826755,28.6587313],[77.182526,28.6584083],[77.1835204,28.6578571],[77.1837793,28.657689],[77.1846122,28.6572658],[77.1856991,28.6566986],[77.1867038,28.6561231],[77.1875316,28.6557144],[77.1869009,28.6548626],[77.1873045,28.6546293],[77.1882141,28.6541341],[77.1880582,28.6539385],[77.1873949,28.6530041],[77.1867044,28.6519953],[77.1865456,28.6518091],[77.1867627,28.6516091],[77.1877601,28.6510465],[77.1888096,28.6504882],[77.1908839,28.6493494],[77.1913119,28.6491241],[77.1923478,28.6485514],[77.192929,28.6482216],[77.1944391,28.6472473],[77.1953618,28.6466779],[77.1964191,28.6460099],[77.1968807,28.6457342]]]},"properties":{"fill-opacity":0,"stroke-opacity":1,"stroke":"#ff0000","WNo_SEC":83,"AC_No":23,"AC_No_1":23,"AC_Name":"KAROL BAGH","Ward_No":83,"WardName":"KAROL BAGH","TotalPop":66938,"SC_Pop":20985,"NW2022":"83, KAROL BAGH"},"id":39},
{"type":"Feature","geometry":{"type":"Polygon","coordinates":[[[77.1888096,28.6504882],[77.1877601,28.6510465],[77.1867627,28.6516091],[77.1865456,28.6518091],[77.1867044,28.6519953],[77.1873949,28.6530041],[77.1880582,28.6539385],[77.1882141,28.6541341],[77.1873045,28.6546293],[77.1869009,28.6548626],[77.1875316,28.6557144],[77.1867038,28.6561231],[77.1856991,28.6566986],[77.1846122,28.6572658],[77.1837793,28.657689],[77.1835204,28.6578571],[77.182526,28.6584083],[77.1822863,28.6580317],[77.1819404,28.6575789],[77.1813585,28.6569326],[77.1811582,28.6567622],[77.1806127,28.6565175],[77.1802137,28.6558981],[77.1798767,28.6555263],[77.1795094,28.6553274],[77.1791552,28.6550451],[77.1791712,28.6550145],[77.1787163,28.6547396],[77.1783185,28.654576],[77.1769817,28.654185],[77.1758851,28.6538535],[77.174516,28.6534124],[77.1739871,28.6532525],[77.1737695,28.6532162],[77.1731636,28.6530761],[77.1733704,28.6523633],[77.1741138,28.6499968],[77.1747723,28.6502154],[77.1748953,28.6499114],[77.1750473,28.649757],[77.1753055,28.6496672],[77.1757767,28.6495914],[77.1758452,28.6496574],[77.1759841,28.6492943],[77.1760839,28.6489375],[77.1765014,28.6489428],[77.177422,28.6489014],[77.1778047,28.6497015],[77.1782725,28.6506134],[77.18016,28.6496917],[77.1803111,28.6499111],[77.1803704,28.649912],[77.1809976,28.6495574],[77.1813009,28.65],[77.1816842,28.6497928],[77.1813742,28.6492977],[77.1816761,28.649108],[77.1817909,28.6490915],[77.1818695,28.649002],[77.1826291,28.6485973],[77.1828188,28.6488791],[77.1829376,28.649193],[77.1830579,28.6494095],[77.1834281,28.6499237],[77.1847742,28.6492238],[77.1853654,28.6488921],[77.1870011,28.6479974],[77.1875892,28.64879],[77.1880662,28.6494905],[77.1883494,28.6498831],[77.1888096,28.6504882]]]},"properties":{"fill-opacity":0,"stroke-opacity":1,"stroke":"#ff0000","WNo_SEC":84,"AC_No":23,"AC_No_1":23,"AC_Name":"KAROL BAGH","Ward_No":84,"WardName":"DEV NAGAR","TotalPop":64451,"SC_Pop":44756,"NW2022":"84, DEV NAGAR"},"id":40},
{"type":"Feature","geometry":{"type":"Polygon","coordinates":[[[77.1811911,28.6633365],[77.1807901,28.6632208],[77.1806124,28.6631172],[77.1805905,28.663008],[77.1806506,28.6627554],[77.180808,28.662361],[77.1811642,28.6611584],[77.1812261,28.6607809],[77.1812223,28.6605984],[77.1811574,28.6604074],[77.1809821,28.6602619],[77.1805919,28.6601855],[77.1799861,28.6601529],[77.1798704,28.6601302],[77.1797956,28.660023],[77.1797718,28.659566],[77.1797171,28.6589014],[77.1796748,28.6588052],[77.179508,28.6587086],[77.179264,28.6586355],[77.1789743,28.6586008],[77.1780986,28.6586171],[77.1781045,28.6592496],[77.1771819,28.6592842],[77.1772001,28.6586249],[77.1771344,28.6577615],[77.1771226,28.6574006],[77.1759945,28.6574093],[77.1758231,28.6575013],[77.175614,28.6576761],[77.1754558,28.6577514],[77.1749315,28.6578764],[77.1741789,28.6580144],[77.1730912,28.6582471],[77.1731545,28.6585499],[77.1726047,28.6588077],[77.171722,28.6589883],[77.1713692,28.6590832],[77.1706701,28.6593324],[77.1700927,28.6595767],[77.169695,28.6597057],[77.1693097,28.6597317],[77.1689119,28.6599158],[77.1690498,28.66025],[77.1691068,28.6605639],[77.1691023,28.6608222],[77.1691625,28.660992],[77.1693293,28.6612162],[77.1695112,28.6616083],[77.1696943,28.661736],[77.1698755,28.6620157],[77.1700311,28.6622118],[77.1701183,28.6624365],[77.1702367,28.6626165],[77.1701781,28.6627317],[77.1703834,28.6630101],[77.1699719,28.6631123],[77.1696436,28.6635493],[77.1696796,28.6639035],[77.1697619,28.6643216],[77.1699019,28.6648932],[77.16996,28.6650643],[77.1695809,28.6654758],[77.1692195,28.6663986],[77.1669172,28.6653981],[77.1656611,28.6648788],[77.1646067,28.6644062],[77.164795,28.6636346],[77.1648008,28.663454],[77.1649286,28.6631419],[77.1642805,28.6629036],[77.1643844,28.662627],[77.1638571,28.6623719],[77.163563,28.6621736],[77.1631625,28.6619673],[77.1629001,28.6617297],[77.1628338,28.6615029],[77.1629458,28.6613417],[77.1632919,28.6610607],[77.1633098,28.6607269],[77.1629063,28.6606165],[77.1620827,28.6600795],[77.162327,28.6599852],[77.162569,28.6597771],[77.1628956,28.6599867],[77.1630863,28.6600572],[77.1631952,28.6600424],[77.1633628,28.6598929],[77.1636367,28.6597291],[77.1639018,28.6596208],[77.1641099,28.6595919],[77.1646044,28.6594368],[77.164931,28.6592817],[77.1652722,28.6592462],[77.1655803,28.6593903],[77.1657342,28.6595908],[77.165982,28.6597141],[77.1665183,28.6599327],[77.1665337,28.6598956],[77.167007,28.6598677],[77.1674082,28.6598879],[77.1677359,28.6598636],[77.1678694,28.6598222],[77.1678092,28.6596756],[77.1676011,28.6595056],[77.1673692,28.6593793],[77.1673098,28.6592792],[77.1666132,28.6585306],[77.1661271,28.6581077],[77.1660435,28.6577184],[77.1661387,28.6573568],[77.1666146,28.656976],[77.1669191,28.6568999],[77.1674712,28.6568809],[77.1677567,28.6566715],[77.1677757,28.6565192],[77.1678948,28.6564201],[77.1673536,28.6556493],[77.1667308,28.654837],[77.1669651,28.6546954],[77.1671323,28.6549156],[77.1678838,28.6544671],[77.1680618,28.6547021],[77.1689901,28.6541269],[77.1691578,28.6540032],[77.1691579,28.6533717],[77.1693342,28.6533061],[77.1694038,28.6532122],[77.1694313,28.6528452],[77.169384,28.6526738],[77.1693795,28.6523974],[77.1692294,28.6523904],[77.1692791,28.6521645],[77.1698036,28.6522018],[77.170126,28.6522434],[77.1704439,28.6523345],[77.1714082,28.6526456],[77.1718299,28.6527611],[77.1731636,28.6530761],[77.1737695,28.6532162],[77.1739871,28.6532525],[77.174516,28.6534124],[77.1758851,28.6538535],[77.1769817,28.654185],[77.1783185,28.654576],[77.1787163,28.6547396],[77.1791712,28.6550145],[77.1791552,28.6550451],[77.1795094,28.6553274],[77.1798767,28.6555263],[77.1802137,28.6558981],[77.1806127,28.6565175],[77.1811582,28.6567622],[77.1813585,28.6569326],[77.1819404,28.6575789],[77.1822863,28.6580317],[77.182526,28.6584083],[77.1826755,28.6587313],[77.1832799,28.659943],[77.1836793,28.6608035],[77.1838136,28.6610635],[77.1840222,28.6615468],[77.1829561,28.6619611],[77.1826796,28.6620959],[77.1824591,28.6622713],[77.1818609,28.6628711],[77.1815062,28.6631849],[77.1811911,28.6633365]]]},"properties":{"fill-opacity":0,"stroke-opacity":1,"stroke":"#ff0000","WNo_SEC":85,"AC_No":24,"AC_No_1":24,"AC_Name":"PATEL NAGAR","Ward_No":85,"WardName":"WEST PATEL NAGAR","TotalPop":69686,"SC_Pop":25390,"NW2022":"85, WEST PATEL NAGAR"},"id":41},
{"type":"Feature","geometry":{"type":"Polygon","coordinates":[[[77.1747646,28.6419542],[77.1751518,28.6419453],[77.1767222,28.6421682],[77.1785256,28.6424681],[77.1794413,28.6426065],[77.1801173,28.6426962],[77.1808591,28.6428205],[77.1808711,28.6433827],[77.1809051,28.6437833],[77.181004,28.6447056],[77.1810926,28.645258],[77.1813391,28.6466496],[77.1813944,28.646858],[77.1816231,28.6472337],[77.18212,28.64789],[77.1826291,28.6485973],[77.1818695,28.649002],[77.1817909,28.6490915],[77.1816761,28.649108],[77.1813742,28.6492977],[77.1816842,28.6497928],[77.1813009,28.65],[77.1809976,28.6495574],[77.1803704,28.649912],[77.1803111,28.6499111],[77.18016,28.6496917],[77.1782725,28.6506134],[77.1778047,28.6497015],[77.177422,28.6489014],[77.1765014,28.6489428],[77.1760839,28.6489375],[77.1759841,28.6492943],[77.1758452,28.6496574],[77.1757767,28.6495914],[77.1753055,28.6496672],[77.1750473,28.649757],[77.1748953,28.6499114],[77.1747723,28.6502154],[77.1741138,28.6499968],[77.1733704,28.6523633],[77.1731636,28.6530761],[77.1718299,28.6527611],[77.1714082,28.6526456],[77.1704439,28.6523345],[77.170126,28.6522434],[77.1698036,28.6522018],[77.1692791,28.6521645],[77.1692294,28.6523904],[77.1693795,28.6523974],[77.169384,28.6526738],[77.1694313,28.6528452],[77.1694038,28.6532122],[77.1693342,28.6533061],[77.1691579,28.6533717],[77.1691578,28.6540032],[77.1689901,28.6541269],[77.1680618,28.6547021],[77.1678838,28.6544671],[77.1671323,28.6549156],[77.1669651,28.6546954],[77.1667308,28.654837],[77.1673536,28.6556493],[77.1678948,28.6564201],[77.1677757,28.6565192],[77.1677567,28.6566715],[77.1674712,28.6568809],[77.1669191,28.6568999],[77.1666146,28.656976],[77.1661387,28.6573568],[77.1660435,28.6577184],[77.1661271,28.6581077],[77.165693,28.6577502],[77.1653217,28.6574984],[77.1654441,28.657268],[77.1654003,28.6571493],[77.1651979,28.6570609],[77.1650969,28.6571155],[77.164919,28.6570213],[77.1646834,28.6567081],[77.1641088,28.6570118],[77.1640513,28.6569947],[77.1636797,28.6565158],[77.1630545,28.6556551],[77.1626743,28.6551755],[77.1624482,28.6553106],[77.1624511,28.6553588],[77.1622437,28.6555562],[77.1622262,28.655695],[77.1615552,28.6563215],[77.1613215,28.6561878],[77.1608766,28.6559732],[77.1607694,28.6559831],[77.1606328,28.6562189],[77.1603579,28.6560544],[77.1602392,28.6561294],[77.1601162,28.6560077],[77.1595914,28.6557179],[77.1592101,28.6554306],[77.1588555,28.6552521],[77.1585254,28.6551141],[77.1581417,28.6547941],[77.1576414,28.6544687],[77.1574195,28.6543658],[77.1570831,28.6540662],[77.1571022,28.6538574],[77.1567224,28.6533232],[77.1563981,28.6529208],[77.1563042,28.6527758],[77.157104,28.6523053],[77.1575151,28.6527504],[77.1578117,28.6527854],[77.1579536,28.6528481],[77.1581275,28.6529863],[77.1588282,28.6533492],[77.1592347,28.6534263],[77.1594135,28.6535356],[77.1597014,28.6536541],[77.160089,28.6537764],[77.1601386,28.6536558],[77.1605008,28.6538118],[77.1605578,28.653719],[77.1606864,28.6538225],[77.1611636,28.654032],[77.1616857,28.6542383],[77.1617219,28.6541755],[77.1624326,28.653692],[77.162777,28.6534744],[77.1630038,28.6532972],[77.1637972,28.6528164],[77.1647499,28.652272],[77.1641732,28.6515209],[77.1638004,28.6510673],[77.1638044,28.6510435],[77.1634516,28.6505972],[77.1630625,28.6508234],[77.1629718,28.6508103],[77.1628195,28.6506133],[77.1628254,28.6505434],[77.1630316,28.6504191],[77.162948,28.6502983],[77.162744,28.6502989],[77.1625432,28.6500194],[77.1628266,28.6498664],[77.1626612,28.6496065],[77.1623297,28.6491743],[77.1633862,28.6485541],[77.1640037,28.6481798],[77.1639477,28.6481086],[77.1666406,28.6465488],[77.1680459,28.6457092],[77.1682499,28.6455783],[77.1698463,28.644613],[77.1706845,28.6440802],[77.1714812,28.6436115],[77.1725378,28.6429699],[77.1735642,28.6423652],[77.1740192,28.6421208],[77.1741528,28.6419953],[77.1741898,28.6420566],[77.1744677,28.6419807],[77.1747646,28.6419542]]]},"properties":{"fill-opacity":0,"stroke-opacity":1,"stroke":"#ff0000","WNo_SEC":86,"AC_No":24,"AC_No_1":24,"AC_Name":"PATEL NAGAR","Ward_No":86,"WardName":"EAST PATEL NAGAR","TotalPop":44420,"SC_Pop":7685,"NW2022":"86, EAST PATEL NAGAR"},"id":42},
{"type":"Feature","geometry":{"type":"Polygon","coordinates":[[[77.15335,28.65],[77.1536043,28.6496524],[77.1540078,28.6493311],[77.1557786,28.6478897],[77.1568882,28.6470137],[77.1582534,28.6459182],[77.1593513,28.6450136],[77.1598496,28.6446397],[77.1601414,28.6444544],[77.1611641,28.6441703],[77.1640058,28.6435106],[77.1653038,28.6431789],[77.1654297,28.6433791],[77.165674,28.6434714],[77.1666798,28.6444786],[77.169269,28.6433282],[77.1698969,28.6430443],[77.1709818,28.6423794],[77.1727457,28.6413238],[77.1735584,28.6408751],[77.1738457,28.6414072],[77.1739582,28.641659],[77.1741528,28.6419953],[77.1740192,28.6421208],[77.1735642,28.6423652],[77.1725378,28.6429699],[77.1714812,28.6436115],[77.1706845,28.6440802],[77.1698463,28.644613],[77.1682499,28.6455783],[77.1680459,28.6457092],[77.1666406,28.6465488],[77.1639477,28.6481086],[77.1640037,28.6481798],[77.1633862,28.6485541],[77.1623297,28.6491743],[77.1626612,28.6496065],[77.1628266,28.6498664],[77.1625432,28.6500194],[77.162744,28.6502989],[77.162948,28.6502983],[77.1630316,28.6504191],[77.1628254,28.6505434],[77.1628195,28.6506133],[77.1629718,28.6508103],[77.1630625,28.6508234],[77.1634516,28.6505972],[77.1638044,28.6510435],[77.1638004,28.6510673],[77.1641732,28.6515209],[77.1647499,28.652272],[77.1637972,28.6528164],[77.1630038,28.6532972],[77.162777,28.6534744],[77.1624326,28.653692],[77.1617219,28.6541755],[77.1616857,28.6542383],[77.1611636,28.654032],[77.1606864,28.6538225],[77.1605578,28.653719],[77.1605008,28.6538118],[77.1601386,28.6536558],[77.160089,28.6537764],[77.1597014,28.6536541],[77.1594135,28.6535356],[77.1592347,28.6534263],[77.1588282,28.6533492],[77.1581275,28.6529863],[77.1579536,28.6528481],[77.1578117,28.6527854],[77.1575151,28.6527504],[77.157104,28.6523053],[77.1570583,28.6522415],[77.15619,28.65164],[77.15568,28.65125],[77.15519,28.65095],[77.15397,28.65031],[77.15366,28.65014],[77.15335,28.65]]]},"properties":{"fill-opacity":0,"stroke-opacity":1,"stroke":"#ff0000","WNo_SEC":87,"AC_No":24,"AC_No_1":24,"AC_Name":"PATEL NAGAR","Ward_No":87,"WardName":"RANJEET NAGAR","TotalPop":54256,"SC_Pop":8884,"NW2022":"87, RANJEET NAGAR"},"id":43},
{"type":"Feature","geometry":{"type":"Polygon","coordinates":[[[77.1570583,28.6522415],[77.157104,28.6523053],[77.1563042,28.6527758],[77.1563981,28.6529208],[77.1567224,28.6533232],[77.1571022,28.6538574],[77.1570831,28.6540662],[77.1574195,28.6543658],[77.1576414,28.6544687],[77.1581417,28.6547941],[77.1585254,28.6551141],[77.1588555,28.6552521],[77.1592101,28.6554306],[77.1595914,28.6557179],[77.1601162,28.6560077],[77.1602392,28.6561294],[77.1603579,28.6560544],[77.1606328,28.6562189],[77.1607694,28.6559831],[77.1608766,28.6559732],[77.1613215,28.6561878],[77.1615552,28.6563215],[77.1622262,28.655695],[77.1622437,28.6555562],[77.1624511,28.6553588],[77.1624482,28.6553106],[77.1626743,28.6551755],[77.1630545,28.6556551],[77.1636797,28.6565158],[77.1640513,28.6569947],[77.1641088,28.6570118],[77.1646834,28.6567081],[77.164919,28.6570213],[77.1650969,28.6571155],[77.1651979,28.6570609],[77.1654003,28.6571493],[77.1654441,28.657268],[77.1653217,28.6574984],[77.165693,28.6577502],[77.1661271,28.6581077],[77.1666132,28.6585306],[77.1673098,28.6592792],[77.1673692,28.6593793],[77.1676011,28.6595056],[77.1678092,28.6596756],[77.1678694,28.6598222],[77.1677359,28.6598636],[77.1674082,28.6598879],[77.167007,28.6598677],[77.1665337,28.6598956],[77.1665183,28.6599327],[77.165982,28.6597141],[77.1657342,28.6595908],[77.1655803,28.6593903],[77.1652722,28.6592462],[77.164931,28.6592817],[77.1646044,28.6594368],[77.1641099,28.6595919],[77.1639018,28.6596208],[77.1636367,28.6597291],[77.1633628,28.6598929],[77.1631952,28.6600424],[77.1630863,28.6600572],[77.1628956,28.6599867],[77.162569,28.6597771],[77.162327,28.6599852],[77.1620827,28.6600795],[77.1629063,28.6606165],[77.1633098,28.6607269],[77.1632919,28.6610607],[77.1629458,28.6613417],[77.1628338,28.6615029],[77.1629001,28.6617297],[77.1631625,28.6619673],[77.163563,28.6621736],[77.1638571,28.6623719],[77.1643844,28.662627],[77.1642805,28.6629036],[77.1649286,28.6631419],[77.1648008,28.663454],[77.164795,28.6636346],[77.1646067,28.6644062],[77.1633311,28.6638489],[77.1623867,28.6634677],[77.1612488,28.6629552],[77.1596542,28.6622487],[77.1590408,28.6619563],[77.1582948,28.6615782],[77.1580274,28.6614192],[77.1569157,28.6605585],[77.1564405,28.6600766],[77.1554265,28.6589227],[77.1547401,28.658116],[77.1540829,28.6572432],[77.1534277,28.65639],[77.1525845,28.6553783],[77.1523518,28.6550872],[77.154895,28.6535174],[77.1560548,28.6528231],[77.1570583,28.6522415]]]},"properties":{"fill-opacity":0,"stroke-opacity":1,"stroke":"#ff0000","WNo_SEC":88,"AC_No":24,"AC_No_1":24,"AC_Name":"PATEL NAGAR","Ward_No":88,"WardName":"BALJEET NAGAR","TotalPop":54213,"SC_Pop":6240,"NW2022":"88, BALJEET NAGAR"},"id":44},
{"type":"Feature","geometry":{"type":"Polygon","coordinates":[[[77.1669172,28.6653981],[77.1667355,28.665643],[77.167118,28.6663287],[77.1671931,28.6665059],[77.1673043,28.6669021],[77.1674171,28.6675377],[77.1695295,28.6666182],[77.1703542,28.6668016],[77.1708761,28.6668638],[77.17165,28.6669],[77.1725297,28.6668384],[77.1729197,28.6668892],[77.1725932,28.6669968],[77.1711731,28.6675036],[77.1701401,28.6678818],[77.167159,28.6690227],[77.1655643,28.6696629],[77.1641401,28.6702346],[77.1604897,28.6716553],[77.1593107,28.6721289],[77.1575225,28.6712042],[77.1543213,28.6717242],[77.1534683,28.6718677],[77.151542,28.6721812],[77.1491289,28.6725204],[77.1470635,28.6727859],[77.1447064,28.6730811],[77.1421673,28.6734186],[77.1401001,28.6737601],[77.13951,28.67229],[77.13912,28.67139],[77.13897,28.67101],[77.13881,28.67069],[77.13863,28.67039],[77.13841,28.67007],[77.13801,28.66959],[77.1375923,28.6691877],[77.136895,28.6685904],[77.1365376,28.6683074],[77.1370646,28.6679085],[77.1377087,28.6675438],[77.137988,28.6672928],[77.1378606,28.66722],[77.13841,28.66677],[77.1388205,28.6660935],[77.1396548,28.6648689],[77.1420337,28.6615495],[77.1421986,28.6613634],[77.1428033,28.6607751],[77.1431874,28.6604932],[77.1436825,28.6601673],[77.1441906,28.6598688],[77.1450173,28.6594543],[77.1454287,28.6592661],[77.1452997,28.6591988],[77.1459536,28.6588216],[77.1469847,28.6582637],[77.1476198,28.6578735],[77.1477579,28.6578521],[77.1486331,28.6573065],[77.1497988,28.656591],[77.1498584,28.6564932],[77.1503295,28.6561948],[77.1515294,28.6554906],[77.1516645,28.655506],[77.1523518,28.6550872],[77.1525845,28.6553783],[77.1534277,28.65639],[77.1540829,28.6572432],[77.1547401,28.658116],[77.1554265,28.6589227],[77.1564405,28.6600766],[77.1569157,28.6605585],[77.1580274,28.6614192],[77.1582948,28.6615782],[77.1590408,28.6619563],[77.1596542,28.6622487],[77.1612488,28.6629552],[77.1623867,28.6634677],[77.1633311,28.6638489],[77.1646067,28.6644062],[77.1656611,28.6648788],[77.1669172,28.6653981]]]},"properties":{"fill-opacity":0,"stroke-opacity":1,"stroke":"#ff0000","WNo_SEC":89,"AC_No":25,"AC_No_1":25,"AC_Name":"MOTI NAGAR","Ward_No":89,"WardName":"KARAM PURA","TotalPop":72228,"SC_Pop":7693,"NW2022":"89, KARAM PURA"},"id":45},
{"type":"Feature","geometry":{"type":"Polygon","coordinates":[[[77.1523518,28.6550872],[77.1516645,28.655506],[77.1515294,28.6554906],[77.1503295,28.6561948],[77.1498584,28.6564932],[77.1497988,28.656591],[77.1486331,28.6573065],[77.1477579,28.6578521],[77.1476198,28.6578735],[77.1469847,28.6582637],[77.1459536,28.6588216],[77.1452997,28.6591988],[77.1454287,28.6592661],[77.1450173,28.6594543],[77.1441906,28.6598688],[77.1436825,28.6601673],[77.1431874,28.6604932],[77.1428033,28.6607751],[77.1421986,28.6613634],[77.1420337,28.6615495],[77.1396548,28.6648689],[77.1388205,28.6660935],[77.13841,28.66677],[77.1378606,28.66722],[77.13548,28.66538],[77.1346906,28.66483],[77.1321306,28.66284],[77.1304906,28.66163],[77.1299346,28.6612762],[77.1302225,28.6610572],[77.1306486,28.6607651],[77.1311989,28.6604164],[77.1315732,28.6600548],[77.1317511,28.6598535],[77.1321781,28.6594766],[77.1324516,28.6591524],[77.1317144,28.6584802],[77.1320498,28.6580947],[77.1318746,28.6579635],[77.1319142,28.657894],[77.1323607,28.6580139],[77.1328098,28.6581842],[77.1332349,28.6583652],[77.1334422,28.6585582],[77.1336406,28.6583646],[77.1340041,28.6580948],[77.1341786,28.6582117],[77.1344477,28.6583351],[77.1349351,28.6585977],[77.135095,28.658616],[77.1355605,28.6589893],[77.1358057,28.6594006],[77.135961,28.6593308],[77.136234,28.6591482],[77.1367445,28.6588535],[77.1368029,28.6587833],[77.1369757,28.6588053],[77.1371067,28.6587137],[77.1377848,28.6584041],[77.13686,28.65698],[77.13626,28.65608],[77.13586,28.65551],[77.13567,28.65518],[77.13546,28.65492],[77.13528,28.65478],[77.1345,28.65403],[77.13438,28.6539],[77.1343089,28.6537307],[77.1342711,28.6534477],[77.1344979,28.6535383],[77.1346135,28.6532981],[77.1348373,28.6527252],[77.1350353,28.6523466],[77.1352908,28.6525112],[77.1354056,28.6523931],[77.1355696,28.6525264],[77.1366605,28.6515104],[77.1367513,28.6515805],[77.1371984,28.6511493],[77.137164,28.6510897],[77.1374285,28.6509072],[77.1374848,28.6508288],[77.1382333,28.650311],[77.1387109,28.6499485],[77.1391326,28.6496619],[77.1400139,28.6490332],[77.1405019,28.6486488],[77.141277,28.6481556],[77.1421717,28.6476214],[77.1425121,28.6480414],[77.1426851,28.6479126],[77.1429903,28.6472119],[77.1433083,28.6465804],[77.1434038,28.6464219],[77.1437984,28.6461743],[77.1444008,28.6458396],[77.1456,28.64725],[77.14623,28.64797],[77.14717,28.64906],[77.14805,28.65011],[77.14882,28.65101],[77.14964,28.65191],[77.15027,28.65267],[77.15182,28.65449],[77.1523518,28.6550872]]]},"properties":{"fill-opacity":0,"stroke-opacity":1,"stroke":"#ff0000","WNo_SEC":90,"AC_No":25,"AC_No_1":25,"AC_Name":"MOTI NAGAR","Ward_No":90,"WardName":"MOTI NAGAR","TotalPop":59046,"SC_Pop":4349,"NW2022":"90, MOTI NAGAR"},"id":46},
{"type":"Feature","geometry":{"type":"Polygon","coordinates":[[[77.1444008,28.6458396],[77.1437984,28.6461743],[77.1434038,28.6464219],[77.1433083,28.6465804],[77.1429903,28.6472119],[77.1426851,28.6479126],[77.1425121,28.6480414],[77.1421717,28.6476214],[77.141277,28.6481556],[77.1405019,28.6486488],[77.1400139,28.6490332],[77.1391326,28.6496619],[77.1387109,28.6499485],[77.1382333,28.650311],[77.1374848,28.6508288],[77.1374285,28.6509072],[77.137164,28.6510897],[77.1371984,28.6511493],[77.1367513,28.6515805],[77.1366605,28.6515104],[77.1355696,28.6525264],[77.1354056,28.6523931],[77.1352908,28.6525112],[77.1350353,28.6523466],[77.1348373,28.6527252],[77.1346135,28.6532981],[77.1344979,28.6535383],[77.1342711,28.6534477],[77.13287,28.65305],[77.132551,28.6529727],[77.1324967,28.6531421],[77.1319618,28.6530109],[77.1319001,28.653248],[77.1311675,28.6530406],[77.1312525,28.6527933],[77.1304952,28.6525918],[77.1305696,28.6524825],[77.1293961,28.6521909],[77.1282926,28.6518929],[77.1275111,28.6516399],[77.12722,28.65152],[77.12638,28.651],[77.12541,28.65044],[77.12504,28.65025],[77.12533,28.64963],[77.12556,28.64911],[77.12584,28.64835],[77.12619,28.64749],[77.12708,28.64517],[77.12734,28.64451],[77.12817,28.64236],[77.12871,28.64095],[77.1292564,28.6395677],[77.1297393,28.6383197],[77.1300254,28.6375003],[77.1308698,28.635244],[77.1313613,28.633956],[77.1317143,28.6330134],[77.1322768,28.6315463],[77.1339766,28.6335809],[77.1367542,28.6368328],[77.1376155,28.6378272],[77.1385844,28.6389638],[77.1394759,28.6399983],[77.1401651,28.6408339],[77.1403669,28.641041],[77.1407543,28.6415223],[77.1412252,28.6421704],[77.1422113,28.6433787],[77.1429982,28.6441939],[77.1444008,28.6458396]]]},"properties":{"fill-opacity":0,"stroke-opacity":1,"stroke":"#ff0000","WNo_SEC":91,"AC_No":25,"AC_No_1":25,"AC_Name":"MOTI NAGAR","Ward_No":91,"WardName":"RAMESH NAGAR","TotalPop":72577,"SC_Pop":7801,"NW2022":"91, RAMESH NAGAR"},"id":47},
{"type":"Feature","geometry":{"type":"Polygon","coordinates":[[[77.1164395,28.661915],[77.1164314,28.6612643],[77.1176138,28.6614025],[77.1176498,28.6611153],[77.1177316,28.6607585],[77.1185317,28.6605668],[77.1187648,28.6604936],[77.11849,28.66021],[77.11827,28.65993],[77.1177371,28.6593952],[77.117442,28.6591646],[77.1171146,28.6588481],[77.1167083,28.6587286],[77.1165964,28.6586258],[77.11635,28.65852],[77.1156315,28.6583091],[77.1141681,28.6579011],[77.1141451,28.6576956],[77.1143851,28.6576662],[77.1147852,28.6575781],[77.114776,28.6574403],[77.1145631,28.6574679],[77.1145309,28.6570344],[77.1147308,28.6570136],[77.1147398,28.6570822],[77.1156248,28.6569735],[77.1156215,28.6567967],[77.1160583,28.6567607],[77.1160478,28.6564943],[77.115389,28.656538],[77.1146967,28.6564492],[77.11526,28.65384],[77.115248,28.6537998],[77.1174398,28.6541653],[77.1185272,28.6543237],[77.1215447,28.6547263],[77.1219745,28.6547539],[77.1223681,28.6547581],[77.1226379,28.6547225],[77.1235031,28.6545212],[77.1242307,28.6542385],[77.124558,28.6540731],[77.1243962,28.6537974],[77.124293,28.6535636],[77.1241736,28.653139],[77.124136,28.6526142],[77.1241664,28.6523273],[77.1242457,28.6519892],[77.1244302,28.6515323],[77.1250333,28.6502456],[77.12504,28.65025],[77.12541,28.65044],[77.12638,28.651],[77.12722,28.65152],[77.1275111,28.6516399],[77.1282926,28.6518929],[77.1293961,28.6521909],[77.1305696,28.6524825],[77.1304952,28.6525918],[77.1312525,28.6527933],[77.1311675,28.6530406],[77.1319001,28.653248],[77.1319618,28.6530109],[77.1324967,28.6531421],[77.132551,28.6529727],[77.13287,28.65305],[77.1342711,28.6534477],[77.1343089,28.6537307],[77.13438,28.6539],[77.1345,28.65403],[77.13528,28.65478],[77.13546,28.65492],[77.13567,28.65518],[77.13586,28.65551],[77.13626,28.65608],[77.13686,28.65698],[77.1377848,28.6584041],[77.1371067,28.6587137],[77.1369757,28.6588053],[77.1368029,28.6587833],[77.1367445,28.6588535],[77.136234,28.6591482],[77.135961,28.6593308],[77.1358057,28.6594006],[77.1355605,28.6589893],[77.135095,28.658616],[77.1349351,28.6585977],[77.1344477,28.6583351],[77.1341786,28.6582117],[77.1340041,28.6580948],[77.1336406,28.6583646],[77.1334422,28.6585582],[77.1332349,28.6583652],[77.1328098,28.6581842],[77.1323607,28.6580139],[77.1319142,28.657894],[77.1318746,28.6579635],[77.1320498,28.6580947],[77.1317144,28.6584802],[77.1324516,28.6591524],[77.1321781,28.6594766],[77.1317511,28.6598535],[77.1315732,28.6600548],[77.1311989,28.6604164],[77.1306486,28.6607651],[77.1302225,28.6610572],[77.1299346,28.6612762],[77.1304906,28.66163],[77.1321306,28.66284],[77.1346906,28.66483],[77.13548,28.66538],[77.1378606,28.66722],[77.137988,28.6672928],[77.1377087,28.6675438],[77.1370646,28.6679085],[77.1365376,28.6683074],[77.136895,28.6685904],[77.1375923,28.6691877],[77.13801,28.66959],[77.13841,28.67007],[77.13863,28.67039],[77.13881,28.67069],[77.13897,28.67101],[77.13912,28.67139],[77.13951,28.67229],[77.1401001,28.6737601],[77.1401,28.6737601],[77.1392006,28.67388],[77.1376906,28.67406],[77.1363406,28.67418],[77.1354706,28.67429],[77.1342023,28.6744691],[77.1337379,28.6745231],[77.1316106,28.67479],[77.1292122,28.6750964],[77.1290785,28.6741895],[77.1287227,28.6718581],[77.1285562,28.6706527],[77.1267152,28.6708605],[77.1259464,28.6709354],[77.1253468,28.6710126],[77.124428,28.6711554],[77.1234962,28.6712863],[77.1234823,28.6712318],[77.1232,28.6695407],[77.1231778,28.6693582],[77.1228458,28.6693773],[77.122681,28.6681131],[77.1228073,28.6680764],[77.1233087,28.6680748],[77.1235201,28.6679631],[77.1235134,28.6676101],[77.123542,28.6671676],[77.1234945,28.6668255],[77.1235301,28.6664769],[77.1233849,28.6662232],[77.1214203,28.6664525],[77.1214696,28.6667115],[77.1208548,28.6667821],[77.1208196,28.6665156],[77.1196971,28.6666479],[77.1193739,28.6666935],[77.1194722,28.6669894],[77.1183566,28.6670118],[77.1174394,28.6670428],[77.1172606,28.66598],[77.1169976,28.6647277],[77.1170189,28.6647271],[77.1167622,28.6632905],[77.1167135,28.663297],[77.1164395,28.661915]]]},"properties":{"fill-opacity":0,"stroke-opacity":1,"stroke":"#ff0000","WNo_SEC":92,"AC_No":26,"AC_No_1":26,"AC_Name":"MADIPUR","Ward_No":92,"WardName":"PUNJABI BAGH","TotalPop":69946,"SC_Pop":9880,"NW2022":"92, PUNJABI BAGH"},"id":48},
{"type":"Feature","geometry":{"type":"Polygon","coordinates":[[[77.1167135,28.663297],[77.1167622,28.6632905],[77.1170189,28.6647271],[77.1169976,28.6647277],[77.1172606,28.66598],[77.1174394,28.6670428],[77.1183566,28.6670118],[77.1194722,28.6669894],[77.1193739,28.6666935],[77.1196971,28.6666479],[77.1208196,28.6665156],[77.1208548,28.6667821],[77.1214696,28.6667115],[77.1214203,28.6664525],[77.1233849,28.6662232],[77.1235301,28.6664769],[77.1234945,28.6668255],[77.123542,28.6671676],[77.1235134,28.6676101],[77.1235201,28.6679631],[77.1233087,28.6680748],[77.1228073,28.6680764],[77.122681,28.6681131],[77.1228458,28.6693773],[77.1231778,28.6693582],[77.1232,28.6695407],[77.1234823,28.6712318],[77.1234962,28.6712863],[77.124428,28.6711554],[77.1253468,28.6710126],[77.1259464,28.6709354],[77.1267152,28.6708605],[77.1285562,28.6706527],[77.1287227,28.6718581],[77.1290785,28.6741895],[77.1292122,28.6750964],[77.1287406,28.67515],[77.1247506,28.67568],[77.1235906,28.67583],[77.1221306,28.67603],[77.1198806,28.67632],[77.1174,28.67666],[77.11557,28.67689],[77.11479,28.677],[77.114271,28.677056],[77.1139309,28.6770999],[77.11371,28.67573],[77.11348,28.67452],[77.11337,28.67381],[77.1133,28.67345],[77.11294,28.67137],[77.11264,28.66971],[77.1120133,28.6660763],[77.111884,28.6654194],[77.1126393,28.6653445],[77.1140133,28.6651512],[77.1153318,28.6649773],[77.115218,28.6643485],[77.1150936,28.6635189],[77.1167135,28.663297]]]},"properties":{"fill-opacity":0,"stroke-opacity":1,"stroke":"#ff0000","WNo_SEC":93,"AC_No":26,"AC_No_1":26,"AC_Name":"MADIPUR","Ward_No":93,"WardName":"MADIPUR","TotalPop":71727,"SC_Pop":34405,"NW2022":"93, MADIPUR"},"id":49},
{"type":"Feature","geometry":{"type":"Polygon","coordinates":[[[77.1088356,28.6607344],[77.10881,28.66019],[77.1087069,28.6590649],[77.1087068,28.6585385],[77.10878,28.6577],[77.10891,28.65594],[77.10897,28.65537],[77.10904,28.65455],[77.1091007,28.6540446],[77.1093091,28.65255],[77.1093156,28.6525017],[77.1109872,28.6527816],[77.11187,28.65304],[77.11224,28.65236],[77.11255,28.65189],[77.11311,28.65118],[77.1143,28.64994],[77.11513,28.64887],[77.11536,28.64856],[77.11593,28.64773],[77.11625,28.64731],[77.11663,28.64689],[77.11698,28.64642],[77.11736,28.64664],[77.11835,28.64725],[77.1187,28.64745],[77.11905,28.6476],[77.12101,28.64838],[77.121529,28.6485746],[77.1214822,28.6486685],[77.1222597,28.6489789],[77.1220579,28.649373],[77.1223208,28.6495088],[77.1228663,28.6497445],[77.123048,28.6494498],[77.1234167,28.6496261],[77.1236543,28.6497644],[77.1237807,28.6495633],[77.12431,28.64986],[77.12473,28.65005],[77.1250333,28.6502456],[77.1244302,28.6515323],[77.1242457,28.6519892],[77.1241664,28.6523273],[77.124136,28.6526142],[77.1241736,28.653139],[77.124293,28.6535636],[77.1243962,28.6537974],[77.124558,28.6540731],[77.1242307,28.6542385],[77.1235031,28.6545212],[77.1226379,28.6547225],[77.1223681,28.6547581],[77.1219745,28.6547539],[77.1215447,28.6547263],[77.1185272,28.6543237],[77.1174398,28.6541653],[77.115248,28.6537998],[77.11526,28.65384],[77.1146967,28.6564492],[77.115389,28.656538],[77.1160478,28.6564943],[77.1160583,28.6567607],[77.1156215,28.6567967],[77.1156248,28.6569735],[77.1147398,28.6570822],[77.1147308,28.6570136],[77.1145309,28.6570344],[77.1145631,28.6574679],[77.114776,28.6574403],[77.1147852,28.6575781],[77.1143851,28.6576662],[77.1141451,28.6576956],[77.1141681,28.6579011],[77.1156315,28.6583091],[77.11635,28.65852],[77.1165964,28.6586258],[77.1167083,28.6587286],[77.1171146,28.6588481],[77.117442,28.6591646],[77.1177371,28.6593952],[77.11827,28.65993],[77.11849,28.66021],[77.1187648,28.6604936],[77.1185317,28.6605668],[77.1177316,28.6607585],[77.1176498,28.6611153],[77.1176138,28.6614025],[77.1164314,28.6612643],[77.1164395,28.661915],[77.11614,28.66189],[77.11546,28.66178],[77.1121488,28.6608633],[77.1107782,28.6606641],[77.11067,28.66066],[77.1088356,28.6607344]]]},"properties":{"fill-opacity":0,"stroke-opacity":1,"stroke":"#ff0000","WNo_SEC":94,"AC_No":26,"AC_No_1":26,"AC_Name":"MADIPUR","Ward_No":94,"WardName":"RAGHUBIR NAGAR","TotalPop":78369,"SC_Pop":20161,"NW2022":"94, RAGHUBIR NAGAR"},"id":50},
{"type":"Feature","geometry":{"type":"Polygon","coordinates":[[[77.1112779,28.6319797],[77.1115504,28.631859],[77.111764,28.6316265],[77.1120713,28.6313635],[77.1124176,28.6311781],[77.1128808,28.6310397],[77.1133242,28.630966],[77.11363,28.6309502],[77.1144595,28.6309382],[77.1154196,28.6309364],[77.1181525,28.630889],[77.1193,28.6308624],[77.1197689,28.6308312],[77.1214524,28.6308002],[77.1220627,28.6307828],[77.1222573,28.6307386],[77.1224418,28.6306397],[77.1227132,28.6304415],[77.1236495,28.6298112],[77.1225741,28.6285407],[77.1204949,28.6261064],[77.1205961,28.6260299],[77.1230108,28.6244225],[77.1239388,28.6238305],[77.1242419,28.6236186],[77.1248252,28.623242],[77.1249151,28.6233414],[77.1251229,28.6231934],[77.1264823,28.6247876],[77.12742,28.62591],[77.1287023,28.6273647],[77.12912,28.62787],[77.13055,28.62954],[77.1322768,28.6315463],[77.1317143,28.6330134],[77.1313613,28.633956],[77.1308698,28.635244],[77.1300254,28.6375003],[77.1297393,28.6383197],[77.12852,28.63783],[77.128,28.63752],[77.1278146,28.6373834],[77.1266992,28.6375111],[77.1261981,28.6375794],[77.1255847,28.6377351],[77.1248324,28.6378459],[77.12411,28.63782],[77.1226641,28.6378182],[77.1216726,28.6378427],[77.1215801,28.6378646],[77.12081,28.63784],[77.12,28.63784],[77.1198563,28.6378081],[77.1198508,28.637025],[77.1195363,28.6369984],[77.1191557,28.6368973],[77.1188287,28.6366776],[77.1186684,28.6365069],[77.1173398,28.63734],[77.1170233,28.6375086],[77.1158594,28.6381908],[77.1148471,28.6387556],[77.1144849,28.639007],[77.1138312,28.6394365],[77.11357,28.63918],[77.11339,28.63904],[77.113115,28.6389701],[77.1127534,28.6389246],[77.1119815,28.6389138],[77.1117413,28.6389776],[77.1114833,28.6391092],[77.1108039,28.6395323],[77.1105519,28.6397044],[77.1096421,28.6402694],[77.1093865,28.6404124],[77.1089565,28.6406167],[77.1086424,28.6407235],[77.1083893,28.6407836],[77.1077628,28.6408706],[77.1077414,28.6396904],[77.1077101,28.6386688],[77.1077025,28.6374683],[77.1060073,28.6374055],[77.1058171,28.6373846],[77.1058101,28.6357524],[77.1057445,28.6355257],[77.1054944,28.6350753],[77.1052274,28.6347324],[77.1050106,28.6345436],[77.1047547,28.6344248],[77.1037314,28.6343888],[77.1033165,28.6343911],[77.10335,28.63419],[77.10333,28.63324],[77.1033445,28.6331328],[77.1040927,28.6331397],[77.1040815,28.6324124],[77.1043811,28.632346],[77.1044272,28.6322313],[77.1047442,28.6323637],[77.1050661,28.6325583],[77.1053281,28.6324932],[77.1055311,28.6323982],[77.1057046,28.6327772],[77.1059007,28.6327096],[77.1060652,28.6329208],[77.1063217,28.6327332],[77.1065083,28.6326327],[77.107209,28.632375],[77.1075237,28.6323357],[77.1077067,28.6323787],[77.1079665,28.6325182],[77.1081158,28.6326512],[77.1085244,28.63239],[77.1089985,28.6321154],[77.1088397,28.6315401],[77.1087237,28.6312865],[77.108405,28.6314891],[77.1082544,28.6312318],[77.1077288,28.6314996],[77.1071781,28.6308582],[77.108419,28.6301239],[77.1091033,28.6310586],[77.1101967,28.6313756],[77.1102477,28.6319064],[77.111025,28.6319023],[77.1112295,28.6319158],[77.1112779,28.6319797]]]},"properties":{"fill-opacity":0,"stroke-opacity":1,"stroke":"#ff0000","WNo_SEC":98,"AC_No":28,"AC_No_1":28,"AC_Name":"HARI NAGAR","Ward_No":98,"WardName":"SUBHASH NAGAR","TotalPop":59595,"SC_Pop":4633,"NW2022":"98, SUBHASH NAGAR"},"id":51},
{"type":"Feature","geometry":{"type":"Polygon","coordinates":[[[77.10738893128895,28.614824237907822],[77.1063606,28.6140727],[77.1049197,28.6130305],[77.1044405,28.6126387],[77.1033906,28.6120951],[77.1026806,28.6117647],[77.1015219,28.6111834],[77.1013193,28.6110988],[77.1004099,28.6106372],[77.1000479,28.6112583],[77.0997616,28.6117037],[77.0988877,28.6113056],[77.0988927,28.6102095],[77.0989034,28.609475],[77.0989275,28.6090985],[77.0998501,28.6092185],[77.1001696,28.6092384],[77.1005453,28.6092149],[77.1006998,28.6091666],[77.1022159,28.6085292],[77.1031621,28.6081491],[77.1036739,28.6079197],[77.1044292,28.6076183],[77.105032,28.6073589],[77.1060619,28.6069546],[77.1070033,28.6065481],[77.1084805,28.6059513],[77.1096897,28.605402],[77.1098782,28.6053467],[77.1113413,28.606996],[77.113289,28.6093035],[77.1139764,28.6102777],[77.1146037,28.6112525],[77.1154299,28.6123602],[77.1160733,28.6131785],[77.1167014,28.6138276],[77.118182,28.6154372],[77.1191866,28.6163597],[77.1201654,28.617335],[77.1214237,28.6188107],[77.1220798,28.6195736],[77.1232281,28.6209927],[77.1237153,28.621548],[77.12381,28.62169],[77.1247441,28.622748],[77.1251229,28.6231934],[77.1249151,28.6233414],[77.1248252,28.623242],[77.1242419,28.6236186],[77.1239388,28.6238305],[77.1230108,28.6244225],[77.1205961,28.6260299],[77.1204949,28.6261064],[77.1225741,28.6285407],[77.1236495,28.6298112],[77.1227132,28.6304415],[77.1224418,28.6306397],[77.1222573,28.6307386],[77.1220627,28.6307828],[77.1214524,28.6308002],[77.1197689,28.6308312],[77.1193,28.6308624],[77.1181525,28.630889],[77.1154196,28.6309364],[77.1144595,28.6309382],[77.11363,28.6309502],[77.1133242,28.630966],[77.1128808,28.6310397],[77.1124176,28.6311781],[77.1120713,28.6313635],[77.111764,28.6316265],[77.1115504,28.631859],[77.1112779,28.6319797],[77.1113796,28.6317425],[77.1113224,28.6316204],[77.111105,28.6313839],[77.1110058,28.6310444],[77.11096,28.6306095],[77.1109447,28.63027],[77.1109142,28.6287556],[77.1109066,28.6276073],[77.1108837,28.6273289],[77.1108074,28.6252537],[77.1108112,28.6250973],[77.1106701,28.625021],[77.1107093,28.6247443],[77.1108608,28.6246609],[77.11087,28.62443],[77.11085,28.62332],[77.1108124,28.6218201],[77.110802,28.6209709],[77.1107622,28.6192397],[77.1107625,28.6188903],[77.1108144,28.6185723],[77.1109026,28.6183331],[77.1111624,28.6180438],[77.1113824,28.6176634],[77.1105326,28.6170511],[77.1090939,28.6160275],[77.1081606,28.6153847],[77.1076723,28.6150293],[77.1076334,28.6149411],[77.10738893128895,28.614824237907822]]]},"properties":{"fill-opacity":0,"stroke-opacity":1,"stroke":"#ff0000","WNo_SEC":99,"AC_No":28,"AC_No_1":28,"AC_Name":"HARI NAGAR","Ward_No":99,"WardName":"HARI NAGAR","TotalPop":74020,"SC_Pop":7847,"NW2022":"99, HARI NAGAR"},"id":52},
{"type":"Feature","geometry":{"type":"Polygon","coordinates":[[[77.1676996,28.5919841],[77.1672928,28.5929176],[77.167126,28.5932538],[77.1668911,28.59366],[77.1663929,28.5944006],[77.1656362,28.5940185],[77.16346,28.59301],[77.16203,28.59242],[77.1592934,28.5912773],[77.15457,28.58934],[77.15425,28.5892],[77.15353,28.58892],[77.1518917,28.5882397],[77.15145,28.58805],[77.15082,28.58781],[77.1502,28.58754],[77.14952,28.58728],[77.14838,28.58679],[77.14711,28.58627],[77.14664,28.5861],[77.1460514,28.5837917],[77.1458492,28.5831013],[77.1451626,28.5804615],[77.1449528,28.5796719],[77.1448193,28.5791225],[77.1445713,28.5783596],[77.1442864,28.5776226],[77.1438146,28.5764892],[77.1432456,28.5756154],[77.1423422,28.5749438],[77.1421295,28.5748272],[77.1413433,28.5744956],[77.1401052,28.5740103],[77.1391189,28.5735505],[77.1380031,28.5728958],[77.1366658,28.5719747],[77.1355267,28.5712376],[77.1351643,28.5709438],[77.1348286,28.5705433],[77.1346912,28.570322],[77.1344852,28.5699253],[77.1343632,28.5695286],[77.1343136,28.5692806],[77.1342716,28.5686321],[77.1341496,28.5671825],[77.1341419,28.5669727],[77.1339321,28.5638599],[77.1338024,28.5618191],[77.1337109,28.560751],[77.1336994,28.5604496],[77.1336308,28.5596256],[77.1335659,28.5593433],[77.1333599,28.558672],[77.1330814,28.5576496],[77.1329823,28.5574207],[77.1328602,28.5570202],[77.1327,28.5564213],[77.1323528,28.55546],[77.1323376,28.5554523],[77.13204,28.554491],[77.1317682,28.5541747],[77.1314411,28.5533109],[77.1322921,28.5531562],[77.1328662,28.5530334],[77.1332318,28.5539594],[77.1342163,28.5537908],[77.1348323,28.5536703],[77.1364708,28.5533868],[77.136353,28.5526374],[77.13624,28.5517979],[77.1362247,28.5513668],[77.1362589,28.5508638],[77.136015,28.5494805],[77.1364534,28.5493089],[77.1366393,28.54928],[77.136345,28.5468572],[77.1361646,28.5454513],[77.1366476,28.5453137],[77.136836,28.5454476],[77.1369286,28.5455897],[77.1372035,28.5455098],[77.1371097,28.5453154],[77.136985,28.5444937],[77.1377154,28.5443479],[77.1385035,28.544275],[77.1392975,28.5441731],[77.1396123,28.5440049],[77.1398487,28.5437548],[77.1399959,28.5433884],[77.1402378,28.5429684],[77.1411316,28.5416539],[77.1414344,28.5413371],[77.1415703,28.5412514],[77.1423683,28.542005],[77.1436721,28.5416568],[77.1439762,28.5415287],[77.145572,28.5406682],[77.1456059,28.5442578],[77.1454184,28.5463916],[77.1480377,28.546404],[77.148241,28.5468805],[77.1481466,28.5469295],[77.1480198,28.5471096],[77.1477766,28.5473491],[77.1474332,28.547414],[77.1471853,28.5475399],[77.1471777,28.5478221],[77.1473226,28.5480396],[77.1474752,28.5483829],[77.1475439,28.5486003],[77.147582,28.5488559],[77.1477613,28.5492641],[77.1479559,28.5495006],[77.1486921,28.5495807],[77.1487722,28.5496608],[77.148921,28.550214],[77.1490087,28.5507556],[77.1490559,28.5512811],[77.1491651,28.55153],[77.149207,28.5519837],[77.1493673,28.5525486],[77.1495809,28.553033],[77.1496763,28.553384],[77.1497411,28.5534641],[77.1496743,28.5536422],[77.1492939,28.5536404],[77.1492481,28.5536861],[77.1491032,28.55406],[77.1488629,28.5543994],[77.1487255,28.5545216],[77.1481228,28.5546474],[77.1479816,28.5547581],[77.1475544,28.5548763],[77.1473064,28.5548954],[77.1471806,28.5549412],[77.1466122,28.5553074],[77.1464138,28.5553913],[77.1460743,28.5554638],[77.145792,28.5554714],[77.1455975,28.5555439],[77.1452389,28.5557537],[77.1447326,28.5559591],[77.1453924,28.5568592],[77.1457433,28.5577785],[77.1464986,28.5587627],[77.1468649,28.5594265],[77.1472044,28.5599109],[77.1476278,28.560567],[77.1481762,28.5613804],[77.1486759,28.5618877],[77.1489658,28.5621586],[77.1493244,28.5626507],[77.1500149,28.5626926],[77.1508045,28.562727],[77.1507931,28.5639172],[77.1507778,28.5642452],[77.1508656,28.5646954],[77.1509075,28.5653057],[77.1508847,28.5654699],[77.1518192,28.5671101],[77.1535091,28.5696316],[77.1557102,28.5728512],[77.1559811,28.5732517],[77.1564693,28.5741405],[77.157362,28.5756092],[77.1576076,28.5758814],[77.1576801,28.5761051],[77.1581882,28.5770909],[77.1581454,28.5774219],[77.1579541,28.577927],[77.1579101,28.5782334],[77.1579217,28.5784622],[77.1579702,28.5787155],[77.1581737,28.5791496],[77.1590535,28.5807304],[77.159392,28.581382],[77.1598439,28.5822094],[77.1601668,28.5828214],[77.1602439,28.5831522],[77.1602435,28.5834464],[77.160192,28.5836783],[77.1600849,28.5839454],[77.1599595,28.5841614],[77.1598028,28.58433],[77.1599882,28.5846671],[77.1606494,28.5888934],[77.1642791,28.5884811],[77.1652379,28.5899827],[77.16585,28.59041],[77.16619,28.59144],[77.1663097,28.591919],[77.1676996,28.5919841]]]},"properties":{"fill-opacity":0,"stroke-opacity":1,"stroke":"#ff0000","WNo_SEC":0,"AC_No":44,"AC_No_1":0,"AC_Name":"","Ward_No":0,"WardName":"","TotalPop":0,"SC_Pop":0,"NW2022":"0,"},"id":53},
{"type":"Feature","geometry":{"type":"Polygon","coordinates":[[[77.0346712,28.6194916],[77.0366391,28.6197699],[77.03694,28.6198],[77.03737,28.61987],[77.03901,28.6201],[77.03967,28.62018],[77.04072,28.62024],[77.0412,28.62025],[77.0420987,28.6201752],[77.0429112,28.6201202],[77.0436404,28.6201092],[77.044177,28.6201248],[77.0447949,28.6201817],[77.0458741,28.620319],[77.0460282,28.6203502],[77.04765,28.62054],[77.0483346,28.6206288],[77.049585,28.6207671],[77.0509111,28.6209252],[77.05147,28.62097],[77.05189,28.62104],[77.052777,28.6211619],[77.0527673,28.6212742],[77.05414,28.6214895],[77.0547931,28.6216124],[77.0547846,28.6216507],[77.0552685,28.6217491],[77.05526,28.62229],[77.05539,28.62246],[77.0559,28.62296],[77.05662,28.62297],[77.0566103,28.6236499],[77.05662,28.62462],[77.05661,28.62479],[77.05661,28.62579],[77.0566344,28.6261855],[77.0566286,28.6267737],[77.0566391,28.627192],[77.0559716,28.6272],[77.0559569,28.6262756],[77.0545943,28.6262927],[77.0545963,28.6263618],[77.0532394,28.6263664],[77.0532378,28.6264569],[77.0527726,28.6264669],[77.0527776,28.6265823],[77.052864,28.6266657],[77.0525522,28.6266756],[77.0525697,28.6269157],[77.0518817,28.6269292],[77.0519111,28.6274549],[77.0518921,28.6275391],[77.0512916,28.6275555],[77.0512966,28.6277566],[77.0518919,28.6277509],[77.0519101,28.62777],[77.0519061,28.6283154],[77.0513053,28.6283206],[77.0508981,28.6279471],[77.0507022,28.6277392],[77.0501728,28.6272903],[77.0498179,28.6269523],[77.0492535,28.6263852],[77.04889,28.6260021],[77.0484114,28.6255473],[77.0480602,28.6251964],[77.0477106,28.6254049],[77.0474975,28.6254193],[77.0471786,28.6255798],[77.0469836,28.6257056],[77.0464985,28.6258884],[77.0462033,28.6259302],[77.0449771,28.626025],[77.0450228,28.6268378],[77.0450294,28.6272503],[77.0448489,28.6272502],[77.0448409,28.62737],[77.0444514,28.6273748],[77.0444604,28.6278521],[77.0446156,28.6278629],[77.044634,28.6288069],[77.0448489,28.6288018],[77.044867,28.6292238],[77.0439183,28.62924],[77.0439516,28.6304011],[77.044887,28.630381],[77.0449099,28.6311129],[77.0457696,28.6310969],[77.0469647,28.6311048],[77.0469655,28.6316423],[77.0471587,28.631645],[77.0471507,28.6320355],[77.0471701,28.633351],[77.0471865,28.6338587],[77.0461182,28.6338872],[77.0444756,28.6339097],[77.0444606,28.6350019],[77.0444795,28.6360501],[77.0445288,28.6360495],[77.0445393,28.6363946],[77.0449452,28.6363869],[77.0449476,28.6370384],[77.0449629,28.6376996],[77.0430148,28.6377271],[77.0410862,28.6377593],[77.0397406,28.6377776],[77.03974,28.63708],[77.0397,28.63599],[77.0397,28.63546],[77.03968,28.63537],[77.03968,28.63485],[77.03966,28.63444],[77.0396298,28.6318925],[77.0396101,28.6312875],[77.0389383,28.6312833],[77.0389302,28.6312199],[77.0389129,28.6298185],[77.038894,28.6287761],[77.0388931,28.6281031],[77.0388762,28.6276493],[77.0379588,28.6280439],[77.0375698,28.6282293],[77.0373375,28.6283142],[77.0358949,28.6287875],[77.0354681,28.628872],[77.0354114,28.6286354],[77.0353504,28.6274112],[77.0352906,28.6258697],[77.0352771,28.625376],[77.0342522,28.6253834],[77.0335963,28.6254021],[77.0312555,28.6254304],[77.0312526,28.624659],[77.0312303,28.6239648],[77.0323002,28.6239636],[77.0325918,28.6239294],[77.0338676,28.6239348],[77.0339254,28.6239934],[77.0346355,28.6239771],[77.0346743,28.622504],[77.034672,28.621577],[77.0346617,28.6212544],[77.0346702,28.6203117],[77.0346601,28.6198304],[77.0346712,28.6194916]]]},"properties":{"fill-opacity":0,"stroke-opacity":1,"stroke":"#ff0000","WNo_SEC":114,"AC_No":32,"AC_No_1":32,"AC_Name":"UTTAM NAGAR","Ward_No":114,"WardName":"NAWADA","TotalPop":86959,"SC_Pop":7407,"NW2022":"114, NAWADA"},"id":54},
{"type":"Feature","geometry":{"type":"Polygon","coordinates":[[[77.0809882,28.5926484],[77.081068,28.5926343],[77.0808063,28.5943271],[77.0806522,28.5950724],[77.0806614,28.5957755],[77.0810626,28.596903],[77.081366,28.5978811],[77.0816975,28.5993786],[77.0817509,28.5993748],[77.0818577,28.599844],[77.0818272,28.5998745],[77.082037,28.6008472],[77.0821209,28.6013241],[77.0822964,28.6021976],[77.08251,28.60285],[77.0825481,28.6028728],[77.0827552,28.6033431],[77.0829653,28.6042113],[77.0821516,28.6048892],[77.0818194,28.6051378],[77.0815828,28.60534],[77.081271,28.6057329],[77.0811506,28.6061265],[77.0811228,28.6062882],[77.0811491,28.6064722],[77.081328,28.6068125],[77.0813329,28.6068874],[77.0815372,28.6072407],[77.0819187,28.6077785],[77.0824451,28.6086292],[77.0827808,28.6092434],[77.0830326,28.6095943],[77.0835781,28.6103115],[77.0837917,28.6106281],[77.0837765,28.610899],[77.0839228,28.6111278],[77.0836449,28.6109722],[77.0833681,28.6108964],[77.0832289,28.6107084],[77.0831387,28.6106615],[77.0828132,28.6106211],[77.0822837,28.6105194],[77.0820531,28.6104179],[77.0817361,28.6101912],[77.08079799310174,28.609413304214648],[77.0803099,28.6089979],[77.0791809,28.6080662],[77.07896,28.6079037],[77.0781445,28.6075008],[77.0768869,28.6069041],[77.0764843,28.6067205],[77.0760715,28.6065716],[77.0746714,28.6060858],[77.0738667,28.6058164],[77.0729104,28.6054705],[77.0726597,28.6053108],[77.0725381,28.6051825],[77.0718086,28.6039824],[77.0716144,28.603752],[77.0714324,28.6036357],[77.0701239,28.6030969],[77.0703257,28.6026221],[77.0708796,28.6013829],[77.0711929,28.6007026],[77.0716115,28.5997444],[77.0717567,28.5993245],[77.0719404,28.5985241],[77.0719999,28.5981849],[77.0720694,28.5976456],[77.0721028,28.5971618],[77.0721166,28.5965776],[77.0721043,28.5964197],[77.0718479,28.5948654],[77.0719653,28.5947522],[77.0725976,28.5945325],[77.0753918,28.5939503],[77.0774937,28.5933971],[77.0783062,28.5932026],[77.0785732,28.5931263],[77.0809952,28.5924931],[77.0809882,28.5926484]]]},"properties":{"fill-opacity":0,"stroke-opacity":1,"stroke":"#ff0000","WNo_SEC":137,"AC_No":37,"AC_No_1":37,"AC_Name":"PALAM","Ward_No":137,"WardName":"MAHAVIR ENCLAVE","TotalPop":67473,"SC_Pop":9134,"NW2022":"137, MAHAVIR ENCLAVE"},"id":55},
{"type":"Feature","geometry":{"type":"Polygon","coordinates":[[[77.0572922,28.7052886],[77.0573593,28.7054766],[77.0574173,28.7060172],[77.0575963,28.7082117],[77.0577046,28.7083073],[77.0576007,28.7088948],[77.0585195,28.7088759],[77.0586654,28.709722],[77.0588933,28.7099792],[77.0594913,28.7104007],[77.0596738,28.7106567],[77.059935,28.7106525],[77.0600962,28.7107682],[77.0605931,28.7116109],[77.0608563,28.7121956],[77.0611122,28.7127989],[77.06117898380998,28.71289187746001],[77.0581086,28.714965],[77.0551687,28.7169578],[77.0538976,28.7178098],[77.0536344,28.7180111],[77.0534364,28.7177362],[77.0528409,28.717232],[77.052123,28.7167923],[77.0515826,28.7165438],[77.0513381,28.7165058],[77.0510689,28.7164143],[77.0505966,28.7161499],[77.0499057,28.7157904],[77.0492596,28.7154659],[77.0487851,28.7152419],[77.0471364,28.7164523],[77.0463928,28.7171803],[77.0457112,28.7177518],[77.0452154,28.7181376],[77.044508,28.7184171],[77.0442007,28.7185262],[77.0429459,28.7188561],[77.0421735,28.7190863],[77.041882,28.7192103],[77.0412185,28.7193915],[77.0409886,28.7194215],[77.040321,28.7196058],[77.0401855,28.7194721],[77.0386291,28.719843],[77.0383907,28.7197216],[77.037694,28.7196845],[77.0370032,28.719744],[77.036404,28.7198182],[77.0348546,28.7199748],[77.0330535,28.7202388],[77.0316671,28.7205652],[77.0313585,28.720673],[77.0305814,28.7207067],[77.0298707,28.7209441],[77.0288757,28.7214389],[77.0288321,28.7214706],[77.0288321,28.7206647],[77.0295092,28.7206665],[77.0294648,28.7190676],[77.0315554,28.7189884],[77.0315205,28.7178848],[77.0308196,28.7178924],[77.0307927,28.7173449],[77.0311026,28.717346],[77.0310581,28.7154087],[77.0310416,28.7144545],[77.0310245,28.7124544],[77.0317701,28.7124357],[77.0327451,28.712427],[77.0337877,28.7124242],[77.0339056,28.7123878],[77.0339557,28.7122689],[77.0339648,28.711485],[77.0340558,28.711368],[77.0347822,28.7113214],[77.0353125,28.7112589],[77.0361384,28.7112598],[77.0363848,28.7112398],[77.0369858,28.7111303],[77.0375743,28.7111036],[77.0383353,28.7111156],[77.0388597,28.7110898],[77.0399814,28.7110904],[77.0400939,28.7110627],[77.0402599,28.7109446],[77.0403063,28.7108341],[77.0403107,28.7090151],[77.0402869,28.7079227],[77.0402887,28.7074676],[77.0403535,28.7073313],[77.0408582,28.7068457],[77.0412553,28.7065135],[77.0425611,28.7053602],[77.0430935,28.7049699],[77.0435557,28.7046103],[77.0435998,28.7044955],[77.0436006,28.7042133],[77.0436315,28.7040498],[77.0440486,28.7033264],[77.0442555,28.7030582],[77.0444681,28.7030164],[77.0450743,28.7030225],[77.0458494,28.7030089],[77.0458365,28.7029545],[77.0457921,28.7020502],[77.0457681,28.7012137],[77.0457238,28.7008068],[77.045653,28.7006337],[77.0466156,28.700283],[77.0465961,28.7002464],[77.0479686,28.699779],[77.0479416,28.6997191],[77.0486687,28.6995145],[77.0484993,28.6991506],[77.0482653,28.6985618],[77.0480241,28.6981154],[77.0493213,28.6974769],[77.0491819,28.6972702],[77.0483745,28.6960002],[77.0482455,28.6958412],[77.0487295,28.6955575],[77.0488461,28.6954701],[77.0495514,28.6959382],[77.0498022,28.6961218],[77.0506413,28.6966949],[77.0513033,28.6971653],[77.0514686,28.6972556],[77.0517352,28.6974917],[77.0519538,28.6977569],[77.0529041,28.6991049],[77.0537207,28.7002983],[77.0543908,28.7012353],[77.0545317,28.7013995],[77.0550905,28.7022027],[77.0554074,28.7026233],[77.0553069,28.702662],[77.0556747,28.7031915],[77.0563417,28.7040736],[77.0569236,28.7047512],[77.0572663,28.7052162],[77.0572922,28.7052886]]]},"properties":{"fill-opacity":0,"stroke-opacity":1,"stroke":"#ff0000","WNo_SEC":40,"AC_No":9,"AC_No_1":9,"AC_Name":"KIRARI","Ward_No":40,"WardName":"NITHARI","TotalPop":63982,"SC_Pop":6447,"NW2022":"40, NITHARI"},"id":56},
{"type":"Feature","geometry":{"type":"Polygon","coordinates":[[[77.2209535,28.6921996],[77.2212549,28.692259],[77.2218932,28.6925446],[77.2220747,28.6926859],[77.2222117,28.6929165],[77.2224053,28.6933374],[77.2225674,28.6939605],[77.222955,28.6950981],[77.2229558,28.6953254],[77.2230788,28.6956384],[77.2236905,28.696245],[77.2236547,28.6963871],[77.2236805,28.6965859],[77.2241351,28.6978578],[77.2241715,28.6980335],[77.2244618,28.6989001],[77.2250348,28.7005027],[77.2251618,28.7006846],[77.2255661,28.7009882],[77.2261136,28.7014451],[77.2267321,28.7019297],[77.2272082,28.7022469],[77.2275846,28.7022901],[77.2277151,28.7036492],[77.2283884,28.7038872],[77.2288968,28.7041313],[77.2291951,28.7041731],[77.2298157,28.7040826],[77.23093,28.7041132],[77.2313899,28.7119589],[77.231442,28.7120831],[77.2317927,28.713182],[77.2323415,28.7151035],[77.2329414,28.7167755],[77.2334463,28.7180247],[77.23327,28.71858],[77.23311,28.71881],[77.2328761,28.7190055],[77.2319992,28.7196212],[77.2316388,28.7200179],[77.2313977,28.7200874],[77.2304723,28.7200827],[77.229855,28.7200376],[77.2290818,28.720097],[77.2287111,28.721088],[77.228339,28.7221611],[77.228174,28.7227794],[77.2269984,28.7263799],[77.2263088,28.7284374],[77.2256895,28.730094],[77.225523,28.7301846],[77.2251301,28.7303104],[77.2245846,28.7305813],[77.223917,28.7308788],[77.2232761,28.7310467],[77.2232418,28.7312679],[77.2230549,28.7314205],[77.2211475,28.7323856],[77.2199917,28.7329464],[77.2196331,28.7331333],[77.2191257,28.7337513],[77.2190609,28.7337437],[77.2189693,28.7335567],[77.2189732,28.7333469],[77.2188702,28.7331715],[77.2187138,28.7330151],[77.2184734,28.732687],[77.2184025,28.7323719],[77.2183635,28.7319222],[77.218184,28.7318153],[77.2180958,28.7313213],[77.2179089,28.7305775],[77.2177486,28.7294865],[77.2184124,28.7293797],[77.2183857,28.7291775],[77.2182064,28.7292004],[77.2181721,28.7289944],[77.2180958,28.7290058],[77.2180271,28.7286625],[77.2178898,28.7286663],[77.2178478,28.7283726],[77.2173634,28.7284298],[77.2171688,28.7279797],[77.2170887,28.7279186],[77.2170391,28.7277393],[77.2168179,28.7272091],[77.2167377,28.7269459],[77.2157749,28.7270532],[77.2148277,28.7270876],[77.2137436,28.7270883],[77.2131556,28.7270553],[77.2129307,28.7270243],[77.213435,28.7262646],[77.2138461,28.7257534],[77.2147453,28.7245925],[77.2149192,28.7244076],[77.2153129,28.7242943],[77.2157755,28.7241291],[77.216441,28.7238671],[77.2169302,28.7237122],[77.2165549,28.7229116],[77.2162324,28.7221792],[77.21644,28.72211],[77.2188895,28.7212236],[77.2218194,28.7201848],[77.2223839,28.7199249],[77.2221846,28.7193739],[77.2218757,28.7188538],[77.2211962,28.7167622],[77.2208898,28.7167659],[77.2204482,28.7168156],[77.2199633,28.7170605],[77.2198135,28.7170953],[77.2193671,28.7163054],[77.2193889,28.7159893],[77.2199833,28.7161047],[77.2199334,28.7159308],[77.2201043,28.7158883],[77.2201581,28.7160085],[77.2205552,28.7159461],[77.221106,28.7157073],[77.2199219,28.7132266],[77.219016,28.7111343],[77.2189645,28.7111575],[77.2186844,28.7105427],[77.2185559,28.7103002],[77.2186573,28.7102615],[77.2185268,28.7100045],[77.2177828,28.7082861],[77.2176749,28.7081337],[77.2177953,28.7080569],[77.2163503,28.7063348],[77.2160296,28.7058687],[77.2155997,28.7049768],[77.2151047,28.7040908],[77.2145048,28.7029879],[77.214302,28.7026818],[77.2140706,28.702427],[77.212698,28.7014964],[77.2116611,28.7006516],[77.2112648,28.70029],[77.2105922,28.6993975],[77.2096012,28.6979886],[77.2090772,28.6971686],[77.2100068,28.6968106],[77.210729,28.6965999],[77.2121604,28.6960501],[77.2136657,28.6954577],[77.2157596,28.6947],[77.2176179,28.6940058],[77.2196007,28.6933001],[77.219835,28.6933068],[77.2205224,28.6927723],[77.22074,28.6924],[77.2208479,28.6924019],[77.2209535,28.6921996]]]},"properties":{"fill-opacity":0,"stroke-opacity":1,"stroke":"#ff0000","WNo_SEC":11,"AC_No":3,"AC_No_1":3,"AC_Name":"TIMARPUR","Ward_No":11,"WardName":"TIMARPUR","TotalPop":76596,"SC_Pop":14624,"NW2022":"11, TIMARPUR"},"id":57},
{"type":"Feature","geometry":{"type":"Polygon","coordinates":[[[77.0419588,28.5257574],[77.0420248,28.5256812],[77.0419859,28.5255196],[77.0420836,28.5254367],[77.0431917,28.5249619],[77.0433517,28.5248498],[77.043376,28.5247659],[77.0433486,28.5239356],[77.0434548,28.5237666],[77.0439434,28.5233264],[77.0442788,28.5229992],[77.044502,28.5228298],[77.045293,28.5224415],[77.0457981,28.5221524],[77.0470384,28.5214971],[77.0473142,28.5213361],[77.0476728,28.5211675],[77.0481124,28.5209326],[77.0482147,28.5208226],[77.0479787,28.5204458],[77.0477357,28.520184],[77.047536,28.5199215],[77.0472882,28.5194076],[77.0465859,28.5178654],[77.0462791,28.5172073],[77.0460121,28.5165963],[77.0463085,28.5165276],[77.0486493,28.5160798],[77.0497572,28.5157843],[77.0501057,28.5156509],[77.0509985,28.5153604],[77.0520548,28.5150382],[77.052978,28.5147382],[77.0542345,28.5143878],[77.0545351,28.5142834],[77.0549044,28.5140747],[77.055064,28.5140996],[77.0555916,28.5139163],[77.0560615,28.5136695],[77.0572531,28.5129972],[77.0575043,28.5128883],[77.0584557,28.5126686],[77.0593801,28.5123973],[77.0611654,28.512189],[77.061548,28.5122336],[77.0620168,28.5123317],[77.0629118,28.5125472],[77.0639638,28.5126542],[77.0643935,28.5126564],[77.0646764,28.5126317],[77.0655391,28.5124828],[77.0656896,28.512437],[77.0665716,28.512234],[77.0673029,28.5121629],[77.0674331,28.5121742],[77.067429,28.5124845],[77.067469,28.5127196],[77.0677144,28.5131144],[77.0681524,28.5136673],[77.0690331,28.5147067],[77.0693447,28.5150639],[77.070436,28.5163877],[77.0711626,28.5172942],[77.0713718,28.5176024],[77.0714435,28.5178095],[77.0716301,28.5181593],[77.0718147,28.5185546],[77.071766,28.5187244],[77.0720121,28.5194857],[77.0720075,28.520103],[77.0719547,28.520155],[77.0725079,28.5211048],[77.0727901,28.5215702],[77.0730915,28.5221081],[77.0734158,28.522646],[77.0735035,28.5227642],[77.0735035,28.522871],[77.0736103,28.523241],[77.0737896,28.5233707],[77.0739002,28.5233936],[77.073885,28.5235996],[77.0740185,28.5239086],[77.074419,28.5246143],[77.0747776,28.525156],[77.0757313,28.5263653],[77.0767164,28.5274987],[77.076565,28.5276756],[77.0767163,28.5277662],[77.076907,28.527943],[77.0773063,28.5283708],[77.0781969,28.5292672],[77.0784809,28.5295702],[77.0790503,28.5302497],[77.0794229,28.5306147],[77.0799541,28.531004],[77.0804348,28.5312519],[77.0807858,28.5313816],[77.0814724,28.5316029],[77.0819645,28.5316868],[77.0826015,28.5317707],[77.083334,28.5317783],[77.0837116,28.5317593],[77.0839024,28.5317783],[77.0843105,28.5317707],[77.0847187,28.5317135],[77.0850556,28.5316036],[77.0852186,28.5315223],[77.086132,28.5308057],[77.0870068,28.5299756],[77.0872281,28.5298016],[77.0873596,28.5298184],[77.0876885,28.5295543],[77.0881749,28.5291999],[77.0885101,28.5289936],[77.0888908,28.5287209],[77.0891605,28.5285047],[77.0895603,28.5281259],[77.0899205,28.5278791],[77.0902497,28.5276868],[77.0907282,28.5273826],[77.0915012,28.5268504],[77.0921137,28.5264001],[77.0928563,28.5258317],[77.0942861,28.5246393],[77.0952844,28.5238227],[77.095879,28.5233567],[77.0973171,28.5222478],[77.0976046,28.5220572],[77.0982298,28.521744],[77.0990222,28.522924],[77.1010189,28.5258808],[77.1020908,28.5274448],[77.1040974,28.5304356],[77.1050854,28.5318623],[77.1055813,28.5323696],[77.1061844,28.5328098],[77.1070499,28.5332737],[77.1085911,28.534029],[77.1091284,28.5343061],[77.1102252,28.5348717],[77.1094671,28.5348251],[77.1092435,28.5348373],[77.1083736,28.5350339],[77.107043,28.5353696],[77.1044068,28.5359823],[77.1029245,28.5362087],[77.1016607,28.5364159],[77.0967709,28.5373094],[77.0940868,28.5377955],[77.0927052,28.5380653],[77.0923343,28.5380907],[77.0910395,28.538363],[77.0905784,28.5384311],[77.0899982,28.5384922],[77.088625,28.5386181],[77.0866528,28.5389576],[77.0853062,28.5392208],[77.084486,28.5394306],[77.0832386,28.5397129],[77.0808544,28.5406437],[77.0800114,28.5409069],[77.0786152,28.5412235],[77.0778561,28.5413723],[77.0770168,28.5415516],[77.0756168,28.5418987],[77.0746746,28.5421391],[77.0734692,28.5424061],[77.0730076,28.5424938],[77.0716457,28.5427914],[77.0711384,28.54286],[77.0702305,28.5430355],[77.069994,28.543066],[77.0692234,28.5432415],[77.0683575,28.5434589],[77.0663776,28.5439014],[77.0653744,28.544157],[77.0643559,28.5443935],[77.0634747,28.5446148],[77.0610828,28.545187],[77.0607548,28.5452976],[77.0600643,28.5456333],[77.0593624,28.5460949],[77.0547154,28.5406922],[77.0530058,28.5386935],[77.0505933,28.5358579],[77.0496495,28.5347285],[77.0490772,28.5340781],[77.048603,28.5342674],[77.0485808,28.5342939],[77.0480661,28.5344937],[77.0473695,28.5347082],[77.0462666,28.5350014],[77.0462192,28.5350473],[77.0455773,28.5352148],[77.0454598,28.5338143],[77.0455193,28.5336908],[77.0461638,28.5336894],[77.0461032,28.5314643],[77.0464545,28.5314675],[77.046693,28.5314436],[77.0419588,28.5257574]]]},"properties":{"fill-opacity":0,"stroke-opacity":1,"stroke":"#ff0000","WNo_SEC":131,"AC_No":36,"AC_No_1":36,"AC_Name":"BIJWASAN","Ward_No":131,"WardName":"BIJWASAN","TotalPop":47291,"SC_Pop":7015,"NW2022":"131, BIJWASAN"},"id":58},
{"type":"Feature","geometry":{"type":"Polygon","coordinates":[[[77.0593624,28.5460949],[77.0600643,28.5456333],[77.0607548,28.5452976],[77.0610828,28.545187],[77.0634747,28.5446148],[77.0643559,28.5443935],[77.0653744,28.544157],[77.0663776,28.5439014],[77.0683575,28.5434589],[77.0692234,28.5432415],[77.069994,28.543066],[77.0702305,28.5430355],[77.0711384,28.54286],[77.0716457,28.5427914],[77.0730076,28.5424938],[77.0734692,28.5424061],[77.0746746,28.5421391],[77.0756168,28.5418987],[77.0770168,28.5415516],[77.0778561,28.5413723],[77.0786152,28.5412235],[77.0800114,28.5409069],[77.0808544,28.5406437],[77.0832386,28.5397129],[77.084486,28.5394306],[77.0853062,28.5392208],[77.0866528,28.5389576],[77.088625,28.5386181],[77.0899982,28.5384922],[77.0905784,28.5384311],[77.0910395,28.538363],[77.0923343,28.5380907],[77.0927052,28.5380653],[77.0940868,28.5377955],[77.0967709,28.5373094],[77.1016607,28.5364159],[77.1029245,28.5362087],[77.1044068,28.5359823],[77.107043,28.5353696],[77.1083736,28.5350339],[77.1092435,28.5348373],[77.1094671,28.5348251],[77.1102252,28.5348717],[77.1091284,28.5343061],[77.1091472,28.5339827],[77.1091243,28.5338045],[77.1091597,28.5336115],[77.1093858,28.533348],[77.1099587,28.5328356],[77.1099733,28.5326854],[77.1099601,28.5313299],[77.1105445,28.5310234],[77.1107578,28.5310733],[77.1112894,28.5310944],[77.1115668,28.5313178],[77.1116562,28.531295],[77.112197,28.5307931],[77.1122769,28.5307839],[77.1127302,28.5310455],[77.113322,28.5310452],[77.1137638,28.5310622],[77.1143554,28.531054],[77.1139405,28.5305753],[77.1138996,28.5297638],[77.1139259,28.5297031],[77.1146004,28.5299021],[77.1156187,28.529624],[77.1159036,28.5294973],[77.1163575,28.5292102],[77.1171488,28.5284403],[77.1175401,28.5278888],[77.1177476,28.527542],[77.11777,28.5272434],[77.117741,28.526158],[77.1183206,28.5261604],[77.1201269,28.5261871],[77.1201576,28.5249623],[77.1205692,28.5244824],[77.1207225,28.5242476],[77.1212113,28.5239825],[77.1214684,28.5241023],[77.1218787,28.5239356],[77.1223988,28.5238185],[77.1229429,28.5235],[77.12284,28.5233149],[77.1228106,28.5231678],[77.1230462,28.5230492],[77.1234953,28.5231534],[77.1238265,28.5234042],[77.124366,28.5239313],[77.1246213,28.5241192],[77.1247073,28.5241449],[77.1251445,28.5241584],[77.1259425,28.5240661],[77.1267011,28.5239403],[77.1271721,28.5238048],[77.1275523,28.5237173],[77.1277753,28.5237083],[77.1280579,28.5236034],[77.1285485,28.5236729],[77.1287429,28.5236755],[77.1289083,28.5235988],[77.1294209,28.523603],[77.1298365,28.5234297],[77.1300807,28.5233835],[77.13017,28.5235714],[77.1303677,28.5236629],[77.1305501,28.523458],[77.1307374,28.5234988],[77.1308201,28.5236052],[77.1312181,28.5239126],[77.1314679,28.5240624],[77.1315724,28.5241656],[77.1318272,28.5242491],[77.1321852,28.5242575],[77.1323273,28.5241918],[77.1324794,28.5240321],[77.1325324,28.5238497],[77.1325265,28.5231771],[77.1327,28.5226914],[77.1327934,28.5225473],[77.1333327,28.5223275],[77.1342496,28.5220649],[77.1342004,28.5222376],[77.1342364,28.5226166],[77.1343138,28.5230344],[77.1344427,28.5235657],[77.1346534,28.5240861],[77.1349048,28.5240344],[77.1351767,28.5239422],[77.1356467,28.5238824],[77.1365534,28.5238817],[77.136884,28.5238702],[77.1380488,28.5238604],[77.1386279,28.5238475],[77.1399471,28.5238389],[77.1404858,28.5238288],[77.1416607,28.5238284],[77.1423299,28.5238138],[77.1424084,28.524271],[77.142725,28.5253162],[77.1430454,28.5261631],[77.1431942,28.526453],[77.1437435,28.5272808],[77.1440907,28.5280094],[77.1442318,28.5285091],[77.144272,28.5289486],[77.1444061,28.5291985],[77.1448566,28.5297987],[77.1445888,28.5300385],[77.1432365,28.5301849],[77.1433573,28.5324586],[77.1435051,28.5327539],[77.1448225,28.531856],[77.1456453,28.5313781],[77.1468747,28.530429],[77.1477391,28.5295937],[77.148184,28.5292563],[77.1479756,28.5290715],[77.147435,28.5283764],[77.1473907,28.5283389],[77.1468712,28.5276536],[77.1468037,28.5276474],[77.1455284,28.5283414],[77.145158,28.5277935],[77.1447986,28.5269557],[77.1451029,28.5268342],[77.144876,28.5258294],[77.1447036,28.5252181],[77.1460728,28.5249565],[77.146138,28.5251758],[77.1463722,28.5261228],[77.1464965,28.52659],[77.1465897,28.5267867],[77.1468225,28.5270695],[77.1477001,28.5282182],[77.1477987,28.5281496],[77.1485117,28.5277625],[77.1486525,28.5276182],[77.1491562,28.5281311],[77.1495943,28.5286395],[77.1503074,28.5282365],[77.1505062,28.5284571],[77.1509292,28.5284906],[77.1524979,28.5285854],[77.153497,28.528663],[77.1534275,28.5299041],[77.1534019,28.5302396],[77.1531789,28.530209],[77.1531402,28.5306141],[77.1531199,28.5311432],[77.1526974,28.531106],[77.1521552,28.531083],[77.1515596,28.5310375],[77.1503692,28.5309698],[77.1503,28.5309852],[77.1498155,28.5313738],[77.1491932,28.5304906],[77.1484975,28.5295492],[77.1470268,28.530686],[77.145906,28.5315578],[77.1451044,28.5320923],[77.1457844,28.5329304],[77.1461277,28.5333767],[77.1474285,28.535162],[77.1480007,28.5358982],[77.1486125,28.5367072],[77.1468957,28.5376937],[77.14542,28.538524],[77.1456842,28.5388663],[77.1465924,28.5401053],[77.1462116,28.5403233],[77.145572,28.5406682],[77.1439762,28.5415287],[77.1436721,28.5416568],[77.1423683,28.542005],[77.1415703,28.5412514],[77.1414344,28.5413371],[77.1411316,28.5416539],[77.1402378,28.5429684],[77.1399959,28.5433884],[77.1398487,28.5437548],[77.1396123,28.5440049],[77.1392975,28.5441731],[77.1385035,28.544275],[77.1377154,28.5443479],[77.136985,28.5444937],[77.1371097,28.5453154],[77.1372035,28.5455098],[77.1369286,28.5455897],[77.136836,28.5454476],[77.1366476,28.5453137],[77.1361646,28.5454513],[77.136345,28.5468572],[77.1366393,28.54928],[77.1364534,28.5493089],[77.136015,28.5494805],[77.1362589,28.5508638],[77.1362247,28.5513668],[77.13624,28.5517979],[77.136353,28.5526374],[77.1364708,28.5533868],[77.1348323,28.5536703],[77.1342163,28.5537908],[77.1332318,28.5539594],[77.1328662,28.5530334],[77.1322921,28.5531562],[77.1314411,28.5533109],[77.1313013,28.5530041],[77.131067,28.5526083],[77.1306883,28.552224],[77.1304847,28.5519877],[77.1301546,28.5516831],[77.1282825,28.5502079],[77.1256517,28.5481471],[77.1251398,28.5477656],[77.1245499,28.5483654],[77.1237244,28.5491594],[77.1233061,28.5496914],[77.1235839,28.5506592],[77.1241809,28.5528613],[77.1207006,28.5536534],[77.1204232,28.5528129],[77.1200404,28.5514329],[77.1198428,28.5508417],[77.11876,28.5512489],[77.1175923,28.5517384],[77.1173581,28.5518272],[77.1165431,28.55209],[77.11606,28.5520139],[77.1145558,28.5517494],[77.1134722,28.5515974],[77.1110888,28.5532256],[77.1103104,28.552662],[77.1094724,28.5529572],[77.1070066,28.5536955],[77.1023465,28.5546822],[77.1014782,28.5548386],[77.1008078,28.5549753],[77.09936,28.55532],[77.0980724,28.5556141],[77.0958474,28.5561325],[77.0947326,28.5563787],[77.09396,28.55656],[77.093786,28.5565884],[77.0928728,28.5568071],[77.0925291,28.5568704],[77.0922073,28.5569],[77.091743,28.5568925],[77.0908325,28.5568159],[77.0905826,28.5567821],[77.0901849,28.556695],[77.0896465,28.5565059],[77.0889181,28.5561054],[77.0860607,28.5567985],[77.0850695,28.5570452],[77.0847956,28.5574123],[77.0833246,28.5596122],[77.0848589,28.5604559],[77.084482,28.5610091],[77.0842363,28.5614149],[77.083202,28.5629059],[77.0814231,28.5633404],[77.0819906,28.5648778],[77.0763672,28.5661882],[77.0750866,28.5646458],[77.0730381,28.5622463],[77.0725727,28.5617237],[77.0710964,28.5599918],[77.07131,28.5598736],[77.0713444,28.5595264],[77.0714703,28.5594158],[77.0721831,28.5591604],[77.0732098,28.5588551],[77.0747738,28.558363],[77.0756779,28.5580463],[77.0760937,28.5578823],[77.0762081,28.5579243],[77.0769711,28.5576077],[77.0772152,28.5574245],[77.0773716,28.5571613],[77.0774212,28.5569668],[77.077383,28.5567265],[77.0766582,28.5543232],[77.076305,28.5535341],[77.0761168,28.5531622],[77.0759552,28.5529763],[77.0757668,28.5528757],[77.0755174,28.5528168],[77.0748084,28.5529415],[77.0734765,28.5532226],[77.0721421,28.5534871],[77.070799,28.5537466],[77.0698486,28.5538762],[77.0685788,28.5540327],[77.0683426,28.5540728],[77.0670142,28.5545308],[77.0666576,28.5547687],[77.0663509,28.5544071],[77.065649,28.553503],[77.0646496,28.5523777],[77.0635929,28.5510769],[77.0629902,28.5503597],[77.0623684,28.5496044],[77.0615673,28.5486851],[77.0608425,28.5478306],[77.0598011,28.5466557],[77.0593624,28.5460949]]]},"properties":{"fill-opacity":0,"stroke-opacity":1,"stroke":"#ff0000","WNo_SEC":133,"AC_No":36,"AC_No_1":36,"AC_Name":"BIJWASAN","Ward_No":133,"WardName":"MAHIPALPUR","TotalPop":65162,"SC_Pop":11490,"NW2022":"133, MAHIPALPUR"},"id":59},
{"type":"Feature","geometry":{"type":"Polygon","coordinates":[[[77.2426894,28.6502396],[77.2421611,28.6502585],[77.2413958,28.6503059],[77.2408497,28.6503168],[77.240622,28.6503058],[77.240057,28.650232],[77.2397816,28.6501508],[77.2394083,28.6500023],[77.2390479,28.6498332],[77.23963,28.64907],[77.24016,28.64833],[77.24023,28.64698],[77.2404972,28.6425947],[77.2405383,28.6419364],[77.240612,28.6413272],[77.2408635,28.6400565],[77.2410732,28.6389762],[77.2410818,28.6382384],[77.2410192,28.6373091],[77.2408942,28.635878],[77.240919,28.6351383],[77.2409043,28.6332437],[77.24095,28.6324],[77.2410627,28.6310927],[77.2411705,28.6302483],[77.2413253,28.6286474],[77.24139,28.62767],[77.2413717,28.626985],[77.24129,28.6266566],[77.2412001,28.626451],[77.2409607,28.6260897],[77.24036,28.62524],[77.2406243,28.6248721],[77.2408518,28.6243743],[77.2408449,28.6240591],[77.2406012,28.6228915],[77.2405142,28.6223963],[77.24039,28.62052],[77.2403223,28.6167056],[77.24029,28.61599],[77.2401765,28.6138235],[77.24006,28.61152],[77.24008,28.60831],[77.2402859,28.6054101],[77.24056,28.60195],[77.2406544,28.6006937],[77.2407961,28.5983627],[77.2407594,28.5972311],[77.24128,28.59644],[77.24177,28.59572],[77.24227,28.59504],[77.24247,28.59479],[77.2428635,28.5942198],[77.2434586,28.5934486],[77.243312,28.5933227],[77.243263,28.5931571],[77.2425412,28.5930986],[77.2412117,28.5929563],[77.2399724,28.5927849],[77.23993,28.59171],[77.2399086,28.590938],[77.2403791,28.5903521],[77.2411521,28.5895239],[77.2421993,28.5885038],[77.2428453,28.5878958],[77.2433373,28.5874522],[77.2440352,28.5866969],[77.2440298,28.5866633],[77.2443057,28.5858517],[77.2444382,28.5853378],[77.2445026,28.5851588],[77.2447832,28.5846598],[77.2449321,28.5842552],[77.2462784,28.5848435],[77.2464049,28.5847923],[77.2466037,28.584944],[77.247062,28.5852313],[77.2468799,28.5854508],[77.247142,28.5856155],[77.2468443,28.5859535],[77.2466692,28.5860097],[77.2465995,28.5864241],[77.24691,28.58644],[77.24798,28.58674],[77.2489651,28.5855585],[77.2486285,28.5852712],[77.2482229,28.5849905],[77.2476064,28.5846103],[77.2472416,28.584341],[77.2476165,28.583877],[77.2486496,28.5826626],[77.2486908,28.5826377],[77.2504799,28.5805196],[77.2508152,28.580137],[77.2502388,28.5797339],[77.25047,28.57943],[77.2505184,28.5790909],[77.25061,28.5790499],[77.2508125,28.5790733],[77.2515432,28.5792483],[77.2523814,28.5795515],[77.2526841,28.5798119],[77.2525,28.58015],[77.25191,28.58097],[77.25182,28.58143],[77.25176,28.58163],[77.25173,28.58189],[77.2516642,28.5821534],[77.2515933,28.5826097],[77.2515471,28.582655],[77.2521097,28.5826716],[77.2527115,28.582672],[77.2528441,28.5827607],[77.2528943,28.5828894],[77.2529243,28.5832177],[77.2528735,28.5835842],[77.2528923,28.5837286],[77.2531851,28.5844361],[77.2544606,28.5839874],[77.2552773,28.5831942],[77.2550936,28.5842315],[77.2550671,28.5849175],[77.2550635,28.5859351],[77.2550705,28.5868214],[77.2550899,28.5874103],[77.2550755,28.587774],[77.2548552,28.5877736],[77.2547845,28.5886944],[77.2556816,28.5888467],[77.2563972,28.5889875],[77.256808,28.5890924],[77.257172,28.5892339],[77.2572279,28.5893009],[77.2572523,28.5884595],[77.2573149,28.5877902],[77.2574008,28.5870704],[77.2576073,28.5866953],[77.25788,28.5863834],[77.2580465,28.5864141],[77.258097,28.5862171],[77.2582544,28.5859853],[77.2587447,28.586149],[77.2586229,28.5865204],[77.2594085,28.5866653],[77.2593349,28.5871285],[77.2590703,28.5879197],[77.2585308,28.5896044],[77.2581395,28.5907761],[77.2576001,28.592454],[77.2576359,28.5925865],[77.257204,28.5937868],[77.2568165,28.5949619],[77.2565741,28.5956666],[77.2564697,28.5958017],[77.2560552,28.5970774],[77.2556397,28.5983776],[77.2557739,28.5983041],[77.2573115,28.5984786],[77.2582532,28.5986902],[77.2584827,28.5987673],[77.2606173,28.5997282],[77.2611093,28.5999417],[77.2624882,28.6005632],[77.2623522,28.600738],[77.2614834,28.601596],[77.2599363,28.6032282],[77.2588499,28.6049278],[77.2577583,28.6071829],[77.2568303,28.6099308],[77.2563041,28.6123717],[77.2559468,28.6137898],[77.2558179,28.6143015],[77.2555163,28.6154273],[77.2552533,28.6176832],[77.2552323,28.6179444],[77.2550776,28.6194633],[77.2548038,28.6201885],[77.2544524,28.6204645],[77.2537974,28.6208658],[77.2533437,28.6219243],[77.2531756,28.6235703],[77.25352,28.62481],[77.25442,28.62659],[77.255213,28.6281836],[77.25521,28.62828],[77.25631,28.63106],[77.25846,28.63383],[77.2609,28.63672],[77.26193,28.63828],[77.26301,28.64015],[77.26406,28.64271],[77.26421,28.6430364],[77.2646305,28.6439486],[77.26506,28.64534],[77.2650416,28.6467308],[77.2643808,28.6486787],[77.2638824,28.6500041],[77.2634367,28.6512626],[77.2633463,28.6514798],[77.2629235,28.6514773],[77.260234,28.6513945],[77.2586773,28.6513718],[77.2569645,28.6513592],[77.2533163,28.6512667],[77.2506537,28.6512458],[77.2477619,28.6511793],[77.2453579,28.6511404],[77.2448971,28.6511074],[77.245101,28.6506293],[77.244208,28.6503627],[77.2439639,28.6503107],[77.2434164,28.6502383],[77.2426894,28.6502396]]]},"properties":{"fill-opacity":0,"stroke-opacity":1,"stroke":"#ff0000","WNo_SEC":142,"AC_No":41,"AC_No_1":41,"AC_Name":"JANGPURA","Ward_No":142,"WardName":"DARYAGANJ","TotalPop":44956,"SC_Pop":8037,"NW2022":"142, DARYAGANJ"},"id":60},
{"type":"Feature","geometry":{"type":"Polygon","coordinates":[[[77.2526841,28.5798119],[77.2530466,28.5793111],[77.2536634,28.578498],[77.2545668,28.5774196],[77.2546004,28.5773226],[77.2550283,28.5767431],[77.2560532,28.5754136],[77.2569506,28.5742229],[77.2574665,28.573528],[77.2577998,28.5731495],[77.258076,28.5727868],[77.2582881,28.5724678],[77.2597697,28.5734791],[77.2601966,28.5737603],[77.2624378,28.575196],[77.2632544,28.5757298],[77.2643383,28.5764162],[77.2649391,28.5767739],[77.2656749,28.5772622],[77.2661828,28.5776848],[77.2679738,28.5792178],[77.2688274,28.5799699],[77.2696971,28.5806446],[77.2703056,28.5809597],[77.2708132,28.5811392],[77.2715061,28.5812888],[77.2719296,28.5813349],[77.2720762,28.5814147],[77.2798704,28.5870988],[77.27901,28.58762],[77.27683,28.58873],[77.27421,28.58999],[77.27149,28.59145],[77.26945,28.5931],[77.26741,28.59524],[77.26523,28.59742],[77.26416,28.59858],[77.2627185,28.6002671],[77.2624882,28.6005632],[77.2611093,28.5999417],[77.2606173,28.5997282],[77.2584827,28.5987673],[77.2582532,28.5986902],[77.2573115,28.5984786],[77.2557739,28.5983041],[77.2556397,28.5983776],[77.2560552,28.5970774],[77.2564697,28.5958017],[77.2565741,28.5956666],[77.2568165,28.5949619],[77.257204,28.5937868],[77.2576359,28.5925865],[77.2576001,28.592454],[77.2581395,28.5907761],[77.2585308,28.5896044],[77.2590703,28.5879197],[77.2593349,28.5871285],[77.2594085,28.5866653],[77.2586229,28.5865204],[77.2587447,28.586149],[77.2582544,28.5859853],[77.258097,28.5862171],[77.2580465,28.5864141],[77.25788,28.5863834],[77.2576073,28.5866953],[77.2574008,28.5870704],[77.2573149,28.5877902],[77.2572523,28.5884595],[77.2572279,28.5893009],[77.257172,28.5892339],[77.256808,28.5890924],[77.2563972,28.5889875],[77.2556816,28.5888467],[77.2547845,28.5886944],[77.2548552,28.5877736],[77.2550755,28.587774],[77.2550899,28.5874103],[77.2550705,28.5868214],[77.2550635,28.5859351],[77.2550671,28.5849175],[77.2550936,28.5842315],[77.2552773,28.5831942],[77.2544606,28.5839874],[77.2531851,28.5844361],[77.2528923,28.5837286],[77.2528735,28.5835842],[77.2529243,28.5832177],[77.2528943,28.5828894],[77.2528441,28.5827607],[77.2527115,28.582672],[77.2521097,28.5826716],[77.2515471,28.582655],[77.2515933,28.5826097],[77.2516642,28.5821534],[77.25173,28.58189],[77.25176,28.58163],[77.25182,28.58143],[77.25191,28.58097],[77.2525,28.58015],[77.2526841,28.5798119]]]},"properties":{"fill-opacity":0,"stroke-opacity":1,"stroke":"#ff0000","WNo_SEC":143,"AC_No":41,"AC_No_1":41,"AC_Name":"JANGPURA","Ward_No":143,"WardName":"SIDHARTHA NAGAR","TotalPop":52058,"SC_Pop":12208,"NW2022":"143, SIDHARTHA NAGAR"},"id":61},
{"type":"Feature","geometry":{"type":"Polygon","coordinates":[[[77.2449321,28.5842552],[77.2451643,28.5836634],[77.245285,28.583401],[77.2454649,28.5831542],[77.2455763,28.5832305],[77.2456675,28.5829613],[77.24568,28.58128],[77.2457134,28.579085],[77.2441429,28.5790815],[77.2431419,28.5790465],[77.2431586,28.5784504],[77.2431719,28.5768562],[77.2431851,28.5763361],[77.2428464,28.5763249],[77.2414263,28.5763028],[77.2414401,28.5748565],[77.2414735,28.5735016],[77.2414824,28.5728055],[77.2400554,28.5727867],[77.2390368,28.572766],[77.2390125,28.573705],[77.2389824,28.5742705],[77.2382914,28.5742767],[77.2379417,28.5736655],[77.2373863,28.5726601],[77.2367683,28.5716513],[77.2365685,28.5713083],[77.2369354,28.5711687],[77.2367841,28.5709016],[77.2366084,28.5705197],[77.2365875,28.5704815],[77.2374006,28.5701379],[77.2390682,28.5694563],[77.2406817,28.5688122],[77.2418218,28.5683343],[77.2443022,28.5673222],[77.2463294,28.5664665],[77.2469277,28.5675961],[77.2476981,28.5673022],[77.2474774,28.5668785],[77.2472581,28.5669623],[77.24717,28.5668254],[77.2468977,28.5663035],[77.2469661,28.5662239],[77.2474082,28.5662568],[77.2474454,28.5660421],[77.2481299,28.5660825],[77.2495595,28.5662024],[77.2501753,28.5662614],[77.2502518,28.5656132],[77.2510011,28.5656906],[77.2514126,28.5657753],[77.2519254,28.5659642],[77.2521851,28.5661161],[77.2524771,28.566341],[77.2526972,28.5665621],[77.2528414,28.566751],[77.2531785,28.5673324],[77.253809,28.5685796],[77.2539564,28.5688566],[77.2541929,28.5693843],[77.2543703,28.5696713],[77.2545811,28.5699328],[77.2548369,28.5701747],[77.2551608,28.5704293],[77.2555849,28.5706814],[77.25606,28.57091],[77.2564459,28.5711486],[77.2568578,28.5714759],[77.2577,28.57205],[77.2582881,28.5724678],[77.258076,28.5727868],[77.2577998,28.5731495],[77.2574665,28.573528],[77.2569506,28.5742229],[77.2560532,28.5754136],[77.2550283,28.5767431],[77.2546004,28.5773226],[77.2545668,28.5774196],[77.2536634,28.578498],[77.2530466,28.5793111],[77.2526841,28.5798119],[77.2523814,28.5795515],[77.2515432,28.5792483],[77.2508125,28.5790733],[77.25061,28.5790499],[77.2505184,28.5790909],[77.25047,28.57943],[77.2502388,28.5797339],[77.2508152,28.580137],[77.2504799,28.5805196],[77.2486908,28.5826377],[77.2486496,28.5826626],[77.2476165,28.583877],[77.2472416,28.584341],[77.2476064,28.5846103],[77.2482229,28.5849905],[77.2486285,28.5852712],[77.2489651,28.5855585],[77.24798,28.58674],[77.24691,28.58644],[77.2465995,28.5864241],[77.2466692,28.5860097],[77.2468443,28.5859535],[77.247142,28.5856155],[77.2468799,28.5854508],[77.247062,28.5852313],[77.2466037,28.584944],[77.2464049,28.5847923],[77.2462784,28.5848435],[77.2449321,28.5842552]]]},"properties":{"fill-opacity":0,"stroke-opacity":1,"stroke":"#ff0000","WNo_SEC":144,"AC_No":41,"AC_No_1":41,"AC_Name":"JANGPURA","Ward_No":144,"WardName":"LAJPAT NAGAR","TotalPop":53035,"SC_Pop":6325,"NW2022":"144, LAJPAT NAGAR"},"id":62},
{"type":"Feature","geometry":{"type":"Polygon","coordinates":[[[77.1711903,28.5593624],[77.1710224,28.5592709],[77.1707763,28.5590738],[77.1702311,28.5586],[77.1699619,28.558382],[77.16965,28.55816],[77.1685675,28.5570146],[77.166722,28.5552266],[77.1665629,28.5549397],[77.1663954,28.5536925],[77.1663352,28.5534204],[77.1664348,28.5534228],[77.1669835,28.5530992],[77.1681239,28.5524541],[77.1685707,28.5521869],[77.1694022,28.5517086],[77.1697901,28.5514723],[77.1706576,28.5509672],[77.1713432,28.5506459],[77.1729207,28.5499778],[77.1732632,28.5502276],[77.1736858,28.5505847],[77.1742126,28.5510966],[77.174556,28.5513948],[77.1752743,28.5519822],[77.1760905,28.5526657],[77.1764802,28.5530105],[77.177177,28.5535983],[77.1772734,28.5536115],[77.1780099,28.5533543],[77.1786548,28.5539723],[77.1795425,28.5533877],[77.1808666,28.5525285],[77.1814538,28.5521388],[77.1825534,28.5514287],[77.182999,28.5511204],[77.1838268,28.550585],[77.1838453,28.5506121],[77.1846991,28.551693],[77.1849058,28.5520117],[77.18499,28.55218],[77.1852,28.55271],[77.18536,28.55331],[77.18567,28.55422],[77.1861963,28.5556781],[77.1864,28.55626],[77.18739,28.55902],[77.1876272,28.5596454],[77.1877542,28.5600312],[77.1879403,28.5605115],[77.1882804,28.5614942],[77.1884087,28.5618105],[77.18856,28.56238],[77.18888,28.56409],[77.1889183,28.5643282],[77.1891171,28.5657815],[77.1893267,28.5670821],[77.1895332,28.5687133],[77.189623,28.5695543],[77.1888384,28.5696376],[77.1870026,28.5698584],[77.1863604,28.5699114],[77.1843803,28.5701196],[77.1838909,28.5701773],[77.1835927,28.5702473],[77.1829512,28.5705106],[77.1824564,28.5707462],[77.1817739,28.5710997],[77.1811281,28.5714934],[77.1809579,28.5716125],[77.1807741,28.5714372],[77.1804072,28.571023],[77.1801316,28.5708688],[77.1796985,28.5707446],[77.1792448,28.5705909],[77.1786417,28.5702861],[77.1786367,28.5701282],[77.1796769,28.5697964],[77.1800671,28.5696632],[77.180681,28.5692539],[77.1814519,28.5687947],[77.1813621,28.568679],[77.1811536,28.5688176],[77.1808909,28.5688261],[77.1806571,28.5687628],[77.1805203,28.5686715],[77.1801657,28.56866],[77.1796787,28.5686201],[77.1796074,28.5686353],[77.1786773,28.5685779],[77.1784578,28.5683218],[77.1783239,28.5680809],[77.178086,28.5678162],[77.1779283,28.5677002],[77.1777618,28.5676823],[77.1776889,28.5677968],[77.177206,28.5675212],[77.176899,28.5673713],[77.1758529,28.5669558],[77.1773844,28.5654501],[77.1779143,28.5649209],[77.1792394,28.5636195],[77.17693,28.56182],[77.17576,28.56089],[77.17536,28.56052],[77.17504,28.56016],[77.17401,28.55892],[77.173,28.55776],[77.17251,28.55817],[77.17158,28.55899],[77.1711903,28.5593624]]]},"properties":{"fill-opacity":0,"stroke-opacity":1,"stroke":"#ff0000","WNo_SEC":151,"AC_No":44,"AC_No_1":44,"AC_Name":"R K PURAM","Ward_No":151,"WardName":"MUNIRKA","TotalPop":64543,"SC_Pop":8943,"NW2022":"151, MUNIRKA"},"id":63},
{"type":"Feature","geometry":{"type":"Polygon","coordinates":[[[77.2147021,28.5160884],[77.2123284,28.5166016],[77.2103711,28.5170346],[77.2075434,28.517749],[77.2075782,28.5181083],[77.2075614,28.5187314],[77.2076923,28.5190631],[77.2078345,28.5193407],[77.2069462,28.5195276],[77.206319,28.5197086],[77.2056009,28.5198536],[77.2043516,28.5200908],[77.2032859,28.5203511],[77.2021216,28.5205909],[77.2011485,28.5208354],[77.2010138,28.520769],[77.200497,28.5204492],[77.2002087,28.5202074],[77.2000533,28.5200126],[77.1999067,28.5200843],[77.1995228,28.5201822],[77.1994231,28.5201451],[77.1992399,28.5199948],[77.1983789,28.5193771],[77.1984616,28.5192543],[77.197999,28.5187435],[77.197854,28.5185604],[77.1975412,28.5184193],[77.1967287,28.5181141],[77.1961717,28.5177937],[77.1955538,28.5173244],[77.1952791,28.5170536],[77.1954851,28.5169506],[77.1954851,28.51684],[77.1953935,28.5164967],[77.1951647,28.5159855],[77.1950719,28.5158785],[77.1947061,28.5156574],[77.1944933,28.5154591],[77.1944666,28.5151463],[77.1942568,28.5143337],[77.194211,28.5142117],[77.1944132,28.5129909],[77.1944557,28.5125214],[77.1942217,28.5122114],[77.1925436,28.5107214],[77.1918001,28.5102575],[77.1911988,28.5100543],[77.190675,28.5101121],[77.1902034,28.5102926],[77.1890946,28.5108498],[77.1890845,28.5108675],[77.1881508,28.5114124],[77.1880911,28.5114149],[77.187658,28.5111635],[77.187238,28.5115491],[77.1865203,28.5121871],[77.1860904,28.5125413],[77.1854974,28.5130645],[77.1846711,28.5121362],[77.1843648,28.5117692],[77.1841733,28.5116261],[77.1840224,28.5115605],[77.1834952,28.5114262],[77.1830765,28.5113487],[77.1817733,28.5110638],[77.1814971,28.5109665],[77.1812974,28.5108453],[77.1811341,28.5107008],[77.1801653,28.5096958],[77.1798526,28.5094494],[77.1800886,28.5090281],[77.1809379,28.5089363],[77.1815523,28.5088071],[77.1819369,28.508698],[77.1827473,28.5086049],[77.1834169,28.5085685],[77.1841859,28.5085881],[77.1844343,28.5085612],[77.1852204,28.5084022],[77.1851623,28.5079403],[77.1851369,28.5071876],[77.18521,28.506407],[77.1853984,28.5053059],[77.1857281,28.5043691],[77.1857969,28.5039638],[77.185855,28.5034536],[77.1858251,28.5025288],[77.1857372,28.501553],[77.1854907,28.5003934],[77.1853525,28.4999235],[77.185194,28.4996073],[77.1850062,28.4993279],[77.185045,28.499135],[77.1850619,28.4986056],[77.1851176,28.4978834],[77.1851408,28.4973197],[77.1851141,28.4967958],[77.1848575,28.4958986],[77.1845901,28.4951835],[77.1844495,28.4947624],[77.184445,28.4945277],[77.1845157,28.494194],[77.1849485,28.492723],[77.1854172,28.4912417],[77.1856088,28.4906803],[77.1858897,28.4899007],[77.1859182,28.4896169],[77.1862798,28.4882813],[77.1865221,28.4876431],[77.1865935,28.4875045],[77.1863918,28.4874096],[77.1860828,28.4872112],[77.1859408,28.4870608],[77.1850414,28.4854298],[77.1848809,28.4851262],[77.1847744,28.4849949],[77.1846485,28.4849453],[77.1815205,28.4849911],[77.1803074,28.4850188],[77.1802578,28.4812031],[77.1801705,28.4774418],[77.1790066,28.4756184],[77.177827,28.473448],[77.1777365,28.473145],[77.1777319,28.4730584],[77.1783845,28.4730102],[77.1784849,28.4729741],[77.17904,28.4729428],[77.1808133,28.4728953],[77.1822412,28.4725686],[77.183397,28.4723235],[77.1836668,28.472247],[77.1847242,28.4720603],[77.1851689,28.4719704],[77.1867737,28.4717398],[77.1869032,28.4713409],[77.1869624,28.4710754],[77.187124,28.4707663],[77.1871705,28.4706152],[77.1871375,28.4702712],[77.1871061,28.4696855],[77.1871496,28.4691823],[77.1871086,28.4688669],[77.1870808,28.4684562],[77.1869528,28.4676836],[77.186645,28.4667539],[77.1865529,28.4663576],[77.1865055,28.4657302],[77.1864097,28.4648467],[77.1860563,28.4639066],[77.1870013,28.4631613],[77.1872139,28.4630347],[77.1889792,28.4623033],[77.1904791,28.4620743],[77.1910057,28.4618944],[77.1914261,28.4617109],[77.1918671,28.4617105],[77.1936271,28.461429],[77.195008,28.46116],[77.1956484,28.4610447],[77.1961282,28.4608637],[77.1976591,28.4603224],[77.1982574,28.4601815],[77.1983809,28.4602562],[77.1988714,28.4600323],[77.1992326,28.4599741],[77.2002295,28.4594454],[77.2015327,28.4590629],[77.2023601,28.4588516],[77.2037947,28.458497],[77.2048188,28.4581004],[77.2055613,28.4578011],[77.2072706,28.4570938],[77.2096553,28.4561948],[77.2105391,28.4559632],[77.2109062,28.4558839],[77.211491,28.4556498],[77.2119896,28.4555859],[77.2123123,28.4555248],[77.2137365,28.4550833],[77.2153048,28.4546325],[77.2169934,28.4541104],[77.2189071,28.4535337],[77.2209426,28.4516733],[77.2244131,28.4511499],[77.225468,28.4512688],[77.2277863,28.4506644],[77.2292693,28.4504017],[77.229826,28.450309],[77.2303481,28.4509877],[77.2308077,28.451607],[77.2315714,28.4526144],[77.2319168,28.4530498],[77.2322005,28.4534693],[77.2320333,28.454427],[77.2318785,28.4552051],[77.2317146,28.4563084],[77.2315744,28.4570252],[77.2316336,28.4580209],[77.2318192,28.4580729],[77.2330275,28.4580587],[77.2330804,28.4591946],[77.2331442,28.4598765],[77.2334521,28.4601957],[77.2336655,28.4603749],[77.2337013,28.4604611],[77.2334837,28.460886],[77.2333647,28.4612038],[77.2335526,28.4618537],[77.2333737,28.4621953],[77.2332489,28.4626432],[77.2331412,28.4632013],[77.2329443,28.4634784],[77.232923,28.4636263],[77.2331454,28.4637721],[77.233205,28.4648649],[77.2331935,28.4653435],[77.2331475,28.4662575],[77.2330707,28.4665704],[77.2334743,28.4680578],[77.2338097,28.4694309],[77.2340675,28.4702984],[77.234693,28.4711729],[77.2348982,28.4712801],[77.2360277,28.4717963],[77.2365781,28.4720713],[77.236666,28.4721524],[77.2376416,28.4729296],[77.2384929,28.473909],[77.2388923,28.4744106],[77.2397374,28.4751204],[77.2401172,28.475427],[77.2409145,28.4758338],[77.2415332,28.4762893],[77.24269,28.4773289],[77.2429913,28.477535],[77.2440167,28.4778134],[77.2449797,28.4780641],[77.2457207,28.4786127],[77.245838,28.4787229],[77.2455066,28.479991],[77.2452338,28.4800955],[77.2447489,28.4808754],[77.2444186,28.4813239],[77.244861,28.4815882],[77.2448814,28.481788],[77.2448371,28.4819888],[77.2445814,28.482136],[77.2443119,28.4823977],[77.2439997,28.4829317],[77.2434101,28.483356],[77.2429453,28.4835638],[77.2430032,28.4840059],[77.242896,28.4842935],[77.2426595,28.4845833],[77.2422645,28.4850329],[77.2421125,28.4854928],[77.2418161,28.4860123],[77.2411277,28.4871242],[77.2406451,28.4880184],[77.2402149,28.4890975],[77.2381949,28.4884447],[77.2380925,28.4881891],[77.2376687,28.4880389],[77.2373302,28.4881016],[77.2333175,28.48731],[77.233425,28.4870366],[77.2331326,28.4862124],[77.2329188,28.4860444],[77.2328489,28.4858026],[77.2326522,28.4856772],[77.2322964,28.485683],[77.2318771,28.4857471],[77.2314941,28.4859963],[77.231082,28.4864033],[77.230554,28.4866836],[77.2301838,28.4867754],[77.2299505,28.4872223],[77.2297265,28.4873404],[77.2294342,28.4872596],[77.2290892,28.4870364],[77.2287717,28.4865556],[77.2284368,28.4860179],[77.2280208,28.4854673],[77.2275467,28.4852321],[77.2250585,28.4838435],[77.2251792,28.4826551],[77.2278054,28.4759799],[77.2261007,28.4754371],[77.2192125,28.4732736],[77.2176944,28.475319],[77.21691,28.4754173],[77.2163793,28.4755008],[77.2159393,28.4764489],[77.2152643,28.4777321],[77.214745,28.4783607],[77.2144661,28.4783332],[77.2140405,28.4782332],[77.2134846,28.4782636],[77.2132267,28.4780861],[77.2127893,28.477997],[77.2125601,28.4780328],[77.2123204,28.4781436],[77.2116475,28.4783684],[77.2111133,28.4782809],[77.2109545,28.4782086],[77.2104868,28.4778313],[77.210248,28.4779849],[77.209966,28.4778077],[77.2096851,28.477684],[77.2093121,28.4777863],[77.2089407,28.4779634],[77.2085919,28.4780652],[77.2081907,28.4779755],[77.2076379,28.4775221],[77.2072144,28.4777997],[77.2073335,28.4788476],[77.2083471,28.4786584],[77.2084136,28.4787193],[77.2086976,28.4791222],[77.2091232,28.4798195],[77.2092386,28.4800657],[77.2093243,28.48033],[77.2095788,28.4807555],[77.2100954,28.4805301],[77.2109999,28.4811133],[77.2112773,28.4816757],[77.2120222,28.4811011],[77.2126307,28.4807103],[77.2128982,28.4807989],[77.2131439,28.481043],[77.2141706,28.481478],[77.2142795,28.4816583],[77.2144955,28.4819156],[77.214648,28.482015],[77.2150786,28.4822339],[77.215057,28.4823981],[77.2150992,28.4824993],[77.2151775,28.4831269],[77.2151821,28.4833483],[77.2151247,28.4834821],[77.2151437,28.4836678],[77.2152376,28.4838435],[77.2154317,28.4840175],[77.2158383,28.4840463],[77.2163773,28.4841703],[77.2166701,28.4842674],[77.2172566,28.4842667],[77.2175064,28.4842272],[77.2181094,28.4840535],[77.2181859,28.4841187],[77.2182319,28.4844014],[77.2181998,28.484572],[77.2182256,28.4849495],[77.2217828,28.4877789],[77.2217438,28.4879255],[77.2209558,28.488172],[77.220147,28.4882144],[77.218326,28.4880544],[77.2175209,28.4882104],[77.2175047,28.4883589],[77.2173827,28.4885469],[77.2171609,28.4886287],[77.217038,28.4888243],[77.216446,28.4894581],[77.2161079,28.4899205],[77.2160945,28.4900051],[77.2158166,28.4905581],[77.2151349,28.4910618],[77.2143055,28.4915846],[77.2137796,28.4921407],[77.2130894,28.4928267],[77.2125691,28.4933177],[77.21221,28.4935544],[77.2120418,28.4937824],[77.2117631,28.4940336],[77.2112868,28.4942269],[77.2111905,28.4943752],[77.2108135,28.4946191],[77.2103915,28.4947409],[77.2102875,28.494606],[77.2098879,28.4947547],[77.2100211,28.4954048],[77.210208,28.4960197],[77.2103641,28.4962384],[77.2105596,28.4965684],[77.2107835,28.4970905],[77.2109173,28.4972805],[77.2108347,28.4977494],[77.2111198,28.4981384],[77.2114452,28.4981585],[77.2122805,28.4981716],[77.2133579,28.4981403],[77.2134113,28.4987621],[77.2137737,28.4987926],[77.2143269,28.4988918],[77.2146587,28.4989109],[77.2162495,28.4989605],[77.2176952,28.4989758],[77.2187824,28.4989452],[77.2196407,28.498888],[77.2200642,28.4989147],[77.2202053,28.4989796],[77.2202625,28.4989033],[77.220806,28.4993118],[77.2211211,28.4994976],[77.2215779,28.4995495],[77.2215829,28.5003949],[77.2209405,28.5004007],[77.2209172,28.5005453],[77.2199214,28.5005197],[77.219906,28.5012922],[77.2192369,28.5012752],[77.2192545,28.5018657],[77.2184651,28.5018925],[77.2185354,28.5029844],[77.2173978,28.5029799],[77.2175677,28.5040517],[77.2162088,28.5040414],[77.2162002,28.505144],[77.2141486,28.5051764],[77.2141673,28.5063129],[77.2137329,28.5063207],[77.2132142,28.5063498],[77.2121442,28.5063517],[77.2121541,28.5074174],[77.2121782,28.5074159],[77.2122038,28.5081731],[77.2122032,28.5085225],[77.212308,28.5086545],[77.2123003,28.509292],[77.212619,28.5096166],[77.2121849,28.5097229],[77.2118588,28.5097563],[77.2121784,28.5104086],[77.2124524,28.5110409],[77.2127453,28.5115848],[77.212547,28.5116614],[77.2127203,28.5119755],[77.2129709,28.5118709],[77.2136694,28.5127093],[77.2140095,28.513201],[77.2143167,28.5136977],[77.2146661,28.5143449],[77.2147955,28.5146095],[77.2149853,28.5151164],[77.215025,28.5154378],[77.2149662,28.5156974],[77.2147021,28.5160884]]]},"properties":{"fill-opacity":0,"stroke-opacity":1,"stroke":"#ff0000","WNo_SEC":160,"AC_No":46,"AC_No_1":46,"AC_Name":"CHHATARPUR","Ward_No":160,"WardName":"SAID-UL-AJAIB","TotalPop":70967,"SC_Pop":8905,"NW2022":"160, SAID-UL-AJAIB"},"id":64},
{"type":"Feature","geometry":{"type":"Polygon","coordinates":[[[77.1777365,28.473145],[77.1761353,28.4734061],[77.1756015,28.4734837],[77.1745788,28.4737072],[77.1732472,28.4739379],[77.1709438,28.4744744],[77.1676802,28.4752488],[77.1667937,28.4754967],[77.166274,28.4755739],[77.165607,28.4757206],[77.1643117,28.4759912],[77.1636595,28.4761181],[77.1629021,28.4762103],[77.1628998,28.4762969],[77.1626264,28.4763502],[77.1598987,28.4768337],[77.1594089,28.4768612],[77.1587257,28.4768819],[77.1586416,28.4769489],[77.1584656,28.4767552],[77.1578441,28.4756575],[77.1576852,28.4753529],[77.1574453,28.4748273],[77.1571105,28.4740281],[77.1566868,28.4730848],[77.1562757,28.4731507],[77.1553445,28.473276],[77.1543934,28.4736739],[77.1528548,28.4740156],[77.1527724,28.4738368],[77.1519826,28.4740344],[77.1513852,28.4742109],[77.1509822,28.4743972],[77.1503514,28.474651],[77.1499646,28.4747718],[77.1490362,28.4749925],[77.1476676,28.4753015],[77.1456901,28.4757074],[77.1437079,28.4759996],[77.1435113,28.4760053],[77.1432161,28.4744071],[77.1431217,28.473831],[77.1429482,28.4734972],[77.1428786,28.4730642],[77.1427842,28.4726315],[77.1428084,28.4722668],[77.1427753,28.4717415],[77.14275,28.4716065],[77.1425325,28.4707676],[77.1421285,28.4693318],[77.1419727,28.4689302],[77.1417317,28.4684115],[77.1414434,28.4677566],[77.1408757,28.4664086],[77.1407188,28.4661713],[77.141303,28.4650267],[77.1415073,28.4644409],[77.14169,28.4638555],[77.1419892,28.4631537],[77.1419624,28.4628963],[77.141827,28.4626119],[77.1415064,28.4622541],[77.1414157,28.4620454],[77.1413536,28.4616453],[77.1414214,28.4612527],[77.1414817,28.4610321],[77.1414764,28.4607648],[77.1415599,28.4606203],[77.1417852,28.4605403],[77.1419802,28.4605659],[77.1430701,28.4604914],[77.144766,28.4604551],[77.1448738,28.4604439],[77.1448308,28.4572454],[77.1448522,28.4556312],[77.1461784,28.4554862],[77.144729,28.4539293],[77.1442356,28.4533068],[77.1440032,28.4530336],[77.143875,28.4528398],[77.1429555,28.4508429],[77.1429045,28.450525],[77.1429656,28.4503414],[77.1433078,28.4496305],[77.1434094,28.4493903],[77.1432617,28.4492572],[77.143087,28.4492348],[77.1414868,28.4490893],[77.1414873,28.450537],[77.1414332,28.4507386],[77.139438,28.450591],[77.1394525,28.4501341],[77.1390961,28.4502084],[77.138782,28.4502044],[77.1384735,28.4501466],[77.1384532,28.4499768],[77.1380431,28.4498967],[77.1379606,28.4499935],[77.1376804,28.4498712],[77.1373073,28.4497875],[77.1368997,28.4496686],[77.1365595,28.4495426],[77.1361484,28.4495151],[77.1358891,28.4493819],[77.1356768,28.449236],[77.1354631,28.4490185],[77.1352898,28.4487944],[77.1351619,28.4484801],[77.1351237,28.4482599],[77.1350573,28.4473059],[77.1352325,28.4472913],[77.1351842,28.4460935],[77.1300363,28.4461217],[77.1300142,28.4450191],[77.1300898,28.4450179],[77.130079,28.4433994],[77.1302141,28.443266],[77.1305159,28.4432326],[77.1306387,28.443159],[77.1306729,28.4429771],[77.1306423,28.4428009],[77.1305639,28.4426589],[77.1303659,28.4424853],[77.1298141,28.4420613],[77.1299833,28.4419218],[77.1308184,28.4413959],[77.1316178,28.440921],[77.1317337,28.4406875],[77.1315689,28.4404212],[77.1319325,28.4400805],[77.1323643,28.4397445],[77.1328145,28.4394813],[77.1348365,28.4386261],[77.1353853,28.4386072],[77.135748,28.4385726],[77.1362553,28.4384644],[77.1367775,28.4382786],[77.1377814,28.4379611],[77.1383503,28.4378997],[77.1387377,28.4379019],[77.1387334,28.4378103],[77.1392514,28.4376876],[77.1400237,28.4374771],[77.1398192,28.4371311],[77.1404234,28.4369371],[77.141412,28.4366837],[77.1415458,28.4367211],[77.1416317,28.4366729],[77.1419382,28.436812],[77.1419766,28.4368669],[77.1423092,28.4370401],[77.1429703,28.4371674],[77.1436812,28.4372645],[77.1440275,28.4372725],[77.1444796,28.4373633],[77.1448244,28.4375014],[77.145468,28.4375189],[77.145842,28.4374823],[77.1462185,28.4373954],[77.1466641,28.4374454],[77.1474788,28.4373511],[77.1478153,28.4372461],[77.1487471,28.436751],[77.1492824,28.4365597],[77.1496123,28.4363367],[77.1499162,28.4360226],[77.150352,28.4357046],[77.1505392,28.4356063],[77.1509559,28.4354325],[77.1512984,28.4351781],[77.1517934,28.4347404],[77.1517755,28.4346182],[77.1518223,28.434241],[77.1520627,28.434021],[77.152393,28.4338004],[77.1529382,28.433614],[77.1531132,28.4333611],[77.1532932,28.4331617],[77.1535352,28.4330178],[77.1537162,28.4330094],[77.1540601,28.432813],[77.1543843,28.4325622],[77.154645,28.4324198],[77.154964,28.4319659],[77.1554275,28.4319822],[77.1557452,28.4320112],[77.1559155,28.4319229],[77.1565203,28.4313779],[77.1567074,28.4313158],[77.1571102,28.4312339],[77.1589992,28.4304445],[77.1592756,28.4303929],[77.1598007,28.4302383],[77.1606799,28.4297808],[77.1607977,28.4297102],[77.161619,28.4293063],[77.1618699,28.4291515],[77.1621612,28.429037],[77.1624503,28.4287837],[77.1627336,28.4287785],[77.1631615,28.4286582],[77.1635385,28.4283646],[77.1642328,28.4274237],[77.1646714,28.4268125],[77.1648392,28.4264039],[77.1660331,28.4256583],[77.1657591,28.4222507],[77.1657577,28.4202388],[77.1655682,28.4193801],[77.1653932,28.4184627],[77.1650879,28.4167426],[77.1650052,28.4148346],[77.1653684,28.4141535],[77.166305,28.4135743],[77.1675676,28.4128335],[77.1686451,28.4121854],[77.169223,28.4115273],[77.1696134,28.4110281],[77.1702382,28.4101051],[77.170913,28.4095872],[77.1713384,28.4085618],[77.1713931,28.408105],[77.1715941,28.4061865],[77.1725396,28.4056182],[77.1732414,28.4052785],[77.1737725,28.4049757],[77.1739021,28.4048522],[77.1740803,28.4043902],[77.1741964,28.40425],[77.1743812,28.4042609],[77.1745316,28.4043755],[77.175647,28.4054896],[77.1768869,28.4064991],[77.1777866,28.4072519],[77.1796857,28.408166],[77.1809037,28.4085325],[77.1817857,28.4089823],[77.1824983,28.4093601],[77.1848769,28.4090949],[77.1852802,28.4090344],[77.1855134,28.4087573],[77.1855939,28.4085957],[77.1857871,28.4079176],[77.1859611,28.4078567],[77.1859005,28.4077613],[77.1869354,28.4075856],[77.1876901,28.4074489],[77.1884499,28.4073299],[77.1887763,28.4072263],[77.1891729,28.4070615],[77.1897212,28.4067846],[77.1899854,28.4066939],[77.1902458,28.4066517],[77.1904397,28.4066517],[77.190889,28.4067054],[77.1913014,28.4068248],[77.1912685,28.4076363],[77.1915395,28.4078672],[77.1917404,28.4079712],[77.1920396,28.4080452],[77.1930344,28.408147],[77.1933599,28.4082275],[77.1940087,28.4083428],[77.1946558,28.408393],[77.1947396,28.4086593],[77.1958314,28.4086679],[77.1962219,28.4086527],[77.1965748,28.4086101],[77.1994005,28.4085146],[77.2007799,28.408451],[77.2010594,28.4084465],[77.2023178,28.4078652],[77.2051581,28.4091735],[77.206477,28.4091879],[77.2067636,28.4092651],[77.2071868,28.409338],[77.2076845,28.4093598],[77.2079766,28.4093493],[77.2083088,28.4093032],[77.208903,28.409176],[77.2101932,28.4089795],[77.2103876,28.408968],[77.2111374,28.4090872],[77.2122268,28.4091822],[77.2123742,28.4092263],[77.2140942,28.4098617],[77.2158921,28.410519],[77.2159415,28.4105254],[77.2178709,28.41035],[77.2176976,28.4117693],[77.2191062,28.412057],[77.2199288,28.4122161],[77.2210306,28.4123707],[77.22225,28.4125231],[77.2231024,28.4124978],[77.2238315,28.4124652],[77.2249136,28.4124777],[77.2252196,28.4125511],[77.2259996,28.4127799],[77.2269369,28.4136134],[77.2275834,28.4136313],[77.2306952,28.4146446],[77.2309416,28.4147336],[77.2318208,28.4152331],[77.2322162,28.415471],[77.2328637,28.4158388],[77.2339483,28.415865],[77.2341436,28.4161764],[77.2348291,28.4173645],[77.2349109,28.4174871],[77.2351865,28.41768],[77.2380032,28.4197215],[77.2384684,28.4200509],[77.2393116,28.4202814],[77.2399368,28.4204645],[77.2407015,28.4206583],[77.2416567,28.4209693],[77.2423988,28.4211888],[77.2433146,28.4214883],[77.2439336,28.4217107],[77.2447079,28.4219551],[77.2477863,28.4233026],[77.2495811,28.4240833],[77.2500201,28.4248216],[77.2509738,28.4263989],[77.2514664,28.4271289],[77.2516942,28.4274455],[77.2523674,28.4284362],[77.2528179,28.4293742],[77.2529456,28.4297007],[77.2533594,28.4311081],[77.2506005,28.4310236],[77.2499729,28.4309986],[77.2499556,28.4316205],[77.2499476,28.4325813],[77.2499307,28.4329985],[77.2498259,28.434148],[77.2498013,28.4345194],[77.2498832,28.4358749],[77.2498942,28.4365594],[77.2501291,28.436555],[77.2501502,28.4372655],[77.2502304,28.4377266],[77.2502705,28.4377851],[77.2503302,28.4384117],[77.2504084,28.4390602],[77.2505357,28.4393488],[77.2508567,28.4398559],[77.2510104,28.4400208],[77.2509112,28.4403995],[77.250916,28.4405493],[77.251013,28.4409172],[77.2503844,28.4410461],[77.2503806,28.4413796],[77.2502393,28.4413784],[77.2502145,28.4416536],[77.2501897,28.4423913],[77.2502616,28.4425364],[77.2502653,28.4427558],[77.2504013,28.443411],[77.2504189,28.4436549],[77.2503866,28.4441692],[77.2503484,28.4444807],[77.2503337,28.4450097],[77.2503013,28.4452125],[77.2502189,28.4454758],[77.2497494,28.4458841],[77.2494998,28.4462197],[77.2492067,28.4461623],[77.2479094,28.447429],[77.2476557,28.4478302],[77.2472915,28.4483509],[77.2469158,28.4489269],[77.2466224,28.4496298],[77.2464157,28.4499486],[77.2461136,28.4500774],[77.2458375,28.450139],[77.245484,28.4501687],[77.2454601,28.4502815],[77.2453561,28.4504267],[77.2450441,28.4505182],[77.2446845,28.4505427],[77.2439852,28.4507144],[77.2435572,28.4508876],[77.242833,28.4509924],[77.2423464,28.4512041],[77.2420619,28.4514533],[77.241392,28.4524017],[77.241277,28.4526823],[77.2409708,28.4533252],[77.2406315,28.4535561],[77.2403149,28.4538035],[77.2402185,28.4539178],[77.2397402,28.4539917],[77.2395991,28.4537824],[77.2390969,28.4537088],[77.2382844,28.4536859],[77.2381051,28.45374],[77.2377488,28.4536946],[77.2375743,28.4540487],[77.2373772,28.4542256],[77.2370826,28.4542341],[77.236661,28.4542826],[77.236311,28.4542455],[77.2355085,28.4543689],[77.2348096,28.4545103],[77.2345612,28.4545451],[77.2343669,28.4553637],[77.2343041,28.4557499],[77.2342774,28.4564109],[77.233977,28.4567908],[77.2332706,28.4571557],[77.2331886,28.4574839],[77.2331116,28.457615],[77.233041,28.4578788],[77.2331192,28.4580144],[77.2330275,28.4580587],[77.2318192,28.4580729],[77.2316336,28.4580209],[77.2315744,28.4570252],[77.2317146,28.4563084],[77.2318785,28.4552051],[77.2320333,28.454427],[77.2322005,28.4534693],[77.2319168,28.4530498],[77.2315714,28.4526144],[77.2308077,28.451607],[77.2303481,28.4509877],[77.229826,28.450309],[77.2292693,28.4504017],[77.2277863,28.4506644],[77.225468,28.4512688],[77.2244131,28.4511499],[77.2209426,28.4516733],[77.2189071,28.4535337],[77.2169934,28.4541104],[77.2153048,28.4546325],[77.2137365,28.4550833],[77.2123123,28.4555248],[77.2119896,28.4555859],[77.211491,28.4556498],[77.2109062,28.4558839],[77.2105391,28.4559632],[77.2096553,28.4561948],[77.2072706,28.4570938],[77.2055613,28.4578011],[77.2048188,28.4581004],[77.2037947,28.458497],[77.2023601,28.4588516],[77.2015327,28.4590629],[77.2002295,28.4594454],[77.1992326,28.4599741],[77.1988714,28.4600323],[77.1983809,28.4602562],[77.1982574,28.4601815],[77.1976591,28.4603224],[77.1961282,28.4608637],[77.1956484,28.4610447],[77.195008,28.46116],[77.1936271,28.461429],[77.1918671,28.4617105],[77.1914261,28.4617109],[77.1910057,28.4618944],[77.1904791,28.4620743],[77.1889792,28.4623033],[77.1872139,28.4630347],[77.1870013,28.4631613],[77.1860563,28.4639066],[77.1864097,28.4648467],[77.1865055,28.4657302],[77.1865529,28.4663576],[77.186645,28.4667539],[77.1869528,28.4676836],[77.1870808,28.4684562],[77.1871086,28.4688669],[77.1871496,28.4691823],[77.1871061,28.4696855],[77.1871375,28.4702712],[77.1871705,28.4706152],[77.187124,28.4707663],[77.1869624,28.4710754],[77.1869032,28.4713409],[77.1867737,28.4717398],[77.1851689,28.4719704],[77.1847242,28.4720603],[77.1836668,28.472247],[77.183397,28.4723235],[77.1822412,28.4725686],[77.1808133,28.4728953],[77.17904,28.4729428],[77.1784849,28.4729741],[77.1783845,28.4730102],[77.1777319,28.4730584],[77.1777365,28.473145]]]},"properties":{"fill-opacity":0,"stroke-opacity":1,"stroke":"#ff0000","WNo_SEC":158,"AC_No":46,"AC_No_1":46,"AC_Name":"CHHATARPUR","Ward_No":158,"WardName":"BHATI","TotalPop":71373,"SC_Pop":11057,"NW2022":"158, BHATI"},"id":65},
{"type":"Feature","geometry":{"type":"Polygon","coordinates":[[[77.1435113,28.4760053],[77.1435811,28.4760086],[77.143562,28.4766526],[77.1435493,28.4777835],[77.1436604,28.47851],[77.1437744,28.4790716],[77.1438611,28.4796694],[77.1439132,28.4802429],[77.143943,28.4809515],[77.1439818,28.4824003],[77.1441981,28.4829016],[77.1445639,28.4838356],[77.1447271,28.4843777],[77.1448983,28.4855084],[77.1450373,28.4863362],[77.145455,28.4880359],[77.1452938,28.4882431],[77.1463597,28.4898927],[77.1468673,28.4906902],[77.1467882,28.4908865],[77.1468213,28.4918529],[77.1465727,28.492635],[77.1478807,28.4931985],[77.1478469,28.4940117],[77.1478912,28.4947505],[77.1475564,28.4947826],[77.1465626,28.4947869],[77.1457842,28.4947983],[77.1457879,28.4954163],[77.1458212,28.4969422],[77.1458148,28.4973375],[77.1458507,28.4982429],[77.1457186,28.4986245],[77.1456608,28.4986932],[77.1446746,28.4986651],[77.1446383,28.4981391],[77.1441761,28.4977832],[77.1437846,28.4975079],[77.1433134,28.4978035],[77.1433251,28.4981222],[77.1432092,28.4982973],[77.1429337,28.4986268],[77.1427813,28.4988921],[77.1423404,28.4992789],[77.1416322,28.5000621],[77.1414106,28.5002847],[77.1409504,28.5006676],[77.1403791,28.501096],[77.1401632,28.5012738],[77.1392625,28.5021843],[77.1389096,28.5025639],[77.1384174,28.5030386],[77.1380198,28.5033957],[77.1375962,28.5038321],[77.1371467,28.5041585],[77.1365386,28.5044904],[77.1361897,28.5046152],[77.1358387,28.5046297],[77.1355364,28.504718],[77.1346939,28.5051208],[77.1338824,28.5056254],[77.1336299,28.505701],[77.1329407,28.5058359],[77.1323278,28.5060082],[77.1321163,28.5060444],[77.1310444,28.5062771],[77.1298114,28.5067421],[77.1296969,28.5067618],[77.1295948,28.5065899],[77.1295423,28.5064021],[77.1293116,28.5057694],[77.1293109,28.5053044],[77.1293755,28.5047714],[77.1291888,28.5047872],[77.1291597,28.5036662],[77.1291256,28.5033213],[77.1291236,28.502162],[77.1292512,28.5020682],[77.1291954,28.5004317],[77.1286559,28.5004589],[77.1284892,28.5004496],[77.1283791,28.5003658],[77.1281948,28.5000896],[77.1280427,28.4997867],[77.1279228,28.4994333],[77.1276745,28.4988267],[77.1271672,28.4979557],[77.127066,28.4979363],[77.1267117,28.497377],[77.1260777,28.4966488],[77.1240253,28.496748],[77.1229343,28.4964161],[77.1209164,28.4964161],[77.1208019,28.4961796],[77.1205946,28.4959154],[77.1207373,28.4957874],[77.1206029,28.4954572],[77.1206075,28.4949387],[77.1205737,28.4947531],[77.1202912,28.4941725],[77.1201318,28.4939705],[77.1200096,28.4934421],[77.1198713,28.4930826],[77.1197149,28.4928188],[77.1195954,28.4924884],[77.1195103,28.4919911],[77.1195651,28.4918272],[77.1194431,28.491315],[77.119099,28.4896617],[77.1187881,28.488577],[77.1186118,28.4880569],[77.1182826,28.4874957],[77.1180676,28.4871797],[77.1179003,28.486832],[77.1178366,28.4864178],[77.1176241,28.4858225],[77.1161234,28.48385],[77.1156549,28.4833462],[77.1154186,28.4829883],[77.1153704,28.4828453],[77.1153897,28.4827202],[77.1153275,28.4823084],[77.1152044,28.4820883],[77.1151971,28.4819204],[77.1149919,28.4813287],[77.1152168,28.4812408],[77.115219,28.4811154],[77.1150874,28.4802266],[77.1150778,28.4799945],[77.1149548,28.4796256],[77.114967,28.4794123],[77.1148696,28.4792007],[77.1147038,28.4789817],[77.1144932,28.4786238],[77.1142735,28.4783575],[77.1141547,28.4780938],[77.1140771,28.4775368],[77.1138321,28.475912],[77.1134342,28.4740559],[77.1131561,28.4725571],[77.1130385,28.4713854],[77.1130138,28.4712948],[77.1121953,28.4712931],[77.1113403,28.4713739],[77.1108974,28.4713277],[77.1107317,28.4711585],[77.1125381,28.468648],[77.1140588,28.4669093],[77.1141791,28.4667213],[77.1144868,28.4665798],[77.1146632,28.4664268],[77.1148425,28.4661819],[77.1154433,28.4652612],[77.1158207,28.4647895],[77.116656,28.4635746],[77.1169664,28.4630398],[77.1171902,28.462525],[77.1178528,28.4619477],[77.1183666,28.4614479],[77.1195793,28.460431],[77.120899,28.4593014],[77.121876,28.4585051],[77.1219069,28.4583384],[77.1219376,28.4553184],[77.1220002,28.4539065],[77.1221126,28.4522512],[77.1221497,28.4515723],[77.1223125,28.4481005],[77.1223867,28.4445284],[77.1223959,28.443671],[77.1224316,28.4436147],[77.1232283,28.4434348],[77.1252067,28.4433147],[77.1263954,28.4433214],[77.1266003,28.4432991],[77.1270737,28.4431979],[77.1277486,28.4430241],[77.1287347,28.4428194],[77.1290515,28.442633],[77.1294011,28.4424017],[77.1298141,28.4420613],[77.1303659,28.4424853],[77.1305639,28.4426589],[77.1306423,28.4428009],[77.1306729,28.4429771],[77.1306387,28.443159],[77.1305159,28.4432326],[77.1302141,28.443266],[77.130079,28.4433994],[77.1300898,28.4450179],[77.1300142,28.4450191],[77.1300363,28.4461217],[77.1351842,28.4460935],[77.1352325,28.4472913],[77.1350573,28.4473059],[77.1351237,28.4482599],[77.1351619,28.4484801],[77.1352898,28.4487944],[77.1354631,28.4490185],[77.1356768,28.449236],[77.1358891,28.4493819],[77.1361484,28.4495151],[77.1365595,28.4495426],[77.1368997,28.4496686],[77.1373073,28.4497875],[77.1376804,28.4498712],[77.1379606,28.4499935],[77.1380431,28.4498967],[77.1384532,28.4499768],[77.1384735,28.4501466],[77.138782,28.4502044],[77.1390961,28.4502084],[77.1394525,28.4501341],[77.139438,28.450591],[77.1414332,28.4507386],[77.1414873,28.450537],[77.1414868,28.4490893],[77.143087,28.4492348],[77.1432617,28.4492572],[77.1434094,28.4493903],[77.1433078,28.4496305],[77.1429656,28.4503414],[77.1429045,28.450525],[77.1429555,28.4508429],[77.143875,28.4528398],[77.1440032,28.4530336],[77.1442356,28.4533068],[77.144729,28.4539293],[77.1461784,28.4554862],[77.1448522,28.4556312],[77.1448308,28.4572454],[77.1448738,28.4604439],[77.144766,28.4604551],[77.1430701,28.4604914],[77.1419802,28.4605659],[77.1417852,28.4605403],[77.1415599,28.4606203],[77.1414764,28.4607648],[77.1414817,28.4610321],[77.1414214,28.4612527],[77.1413536,28.4616453],[77.1414157,28.4620454],[77.1415064,28.4622541],[77.141827,28.4626119],[77.1419624,28.4628963],[77.1419892,28.4631537],[77.14169,28.4638555],[77.1415073,28.4644409],[77.141303,28.4650267],[77.1407188,28.4661713],[77.1408757,28.4664086],[77.1414434,28.4677566],[77.1417317,28.4684115],[77.1419727,28.4689302],[77.1421285,28.4693318],[77.1425325,28.4707676],[77.14275,28.4716065],[77.1427753,28.4717415],[77.1428084,28.4722668],[77.1427842,28.4726315],[77.1428786,28.4730642],[77.1429482,28.4734972],[77.1431217,28.473831],[77.1432161,28.4744071],[77.1435113,28.4760053]]]},"properties":{"fill-opacity":0,"stroke-opacity":1,"stroke":"#ff0000","WNo_SEC":157,"AC_No":46,"AC_No_1":46,"AC_Name":"CHHATARPUR","Ward_No":157,"WardName":"AYA NAGAR","TotalPop":51783,"SC_Pop":7027,"NW2022":"157, AYA NAGAR"},"id":66},
{"type":"Feature","geometry":{"type":"Polygon","coordinates":[[[77.1798526,28.5094494],[77.1795709,28.5093606],[77.1787896,28.5093233],[77.178021,28.5092218],[77.1778847,28.5091791],[77.1777546,28.5090513],[77.1774715,28.5085714],[77.1771408,28.5079635],[77.1770459,28.5078317],[77.1768534,28.5076196],[77.1762634,28.5071023],[77.1758523,28.5068373],[77.1750373,28.50607],[77.1747265,28.5057597],[77.1744895,28.5055664],[77.1732303,28.5043535],[77.1729397,28.5041526],[77.1724707,28.5039182],[77.1714815,28.5034598],[77.1707619,28.5031752],[77.1697911,28.5028097],[77.1684498,28.5021815],[77.1670461,28.5016471],[77.1665681,28.5014461],[77.1662729,28.5012985],[77.164332,28.5003581],[77.1630488,28.4997626],[77.1615626,28.4991565],[77.1610536,28.4989588],[77.1600995,28.4985686],[77.1590314,28.4981484],[77.1583781,28.4978746],[77.1574328,28.4974216],[77.1568119,28.4971332],[77.1552315,28.4964443],[77.153429,28.4956767],[77.1525949,28.4953068],[77.1518684,28.4949213],[77.1512292,28.4946154],[77.1506037,28.4943469],[77.1490481,28.4936509],[77.1478955,28.4931536],[77.1478807,28.4931985],[77.1465727,28.492635],[77.1468213,28.4918529],[77.1467882,28.4908865],[77.1468673,28.4906902],[77.1463597,28.4898927],[77.1452938,28.4882431],[77.145455,28.4880359],[77.1450373,28.4863362],[77.1448983,28.4855084],[77.1447271,28.4843777],[77.1445639,28.4838356],[77.1441981,28.4829016],[77.1439818,28.4824003],[77.143943,28.4809515],[77.1439132,28.4802429],[77.1438611,28.4796694],[77.1437744,28.4790716],[77.1436604,28.47851],[77.1435493,28.4777835],[77.143562,28.4766526],[77.1435811,28.4760086],[77.1435113,28.4760053],[77.1437079,28.4759996],[77.1456901,28.4757074],[77.1476676,28.4753015],[77.1490362,28.4749925],[77.1499646,28.4747718],[77.1503514,28.474651],[77.1509822,28.4743972],[77.1513852,28.4742109],[77.1519826,28.4740344],[77.1527724,28.4738368],[77.1528548,28.4740156],[77.1543934,28.4736739],[77.1553445,28.473276],[77.1562757,28.4731507],[77.1566868,28.4730848],[77.1571105,28.4740281],[77.1574453,28.4748273],[77.1576852,28.4753529],[77.1578441,28.4756575],[77.1584656,28.4767552],[77.1586416,28.4769489],[77.1587257,28.4768819],[77.1594089,28.4768612],[77.1598987,28.4768337],[77.1626264,28.4763502],[77.1628998,28.4762969],[77.1629021,28.4762103],[77.1636595,28.4761181],[77.1643117,28.4759912],[77.165607,28.4757206],[77.166274,28.4755739],[77.1667937,28.4754967],[77.1676802,28.4752488],[77.1709438,28.4744744],[77.1732472,28.4739379],[77.1745788,28.4737072],[77.1756015,28.4734837],[77.1761353,28.4734061],[77.1777365,28.473145],[77.177827,28.473448],[77.1790066,28.4756184],[77.1801705,28.4774418],[77.1802578,28.4812031],[77.1803074,28.4850188],[77.1815205,28.4849911],[77.1846485,28.4849453],[77.1847744,28.4849949],[77.1848809,28.4851262],[77.1850414,28.4854298],[77.1859408,28.4870608],[77.1860828,28.4872112],[77.1863918,28.4874096],[77.1865935,28.4875045],[77.1865221,28.4876431],[77.1862798,28.4882813],[77.1859182,28.4896169],[77.1858897,28.4899007],[77.1856088,28.4906803],[77.1854172,28.4912417],[77.1849485,28.492723],[77.1845157,28.494194],[77.184445,28.4945277],[77.1844495,28.4947624],[77.1845901,28.4951835],[77.1848575,28.4958986],[77.1851141,28.4967958],[77.1851408,28.4973197],[77.1851176,28.4978834],[77.1850619,28.4986056],[77.185045,28.499135],[77.1850062,28.4993279],[77.185194,28.4996073],[77.1853525,28.4999235],[77.1854907,28.5003934],[77.1857372,28.501553],[77.1858251,28.5025288],[77.185855,28.5034536],[77.1857969,28.5039638],[77.1857281,28.5043691],[77.1853984,28.5053059],[77.18521,28.506407],[77.1851369,28.5071876],[77.1851623,28.5079403],[77.1852204,28.5084022],[77.1844343,28.5085612],[77.1841859,28.5085881],[77.1834169,28.5085685],[77.1827473,28.5086049],[77.1819369,28.508698],[77.1815523,28.5088071],[77.1809379,28.5089363],[77.1800886,28.5090281],[77.1798526,28.5094494]]]},"properties":{"fill-opacity":0,"stroke-opacity":1,"stroke":"#ff0000","WNo_SEC":159,"AC_No":46,"AC_No_1":46,"AC_Name":"CHHATARPUR","Ward_No":159,"WardName":"CHHATARPUR","TotalPop":58988,"SC_Pop":8849,"NW2022":"159, CHHATARPUR"},"id":67},
{"type":"Feature","geometry":{"type":"Polygon","coordinates":[[[77.2141673,28.5063129],[77.214163,28.5063803],[77.2142294,28.5078063],[77.2142381,28.5082204],[77.214305,28.5091069],[77.214296,28.5091509],[77.215499,28.5088892],[77.2161625,28.5087553],[77.216181,28.5087992],[77.216942,28.5086172],[77.217365,28.5085003],[77.217783,28.5082886],[77.2184106,28.5080262],[77.2190551,28.5080282],[77.2190541,28.5065829],[77.2190481,28.5062238],[77.2197101,28.5062177],[77.2197301,28.506199],[77.219686,28.5051736],[77.2196245,28.504604],[77.2198439,28.5045812],[77.2211982,28.5045632],[77.2214675,28.5045657],[77.221555,28.5044266],[77.2218058,28.5039291],[77.2220857,28.5034213],[77.2222748,28.5031721],[77.2224893,28.5026103],[77.2225605,28.5021218],[77.2232644,28.5021231],[77.2237023,28.5021084],[77.2240613,28.5020559],[77.2247168,28.5019036],[77.225105,28.5018316],[77.2251297,28.5018938],[77.225381,28.5021062],[77.2256348,28.5024521],[77.2257073,28.5024688],[77.2261888,28.5023318],[77.2262262,28.5028533],[77.2268232,28.5029389],[77.2273538,28.5031538],[77.2275347,28.5032072],[77.2281056,28.503436],[77.2281057,28.5034912],[77.2285305,28.5035907],[77.2285282,28.5038762],[77.2290555,28.5038973],[77.2290415,28.5040672],[77.229625,28.5041034],[77.2301631,28.5042394],[77.2304757,28.5043011],[77.2306347,28.5043669],[77.2308321,28.5043522],[77.2311891,28.5044525],[77.2313972,28.5044707],[77.2317764,28.5043525],[77.231923,28.5056214],[77.2319788,28.5061602],[77.2324662,28.5061454],[77.2340815,28.5061169],[77.235178,28.506054],[77.2353295,28.5067101],[77.2352759,28.5067232],[77.2353655,28.5071964],[77.2349163,28.5073663],[77.2346748,28.5073895],[77.2341779,28.5074007],[77.2342057,28.5077758],[77.2335444,28.5077924],[77.2335577,28.5081583],[77.2337287,28.5081516],[77.2337746,28.50846],[77.2338995,28.5087284],[77.234187,28.509128],[77.2343247,28.5091445],[77.234678,28.5092578],[77.2347505,28.5094323],[77.2348,28.50974],[77.2351314,28.5107579],[77.235252,28.5107383],[77.2353282,28.5110066],[77.2354375,28.5115247],[77.2348393,28.5116307],[77.2347224,28.5118934],[77.2347528,28.5122958],[77.2344124,28.5123667],[77.234248,28.5124601],[77.2344644,28.5132289],[77.2345758,28.513311],[77.2349681,28.5132217],[77.2351044,28.5137044],[77.2364941,28.5133852],[77.2369797,28.5132435],[77.2376767,28.5130735],[77.2382388,28.5129668],[77.2382779,28.5133721],[77.2382872,28.5145005],[77.2381759,28.5145023],[77.2381795,28.5162762],[77.2378393,28.5165195],[77.2373127,28.5160441],[77.2372224,28.5159199],[77.2368987,28.5146324],[77.2363776,28.5147034],[77.2347792,28.5149875],[77.2340028,28.5151464],[77.2330792,28.5153594],[77.2330939,28.5154176],[77.2327433,28.5154909],[77.2327085,28.5153983],[77.2312291,28.515694],[77.2297222,28.5160058],[77.229393,28.5160516],[77.226872,28.5165796],[77.2267316,28.5155758],[77.2258392,28.5157514],[77.2250014,28.515937],[77.2243737,28.5160877],[77.22405,28.51615],[77.22286,28.51641],[77.22194,28.51658],[77.2212823,28.5167141],[77.2207074,28.5168171],[77.2199322,28.5169736],[77.2167692,28.5176397],[77.2153014,28.5179233],[77.2143791,28.5180209],[77.2143578,28.5172238],[77.2143935,28.5167605],[77.2144505,28.5165773],[77.2147021,28.5160884],[77.2149662,28.5156974],[77.215025,28.5154378],[77.2149853,28.5151164],[77.2147955,28.5146095],[77.2146661,28.5143449],[77.2143167,28.5136977],[77.2140095,28.513201],[77.2136694,28.5127093],[77.2129709,28.5118709],[77.2127203,28.5119755],[77.212547,28.5116614],[77.2127453,28.5115848],[77.2124524,28.5110409],[77.2121784,28.5104086],[77.2118588,28.5097563],[77.2121849,28.5097229],[77.212619,28.5096166],[77.2123003,28.509292],[77.212308,28.5086545],[77.2122032,28.5085225],[77.2122038,28.5081731],[77.2121782,28.5074159],[77.2121541,28.5074174],[77.2121442,28.5063517],[77.2132142,28.5063498],[77.2137329,28.5063207],[77.2141673,28.5063129]]]},"properties":{"fill-opacity":0,"stroke-opacity":1,"stroke":"#ff0000","WNo_SEC":167,"AC_No":48,"AC_No_1":48,"AC_Name":"AMBEDKAR NAGAR","Ward_No":167,"WardName":"KHANPUR","TotalPop":64453,"SC_Pop":9414,"NW2022":"167, KHANPUR"},"id":68},
{"type":"Feature","geometry":{"type":"Polygon","coordinates":[[[77.2830029,28.5442085],[77.2818521,28.5458899],[77.2797917,28.5488235],[77.279515,28.5486786],[77.2769552,28.5475913],[77.2749547,28.549869],[77.2748204,28.5500506],[77.2735599,28.54931],[77.2725363,28.5487506],[77.2700425,28.5473643],[77.2694292,28.5470489],[77.2698027,28.54632],[77.2694527,28.5461097],[77.2692571,28.5460574],[77.2687119,28.5460686],[77.2685824,28.5460319],[77.2682222,28.5458334],[77.2680209,28.5456509],[77.2680296,28.5450415],[77.2682213,28.5450732],[77.2686531,28.5452657],[77.2691438,28.5452624],[77.2694457,28.5453246],[77.2698346,28.5452729],[77.2699913,28.5451722],[77.2700478,28.5450352],[77.2700076,28.5447971],[77.2700116,28.5446061],[77.2701171,28.544485],[77.2704818,28.5443476],[77.2710497,28.5442259],[77.2710299,28.543806],[77.2721459,28.5434643],[77.2721986,28.5433593],[77.2728906,28.5416474],[77.271958,28.5411349],[77.2720789,28.5409471],[77.2696652,28.5398448],[77.2679439,28.5391143],[77.2666474,28.538617],[77.2671,28.53756],[77.26737,28.53697],[77.26751,28.53657],[77.26775,28.53601],[77.26796,28.53548],[77.2686293,28.5339131],[77.2691434,28.5326159],[77.2694452,28.5319367],[77.2697419,28.5314159],[77.2702345,28.5306889],[77.2711669,28.5293344],[77.2713882,28.5290297],[77.2722343,28.5278573],[77.2726922,28.527183],[77.2729954,28.5267701],[77.2734372,28.5261351],[77.2745895,28.5245181],[77.2748552,28.5241263],[77.2752278,28.523608],[77.2764028,28.5219329],[77.2765485,28.5220142],[77.2773241,28.522386],[77.2776048,28.5224661],[77.2795221,28.5227171],[77.2809182,28.5228914],[77.283944,28.5232924],[77.2850175,28.5234951],[77.2858654,28.5234903],[77.2864238,28.5234999],[77.2874616,28.5234926],[77.2870994,28.5242056],[77.2881844,28.5247195],[77.2885981,28.5254585],[77.28875,28.52553],[77.28897,28.52555],[77.28927,28.52539],[77.28957,28.52528],[77.28981,28.52527],[77.29072,28.52559],[77.29095,28.52569],[77.29114,28.5257],[77.2913,28.52556],[77.29157,28.52513],[77.29177,28.52478],[77.29187,28.52469],[77.29219,28.52474],[77.29226,28.52482],[77.2920423,28.5251808],[77.2917085,28.5256818],[77.2911862,28.5262128],[77.2894728,28.5276789],[77.2891106,28.527993],[77.2888575,28.5282873],[77.2884831,28.5287878],[77.2882319,28.5292397],[77.2876259,28.5307559],[77.287368,28.5313302],[77.2870724,28.5320364],[77.2867699,28.5327245],[77.2858848,28.5344968],[77.2858551,28.5345889],[77.2854259,28.5353717],[77.2836629,28.5347253],[77.28352,28.535],[77.283,28.53582],[77.28142,28.53871],[77.2804476,28.5405429],[77.2793696,28.5425537],[77.2830029,28.5442085]]]},"properties":{"fill-opacity":0,"stroke-opacity":1,"stroke":"#ff0000","WNo_SEC":177,"AC_No":52,"AC_No_1":52,"AC_Name":"TUGHLAKABAD","Ward_No":177,"WardName":"HARKESH NAGAR","TotalPop":65932,"SC_Pop":16071,"NW2022":"177, HARKESH NAGAR"},"id":69},
{"type":"Feature","geometry":{"type":"Polygon","coordinates":[[[77.2885981,28.5254585],[77.2896147,28.5234695],[77.290409,28.5219521],[77.2913986,28.5200925],[77.2923271,28.5180357],[77.292862,28.5165227],[77.2933566,28.5150223],[77.2942529,28.5121067],[77.2955694,28.5081002],[77.2951363,28.5079541],[77.2946472,28.5078233],[77.2939084,28.5075851],[77.2925088,28.5071711],[77.2923571,28.50786],[77.2915716,28.5077304],[77.2915231,28.5080012],[77.2894997,28.5078865],[77.2891977,28.5076672],[77.2883991,28.5069835],[77.2882764,28.5069469],[77.286899,28.5071384],[77.2864044,28.507105],[77.2860904,28.5071512],[77.2857949,28.5072957],[77.2851257,28.5077681],[77.2848481,28.507909],[77.2841681,28.5082138],[77.2830078,28.5087817],[77.2810079,28.5097786],[77.2806578,28.5099119],[77.2798149,28.5084438],[77.2794342,28.507799],[77.278305,28.5058159],[77.2778503,28.505057],[77.2777324,28.5049536],[77.276,28.5058],[77.2751216,28.5060959],[77.2749794,28.5058977],[77.2747921,28.5057115],[77.2746207,28.5054577],[77.27449,28.5053286],[77.274464,28.5050847],[77.2743705,28.5049182],[77.2742853,28.5046539],[77.2741626,28.5041782],[77.2740924,28.5038813],[77.2738484,28.5034669],[77.2728924,28.5009328],[77.2725949,28.5003103],[77.2720493,28.4998367],[77.2706318,28.4999859],[77.2701051,28.4983536],[77.2703746,28.4976733],[77.2679295,28.4927855],[77.2638611,28.485632],[77.2638602,28.4856273],[77.2642036,28.4856717],[77.2648441,28.4857274],[77.2656439,28.4857331],[77.2665102,28.4858305],[77.2678295,28.4860843],[77.2684643,28.4861832],[77.2696717,28.4864913],[77.2707883,28.4867057],[77.2714124,28.4868095],[77.2720771,28.4869349],[77.2724765,28.4892252],[77.2725195,28.4895979],[77.2725318,28.4899236],[77.2725793,28.4901274],[77.2726104,28.4904456],[77.2727161,28.4910376],[77.273209,28.4912386],[77.2734319,28.4912981],[77.2736413,28.4914247],[77.2739359,28.4917444],[77.2748848,28.492329],[77.2752026,28.4924097],[77.2755412,28.4926803],[77.2758764,28.4928691],[77.2759766,28.4927772],[77.2763391,28.4929479],[77.2765799,28.4930333],[77.2767192,28.4931185],[77.2771388,28.4933025],[77.2774244,28.493302],[77.277426,28.4934896],[77.2777583,28.493449],[77.2778052,28.4936701],[77.2782043,28.4936286],[77.2785366,28.493751],[77.2786666,28.4937689],[77.2789527,28.493702],[77.2791306,28.4937324],[77.2795044,28.4938742],[77.2801361,28.4939953],[77.2803072,28.493961],[77.2811218,28.4937087],[77.2812959,28.4937797],[77.2815772,28.4940281],[77.2817941,28.4941335],[77.2820555,28.4942028],[77.2821055,28.4942906],[77.2825839,28.4944043],[77.2827796,28.4944276],[77.2829545,28.4943126],[77.2833013,28.4943929],[77.2835541,28.4944258],[77.2835741,28.4944949],[77.2838704,28.4946285],[77.2843247,28.4947183],[77.2850187,28.4947209],[77.2851112,28.4948705],[77.2852818,28.4953418],[77.2854962,28.4956704],[77.2857563,28.4958024],[77.2867108,28.4959448],[77.2873685,28.4960299],[77.2877959,28.4960684],[77.288846,28.4962642],[77.2898227,28.4964695],[77.2898966,28.4964718],[77.2908619,28.4963116],[77.291774,28.4962045],[77.2929456,28.496101],[77.2934076,28.4960394],[77.2937854,28.4960067],[77.2937406,28.4956655],[77.294054,28.4956111],[77.2939384,28.4951146],[77.2938519,28.4945435],[77.2940156,28.4945196],[77.2942405,28.4949512],[77.2943323,28.4952551],[77.2947948,28.4951831],[77.2952937,28.4949826],[77.2959522,28.4944215],[77.2972008,28.4944213],[77.2977063,28.4944366],[77.2978902,28.494661],[77.2980244,28.4945227],[77.2982866,28.4943551],[77.298455,28.4943278],[77.2987446,28.4943343],[77.2987704,28.4940915],[77.2996621,28.4941666],[77.3000197,28.4941781],[77.3005058,28.4941663],[77.3004866,28.4925348],[77.3004084,28.4896088],[77.3008829,28.4895949],[77.3010493,28.4896678],[77.301437,28.4896737],[77.3021772,28.4895593],[77.302606,28.4895247],[77.3043006,28.4894879],[77.3041569,28.4902078],[77.3041014,28.4904857],[77.3035338,28.4929638],[77.3030204,28.4955471],[77.3028598,28.4962421],[77.3026953,28.4967552],[77.3022437,28.4977357],[77.3020735,28.4982133],[77.3019591,28.4986689],[77.3017729,28.4994811],[77.3015362,28.5002674],[77.3014056,28.5004755],[77.3012143,28.5006847],[77.3009688,28.5008947],[77.3005967,28.5011785],[77.3004124,28.5013557],[77.3003251,28.501485],[77.3002092,28.5017495],[77.3001466,28.5019774],[77.3000928,28.5031774],[77.3001432,28.5036197],[77.3002221,28.503892],[77.3004057,28.5043907],[77.3005913,28.5049738],[77.3006608,28.5054294],[77.3006536,28.5057443],[77.3005463,28.5061854],[77.3004274,28.5064853],[77.300152,28.5070984],[77.2995815,28.5085198],[77.2980359,28.5122851],[77.2971965,28.5142735],[77.29712,28.51444],[77.29633,28.51635],[77.29579,28.51768],[77.2956,28.51813],[77.29478,28.51982],[77.292626,28.5241565],[77.29226,28.52482],[77.29219,28.52474],[77.29187,28.52469],[77.29177,28.52478],[77.29157,28.52513],[77.2913,28.52556],[77.29114,28.5257],[77.29095,28.52569],[77.29072,28.52559],[77.28981,28.52527],[77.28957,28.52528],[77.28927,28.52539],[77.28897,28.52555],[77.28875,28.52553],[77.2885981,28.5254585]]]},"properties":{"fill-opacity":0,"stroke-opacity":1,"stroke":"#ff0000","WNo_SEC":179,"AC_No":52,"AC_No_1":52,"AC_Name":"TUGHLAKABAD","Ward_No":179,"WardName":"PUL PEHLADPUR","TotalPop":69724,"SC_Pop":17853,"NW2022":"179, PUL PEHLADPUR"},"id":70},
{"type":"Feature","geometry":{"type":"Polygon","coordinates":[[[77.2713882,28.5290297],[77.2706978,28.5287424],[77.2696698,28.5282506],[77.2690207,28.5291334],[77.2683915,28.5300767],[77.2681996,28.5303181],[77.2677668,28.5307604],[77.2673537,28.5306358],[77.2662236,28.530404],[77.2661377,28.5306531],[77.2659773,28.5312108],[77.2652548,28.5310669],[77.2649874,28.5319176],[77.2645754,28.5318388],[77.2626762,28.5323181],[77.2623741,28.5316272],[77.2619099,28.5304339],[77.26183,28.53025],[77.26206,28.52966],[77.26245,28.52871],[77.26293,28.52757],[77.2632051,28.5269417],[77.2633202,28.526554],[77.263349,28.5263808],[77.26273,28.5266434],[77.2613634,28.5271754],[77.2611672,28.5272254],[77.2610014,28.5269072],[77.2608161,28.5266469],[77.2607827,28.5264273],[77.2607274,28.5263791],[77.2606045,28.5255705],[77.2619788,28.525336],[77.2630867,28.5251624],[77.2633814,28.5251437],[77.2636333,28.5252084],[77.2639172,28.5247527],[77.26401,28.52451],[77.26455,28.5233],[77.2649934,28.5230575],[77.2644366,28.5215078],[77.2638621,28.5216892],[77.2636798,28.5213795],[77.2636242,28.5213365],[77.2632172,28.521361],[77.2628829,28.5214024],[77.2626554,28.5215088],[77.2624186,28.5216823],[77.2622773,28.5219488],[77.2619525,28.5218121],[77.2611881,28.5213854],[77.2600972,28.5206424],[77.2592634,28.5198716],[77.2585386,28.5192166],[77.2580356,28.5186892],[77.2577863,28.5183705],[77.2574537,28.5179085],[77.2568193,28.5175266],[77.2565359,28.5173233],[77.2558207,28.5166068],[77.2551535,28.515591],[77.2549036,28.5151982],[77.2545994,28.5146662],[77.2555234,28.5141718],[77.2576254,28.5128506],[77.2583646,28.5125225],[77.2589282,28.5122084],[77.2591274,28.5120733],[77.2594208,28.5120834],[77.25967,28.5120373],[77.2602357,28.511867],[77.2608499,28.5116041],[77.2610507,28.5114899],[77.2617404,28.511009],[77.26201,28.51087],[77.26257,28.51052],[77.26356,28.50982],[77.26407,28.5095],[77.2643634,28.5093408],[77.2646476,28.5092218],[77.2659667,28.5088671],[77.2667869,28.5086729],[77.2670907,28.5085888],[77.2675089,28.5084279],[77.26974,28.50779],[77.27049,28.50776],[77.27093,28.50769],[77.27183,28.50734],[77.27278,28.50696],[77.27413,28.50643],[77.2751216,28.5060959],[77.276,28.5058],[77.2777324,28.5049536],[77.2778503,28.505057],[77.278305,28.5058159],[77.2794342,28.507799],[77.2798149,28.5084438],[77.2806578,28.5099119],[77.2810079,28.5097786],[77.2830078,28.5087817],[77.2841681,28.5082138],[77.2848481,28.507909],[77.2851257,28.5077681],[77.2857949,28.5072957],[77.2860904,28.5071512],[77.2864044,28.507105],[77.286899,28.5071384],[77.2882764,28.5069469],[77.2883991,28.5069835],[77.2891977,28.5076672],[77.2894997,28.5078865],[77.2915231,28.5080012],[77.2915716,28.5077304],[77.2923571,28.50786],[77.2925088,28.5071711],[77.2939084,28.5075851],[77.2946472,28.5078233],[77.2951363,28.5079541],[77.2955694,28.5081002],[77.2942529,28.5121067],[77.2933566,28.5150223],[77.292862,28.5165227],[77.2923271,28.5180357],[77.2913986,28.5200925],[77.290409,28.5219521],[77.2896147,28.5234695],[77.2885981,28.5254585],[77.2881844,28.5247195],[77.2870994,28.5242056],[77.2874616,28.5234926],[77.2864238,28.5234999],[77.2858654,28.5234903],[77.2850175,28.5234951],[77.283944,28.5232924],[77.2809182,28.5228914],[77.2795221,28.5227171],[77.2776048,28.5224661],[77.2773241,28.522386],[77.2765485,28.5220142],[77.2764028,28.5219329],[77.2752278,28.523608],[77.2748552,28.5241263],[77.2745895,28.5245181],[77.2734372,28.5261351],[77.2729954,28.5267701],[77.2726922,28.527183],[77.2722343,28.5278573],[77.2713882,28.5290297]]]},"properties":{"fill-opacity":0,"stroke-opacity":1,"stroke":"#ff0000","WNo_SEC":178,"AC_No":52,"AC_No_1":52,"AC_Name":"TUGHLAKABAD","Ward_No":178,"WardName":"TUGHLAKABAD","TotalPop":63172,"SC_Pop":8944,"NW2022":"178, TUGHLAKABAD"},"id":71},
{"type":"Feature","geometry":{"type":"Polygon","coordinates":[[[77.3329498,28.4990906],[77.3333274,28.4994526],[77.3337686,28.4999062],[77.3343213,28.5005117],[77.3342992,28.500693],[77.3341238,28.5008122],[77.3342003,28.5009194],[77.3347248,28.5014746],[77.3349943,28.5017326],[77.3353159,28.502191],[77.3351935,28.5022646],[77.3352262,28.5024162],[77.3354586,28.5028017],[77.3359063,28.5034209],[77.336028,28.5036273],[77.3360618,28.5038352],[77.3360701,28.5042626],[77.3362177,28.504242],[77.336587,28.504483],[77.3367576,28.5045646],[77.3371458,28.505065],[77.3374051,28.5053341],[77.3378681,28.5056543],[77.3383666,28.5060534],[77.3388608,28.5065123],[77.3392981,28.5069423],[77.3399041,28.5078766],[77.3402646,28.5081389],[77.3406714,28.508465],[77.3409416,28.508719],[77.341136,28.5091084],[77.3414537,28.5094758],[77.3417235,28.5097099],[77.3418625,28.5098865],[77.3420511,28.5100175],[77.3423099,28.5101466],[77.3423423,28.5104857],[77.3423995,28.5106136],[77.3428421,28.5110535],[77.3430126,28.511152],[77.34327,28.5113707],[77.3434737,28.5115835],[77.3437232,28.5117888],[77.3438336,28.5119356],[77.3440525,28.5121209],[77.3442987,28.5125452],[77.3443512,28.5126727],[77.3445808,28.5129289],[77.3448046,28.5130831],[77.3451298,28.513227],[77.3454505,28.5132407],[77.3454321,28.5136412],[77.3455943,28.5143133],[77.3457404,28.5149954],[77.3460084,28.5157573],[77.3464391,28.5164731],[77.3466003,28.5167981],[77.3466142,28.5169117],[77.3461173,28.5172822],[77.3461725,28.5173811],[77.3466582,28.5177814],[77.3470667,28.5178805],[77.3472346,28.5181241],[77.3473496,28.5188522],[77.3474636,28.5200078],[77.3474711,28.5204965],[77.3470505,28.52084],[77.3466395,28.5210111],[77.3456388,28.5211778],[77.3443628,28.5214843],[77.3433452,28.5216272],[77.3420718,28.5218805],[77.3416439,28.5219555],[77.3410689,28.5221197],[77.3408515,28.522162],[77.3400484,28.5223783],[77.3391851,28.522586],[77.3383391,28.5228368],[77.3370293,28.520768],[77.3361417,28.5203839],[77.3353422,28.5201649],[77.3348263,28.5199375],[77.3332816,28.5197492],[77.3305765,28.5195235],[77.3330645,28.5162621],[77.3332426,28.516077],[77.3330371,28.5160773],[77.3315671,28.516188],[77.3269025,28.5163943],[77.323826,28.5164388],[77.3216479,28.5164346],[77.3212096,28.5168257],[77.321071,28.5168504],[77.3209088,28.5167601],[77.3205723,28.5162915],[77.3204654,28.5161733],[77.3197265,28.5156385],[77.318727,28.515044],[77.3184388,28.515021],[77.3184576,28.5148493],[77.3184259,28.5145931],[77.3183105,28.5142161],[77.3183199,28.5139255],[77.318369,28.5137096],[77.3183077,28.5133367],[77.3183254,28.5131657],[77.3184434,28.5128732],[77.318024,28.5122377],[77.3187685,28.5117569],[77.319927,28.5111391],[77.3202152,28.5109954],[77.3214268,28.5104457],[77.32228,28.5101049],[77.3226822,28.5100268],[77.3233008,28.5099398],[77.3238147,28.5098429],[77.3242116,28.5097952],[77.3251505,28.5097126],[77.3258062,28.5097167],[77.3265285,28.5096668],[77.327238,28.5096437],[77.3280593,28.5095392],[77.3280428,28.5083048],[77.3279959,28.5072976],[77.3273366,28.5072931],[77.3273117,28.5069546],[77.3272794,28.5056723],[77.3272302,28.505672],[77.3271998,28.504621],[77.3280717,28.5039375],[77.3286364,28.5034212],[77.3290814,28.5028833],[77.3289493,28.5028028],[77.3288822,28.5028904],[77.3273445,28.5029008],[77.3268619,28.5029157],[77.3260146,28.5029188],[77.3251915,28.5029403],[77.3250143,28.5028921],[77.3256,28.5023686],[77.3259389,28.5020482],[77.3264549,28.5015904],[77.3264747,28.5015449],[77.3264844,28.5004725],[77.3264669,28.5002618],[77.3272062,28.5002522],[77.3282009,28.5002183],[77.3301687,28.5001762],[77.331695,28.500164],[77.3321469,28.4997433],[77.3326784,28.4993267],[77.3329498,28.4990906]]]},"properties":{"fill-opacity":0,"stroke-opacity":1,"stroke":"#ff0000","WNo_SEC":184,"AC_No":53,"AC_No_1":53,"AC_Name":"BADARPUR","Ward_No":184,"WardName":"JAITPUR","TotalPop":62317,"SC_Pop":4642,"NW2022":"184, JAITPUR"},"id":72},
{"type":"Feature","geometry":{"type":"Polygon","coordinates":[[[77.3264669,28.5002618],[77.3255047,28.5002561],[77.3243853,28.5002584],[77.3222299,28.5003012],[77.3218161,28.500301],[77.3208975,28.5003225],[77.3196339,28.5003423],[77.3186099,28.5003501],[77.3171563,28.5003826],[77.3164908,28.5004607],[77.31493,28.50037],[77.3149373,28.5002755],[77.3142279,28.50023],[77.3141004,28.5002763],[77.3141595,28.4998264],[77.3142539,28.4993633],[77.3142787,28.4988476],[77.3143325,28.4981949],[77.3144188,28.4974259],[77.3144652,28.4972558],[77.3146878,28.4970902],[77.3147699,28.4967271],[77.3147709,28.4964412],[77.3148917,28.4956796],[77.314973,28.4947449],[77.3149895,28.4940576],[77.3150699,28.4934549],[77.3151661,28.4929366],[77.3152534,28.4918005],[77.3153215,28.491289],[77.3153428,28.4909783],[77.3153878,28.4907563],[77.3154895,28.4898734],[77.3155117,28.4893187],[77.3155693,28.4891517],[77.3156627,28.4880403],[77.3158702,28.4860725],[77.3159261,28.485452],[77.3160281,28.4844834],[77.3164908,28.4845579],[77.316476,28.4846246],[77.3163376,28.4859088],[77.3163092,28.4864229],[77.3175199,28.486645],[77.3180168,28.4867956],[77.3184772,28.486878],[77.3194496,28.4869235],[77.3194473,28.4876803],[77.3205325,28.4878312],[77.3205383,28.4880055],[77.3218099,28.4880359],[77.3221587,28.4881339],[77.3229297,28.4884709],[77.323235,28.4886477],[77.3241945,28.4889952],[77.3246034,28.4890445],[77.3252767,28.4893627],[77.325299,28.4895232],[77.3254546,28.4895251],[77.3254506,28.4897058],[77.3267814,28.4897446],[77.3267825,28.4911584],[77.3269958,28.4911469],[77.3270804,28.4912364],[77.3270654,28.4913425],[77.3275656,28.4913529],[77.3275348,28.4916814],[77.3277506,28.4918629],[77.3278781,28.4918883],[77.3278991,28.4919945],[77.3282717,28.4924212],[77.3284412,28.4926641],[77.3286443,28.4931885],[77.3288028,28.4935484],[77.3289157,28.4936202],[77.3291242,28.4940869],[77.3292331,28.4942888],[77.3292428,28.4946126],[77.3292968,28.4947149],[77.3296885,28.4951082],[77.3308476,28.4961967],[77.3312545,28.4964511],[77.3316145,28.4967851],[77.3321037,28.4974643],[77.3331943,28.4987086],[77.3332737,28.4988171],[77.3329498,28.4990906],[77.3326784,28.4993267],[77.3321469,28.4997433],[77.331695,28.500164],[77.3301687,28.5001762],[77.3282009,28.5002183],[77.3272062,28.5002522],[77.3264669,28.5002618]]]},"properties":{"fill-opacity":0,"stroke-opacity":1,"stroke":"#ff0000","WNo_SEC":182,"AC_No":53,"AC_No_1":53,"AC_Name":"BADARPUR","Ward_No":182,"WardName":"MEETHAPUR","TotalPop":69837,"SC_Pop":6727,"NW2022":"182, MEETHAPUR"},"id":73},
{"type":"Feature","geometry":{"type":"Polygon","coordinates":[[[77.3043006,28.4894879],[77.30437,28.4893349],[77.3051161,28.4893359],[77.3055152,28.4893519],[77.305931,28.4893078],[77.3059347,28.4892727],[77.3066003,28.4892539],[77.3066213,28.4889254],[77.307172,28.4886697],[77.3080804,28.4881701],[77.3080776,28.4879738],[77.3077542,28.4875612],[77.3080677,28.4875654],[77.3084533,28.4875254],[77.3088164,28.48745],[77.3092965,28.4872843],[77.3097708,28.4870526],[77.3100404,28.4868284],[77.3105938,28.4863301],[77.3114963,28.4854916],[77.3137117,28.4834983],[77.3138492,28.4836035],[77.314552,28.4839297],[77.3155053,28.4844017],[77.3160281,28.4844834],[77.3159261,28.485452],[77.3158702,28.4860725],[77.3156627,28.4880403],[77.3155693,28.4891517],[77.3155117,28.4893187],[77.3154895,28.4898734],[77.3153878,28.4907563],[77.3153428,28.4909783],[77.3153215,28.491289],[77.3152534,28.4918005],[77.3151661,28.4929366],[77.3150699,28.4934549],[77.3149895,28.4940576],[77.314973,28.4947449],[77.3148917,28.4956796],[77.3147709,28.4964412],[77.3147699,28.4967271],[77.3146878,28.4970902],[77.3144652,28.4972558],[77.3144188,28.4974259],[77.3143325,28.4981949],[77.3142787,28.4988476],[77.3142539,28.4993633],[77.3141595,28.4998264],[77.3141004,28.5002763],[77.3139346,28.5002475],[77.3139515,28.5008866],[77.3139068,28.5015343],[77.3138878,28.5020648],[77.3139,28.5023226],[77.314136,28.5023888],[77.3141534,28.5025708],[77.3140584,28.5032559],[77.3139429,28.5042415],[77.3138882,28.5045396],[77.3137811,28.5049228],[77.3136342,28.5052929],[77.3135686,28.5055252],[77.3134582,28.5057639],[77.3133881,28.5060855],[77.3131804,28.5066819],[77.3129219,28.5075485],[77.3127952,28.5081777],[77.3133218,28.5083496],[77.3124743,28.5112069],[77.3108271,28.5110872],[77.3109,28.51067],[77.31101,28.50983],[77.31081,28.5078051],[77.3106111,28.5068828],[77.31046,28.50532],[77.3103471,28.5040613],[77.3104723,28.5040454],[77.3105704,28.5039092],[77.3105925,28.5037759],[77.3104433,28.5026568],[77.3103476,28.5022136],[77.3102401,28.5018239],[77.3101851,28.501475],[77.3100793,28.5014402],[77.3100281,28.5009177],[77.3098903,28.5001731],[77.3103161,28.5001094],[77.3103561,28.5000597],[77.3103803,28.4997054],[77.3104459,28.499277],[77.3104299,28.4988355],[77.3102801,28.4981242],[77.3102421,28.4978706],[77.3101937,28.4972791],[77.3101804,28.4966512],[77.310132,28.496084],[77.3106428,28.4958954],[77.3110717,28.4957181],[77.3111964,28.4959661],[77.3114185,28.4965825],[77.3116878,28.4965034],[77.3117494,28.4966652],[77.3124343,28.4966471],[77.3124007,28.4961854],[77.3125284,28.496148],[77.3129034,28.4961219],[77.3128402,28.4957258],[77.3127648,28.4956326],[77.3127409,28.4953966],[77.3128904,28.4953931],[77.3128687,28.4950132],[77.3126997,28.495031],[77.3112912,28.495072],[77.3106095,28.4950634],[77.3099624,28.4952099],[77.3098411,28.4946656],[77.3097653,28.4941755],[77.3097166,28.4940243],[77.3095986,28.4939152],[77.3093911,28.4938237],[77.3091551,28.4935251],[77.3089483,28.4933566],[77.3083397,28.4929167],[77.3080613,28.492744],[77.3078519,28.4925786],[77.3076712,28.4923315],[77.3072987,28.4919668],[77.3068432,28.4914574],[77.3064746,28.4911004],[77.3058357,28.4905632],[77.3056581,28.4904964],[77.3043503,28.4902823],[77.3041569,28.4902078],[77.3043006,28.4894879]]]},"properties":{"fill-opacity":0,"stroke-opacity":1,"stroke":"#ff0000","WNo_SEC":181,"AC_No":53,"AC_No_1":53,"AC_Name":"BADARPUR","Ward_No":181,"WardName":"MOLARBAND","TotalPop":66525,"SC_Pop":8292,"NW2022":"181, MOLARBAND"},"id":74},
{"type":"Feature","geometry":{"type":"Polygon","coordinates":[[[77.3041569,28.4902078],[77.3043503,28.4902823],[77.3056581,28.4904964],[77.3058357,28.4905632],[77.3064746,28.4911004],[77.3068432,28.4914574],[77.3072987,28.4919668],[77.3076712,28.4923315],[77.3078519,28.4925786],[77.3080613,28.492744],[77.3083397,28.4929167],[77.3089483,28.4933566],[77.3091551,28.4935251],[77.3093911,28.4938237],[77.3095986,28.4939152],[77.3097166,28.4940243],[77.3097653,28.4941755],[77.3098411,28.4946656],[77.3099624,28.4952099],[77.3106095,28.4950634],[77.3112912,28.495072],[77.3126997,28.495031],[77.3128687,28.4950132],[77.3128904,28.4953931],[77.3127409,28.4953966],[77.3127648,28.4956326],[77.3128402,28.4957258],[77.3129034,28.4961219],[77.3125284,28.496148],[77.3124007,28.4961854],[77.3124343,28.4966471],[77.3117494,28.4966652],[77.3116878,28.4965034],[77.3114185,28.4965825],[77.3111964,28.4959661],[77.3110717,28.4957181],[77.3106428,28.4958954],[77.310132,28.496084],[77.3101804,28.4966512],[77.3101937,28.4972791],[77.3102421,28.4978706],[77.3102801,28.4981242],[77.3104299,28.4988355],[77.3104459,28.499277],[77.3103803,28.4997054],[77.3103561,28.5000597],[77.3103161,28.5001094],[77.3098903,28.5001731],[77.3100281,28.5009177],[77.3100793,28.5014402],[77.3101851,28.501475],[77.3102401,28.5018239],[77.3103476,28.5022136],[77.3104433,28.5026568],[77.3105925,28.5037759],[77.3105704,28.5039092],[77.3104723,28.5040454],[77.3103471,28.5040613],[77.31046,28.50532],[77.3106111,28.5068828],[77.31081,28.5078051],[77.31101,28.50983],[77.3109,28.51067],[77.3108271,28.5110872],[77.3107135,28.5114539],[77.3105708,28.5117227],[77.3103767,28.511992],[77.3100668,28.5123194],[77.3095783,28.512724],[77.30887,28.51326],[77.30716,28.51441],[77.30568,28.51552],[77.3050665,28.5158318],[77.3045854,28.5160213],[77.3041385,28.5161307],[77.3038268,28.5161636],[77.3032525,28.5161585],[77.302961,28.516121],[77.3022707,28.5159098],[77.3004864,28.515321],[77.2982569,28.5145971],[77.2971965,28.5142735],[77.2980359,28.5122851],[77.2995815,28.5085198],[77.300152,28.5070984],[77.3004274,28.5064853],[77.3005463,28.5061854],[77.3006536,28.5057443],[77.3006608,28.5054294],[77.3005913,28.5049738],[77.3004057,28.5043907],[77.3002221,28.503892],[77.3001432,28.5036197],[77.3000928,28.5031774],[77.3001466,28.5019774],[77.3002092,28.5017495],[77.3003251,28.501485],[77.3004124,28.5013557],[77.3005967,28.5011785],[77.3009688,28.5008947],[77.3012143,28.5006847],[77.3014056,28.5004755],[77.3015362,28.5002674],[77.3017729,28.4994811],[77.3019591,28.4986689],[77.3020735,28.4982133],[77.3022437,28.4977357],[77.3026953,28.4967552],[77.3028598,28.4962421],[77.3030204,28.4955471],[77.3035338,28.4929638],[77.3041014,28.4904857],[77.3041569,28.4902078]]]},"properties":{"fill-opacity":0,"stroke-opacity":1,"stroke":"#ff0000","WNo_SEC":180,"AC_No":53,"AC_No_1":53,"AC_Name":"BADARPUR","Ward_No":180,"WardName":"BADARPUR","TotalPop":70836,"SC_Pop":20750,"NW2022":"180, BADARPUR"},"id":75},
{"type":"Feature","geometry":{"type":"Polygon","coordinates":[[[77.318024,28.5122377],[77.3177757,28.5124014],[77.3175416,28.51245],[77.3168053,28.5122358],[77.3162879,28.5121166],[77.3158123,28.5120305],[77.3153955,28.5119351],[77.314946,28.5118124],[77.3141058,28.5115578],[77.3135332,28.5114176],[77.3126909,28.5112411],[77.3124743,28.5112069],[77.3133218,28.5083496],[77.3127952,28.5081777],[77.3129219,28.5075485],[77.3131804,28.5066819],[77.3133881,28.5060855],[77.3134582,28.5057639],[77.3135686,28.5055252],[77.3136342,28.5052929],[77.3137811,28.5049228],[77.3138882,28.5045396],[77.3139429,28.5042415],[77.3140584,28.5032559],[77.3141534,28.5025708],[77.314136,28.5023888],[77.3139,28.5023226],[77.3138878,28.5020648],[77.3139068,28.5015343],[77.3139515,28.5008866],[77.3139346,28.5002475],[77.3141004,28.5002763],[77.3142279,28.50023],[77.3149373,28.5002755],[77.31493,28.50037],[77.3164908,28.5004607],[77.3171563,28.5003826],[77.3186099,28.5003501],[77.3196339,28.5003423],[77.3208975,28.5003225],[77.3218161,28.500301],[77.3222299,28.5003012],[77.3243853,28.5002584],[77.3255047,28.5002561],[77.3264669,28.5002618],[77.3264844,28.5004725],[77.3264747,28.5015449],[77.3264549,28.5015904],[77.3259389,28.5020482],[77.3256,28.5023686],[77.3250143,28.5028921],[77.3251915,28.5029403],[77.3260146,28.5029188],[77.3268619,28.5029157],[77.3273445,28.5029008],[77.3288822,28.5028904],[77.3289493,28.5028028],[77.3290814,28.5028833],[77.3286364,28.5034212],[77.3280717,28.5039375],[77.3271998,28.504621],[77.3272302,28.505672],[77.3272794,28.5056723],[77.3273117,28.5069546],[77.3273366,28.5072931],[77.3279959,28.5072976],[77.3280428,28.5083048],[77.3280593,28.5095392],[77.327238,28.5096437],[77.3265285,28.5096668],[77.3258062,28.5097167],[77.3251505,28.5097126],[77.3242116,28.5097952],[77.3238147,28.5098429],[77.3233008,28.5099398],[77.3226822,28.5100268],[77.32228,28.5101049],[77.3214268,28.5104457],[77.3202152,28.5109954],[77.319927,28.5111391],[77.3187685,28.5117569],[77.318024,28.5122377]]]},"properties":{"fill-opacity":0,"stroke-opacity":1,"stroke":"#ff0000","WNo_SEC":183,"AC_No":53,"AC_No_1":53,"AC_Name":"BADARPUR","Ward_No":183,"WardName":"HARI NAGAR EXTENSION","TotalPop":66979,"SC_Pop":5570,"NW2022":"183, HARI NAGAR EXTENSION"},"id":76},
{"type":"Feature","geometry":{"type":"Polygon","coordinates":[[[77.3370293,28.520768],[77.3366188,28.5212139],[77.3362695,28.5215542],[77.3357415,28.5223195],[77.3357116,28.5224365],[77.3355163,28.5226977],[77.3349977,28.5233044],[77.3344402,28.5240072],[77.334272,28.5241285],[77.3339609,28.5244337],[77.3336104,28.5246211],[77.3334254,28.5247637],[77.3330421,28.5249828],[77.332839,28.525213],[77.332182,28.5258187],[77.3318698,28.5259727],[77.3302293,28.5274726],[77.3294978,28.528298],[77.3293746,28.5285277],[77.329194,28.5287349],[77.3290132,28.5289959],[77.3284441,28.5296657],[77.3280134,28.5301118],[77.3277661,28.530477],[77.3275546,28.5306099],[77.3274131,28.5309346],[77.3265705,28.5319517],[77.3261619,28.5324242],[77.3259454,28.532416],[77.3257026,28.5325586],[77.324857,28.5335685],[77.3245386,28.533839],[77.3241392,28.5341179],[77.3238652,28.5341942],[77.3234989,28.5344053],[77.3232658,28.5345984],[77.3228467,28.5350854],[77.3224505,28.5355076],[77.3206102,28.5378785],[77.3201883,28.5383632],[77.3187338,28.5400877],[77.3171939,28.5418615],[77.3167511,28.5423847],[77.3162469,28.5428134],[77.3159139,28.5430076],[77.3155476,28.543132],[77.3148368,28.5434521],[77.3135971,28.5438778],[77.313123,28.5440757],[77.3122343,28.5446065],[77.3114462,28.5452829],[77.3107694,28.5457299],[77.3094654,28.5439846],[77.3084256,28.5426722],[77.3077598,28.5418958],[77.3070111,28.5410348],[77.3065345,28.5405034],[77.3057126,28.5395051],[77.3051099,28.5388218],[77.3045917,28.5381081],[77.3041151,28.5371779],[77.3038339,28.5363829],[77.3036008,28.535499],[77.3035122,28.534707],[77.3034491,28.5335168],[77.3038248,28.5318239],[77.3045365,28.5298407],[77.305225,28.5274412],[77.3052852,28.5272097],[77.3056572,28.5260007],[77.3060343,28.5250206],[77.3063703,28.5242867],[77.3068984,28.523435],[77.3076732,28.5224318],[77.3085846,28.5213199],[77.3094301,28.5201601],[77.3102199,28.518993],[77.3107523,28.5179203],[77.3111157,28.516887],[77.3114833,28.515673],[77.3125189,28.5121944],[77.3127782,28.5113746],[77.3124494,28.5112908],[77.3124743,28.5112069],[77.3126909,28.5112411],[77.3135332,28.5114176],[77.3141058,28.5115578],[77.314946,28.5118124],[77.3153955,28.5119351],[77.3158123,28.5120305],[77.3162879,28.5121166],[77.3168053,28.5122358],[77.3175416,28.51245],[77.3177757,28.5124014],[77.318024,28.5122377],[77.3184434,28.5128732],[77.3183254,28.5131657],[77.3183077,28.5133367],[77.318369,28.5137096],[77.3183199,28.5139255],[77.3183105,28.5142161],[77.3184259,28.5145931],[77.3184576,28.5148493],[77.3184388,28.515021],[77.318727,28.515044],[77.3197265,28.5156385],[77.3204654,28.5161733],[77.3205723,28.5162915],[77.3209088,28.5167601],[77.321071,28.5168504],[77.3212096,28.5168257],[77.3216479,28.5164346],[77.323826,28.5164388],[77.3269025,28.5163943],[77.3315671,28.516188],[77.3330371,28.5160773],[77.3332426,28.516077],[77.3330645,28.5162621],[77.3305765,28.5195235],[77.3332816,28.5197492],[77.3348263,28.5199375],[77.3353422,28.5201649],[77.3361417,28.5203839],[77.3370293,28.520768]]]},"properties":{"fill-opacity":0,"stroke-opacity":1,"stroke":"#ff0000","WNo_SEC":185,"AC_No":54,"AC_No_1":54,"AC_Name":"OKHLA","Ward_No":185,"WardName":"MADANPUR KHADAR EAST","TotalPop":55119,"SC_Pop":16500,"NW2022":"185, MADANPUR KHADAR EAST"},"id":77},
{"type":"Feature","geometry":{"type":"Polygon","coordinates":[[[77.29226,28.52482],[77.292626,28.5241565],[77.29478,28.51982],[77.2956,28.51813],[77.29579,28.51768],[77.29633,28.51635],[77.29712,28.51444],[77.2971965,28.5142735],[77.2982569,28.5145971],[77.3004864,28.515321],[77.3022707,28.5159098],[77.302961,28.516121],[77.3032525,28.5161585],[77.3038268,28.5161636],[77.3041385,28.5161307],[77.3045854,28.5160213],[77.3050665,28.5158318],[77.30568,28.51552],[77.30716,28.51441],[77.30887,28.51326],[77.3095783,28.512724],[77.3100668,28.5123194],[77.3103767,28.511992],[77.3105708,28.5117227],[77.3107135,28.5114539],[77.3108271,28.5110872],[77.3124743,28.5112069],[77.3124494,28.5112908],[77.3127782,28.5113746],[77.3125189,28.5121944],[77.3114833,28.515673],[77.3111157,28.516887],[77.3107523,28.5179203],[77.3102199,28.518993],[77.3094301,28.5201601],[77.3085846,28.5213199],[77.3076732,28.5224318],[77.3068984,28.523435],[77.3063703,28.5242867],[77.3060343,28.5250206],[77.3056572,28.5260007],[77.3052852,28.5272097],[77.305225,28.5274412],[77.3045365,28.5298407],[77.3038248,28.5318239],[77.3034491,28.5335168],[77.3033763,28.5338453],[77.3030971,28.5348956],[77.3027665,28.5358237],[77.3021588,28.5376307],[77.3017956,28.5383983],[77.3017283,28.5383699],[77.3016747,28.5383196],[77.3009461,28.5380182],[77.3005093,28.5378598],[77.3002163,28.5383927],[77.3000033,28.5388434],[77.2999362,28.5388263],[77.2989143,28.5383998],[77.2984009,28.5382247],[77.2979931,28.5380377],[77.2969591,28.5376209],[77.2957336,28.5371153],[77.2960306,28.5365661],[77.2963816,28.5359816],[77.2965359,28.5358337],[77.2970472,28.5355256],[77.297693,28.5351025],[77.2973305,28.534735],[77.2974485,28.5346673],[77.2977836,28.5346512],[77.2983228,28.5345997],[77.2990877,28.5344793],[77.299315,28.5343856],[77.2995239,28.5341442],[77.2997448,28.5337527],[77.2993322,28.5335372],[77.2986992,28.5333464],[77.2985529,28.5332852],[77.2980977,28.5339978],[77.2977633,28.5338512],[77.2974909,28.5335801],[77.2962387,28.5326835],[77.2965692,28.5322758],[77.2959082,28.5318931],[77.2957515,28.5318633],[77.2952843,28.5316351],[77.2949281,28.5314226],[77.2941482,28.5308856],[77.2935453,28.530484],[77.2910665,28.5287679],[77.290769,28.5285352],[77.2899508,28.5279621],[77.2895946,28.5276967],[77.2894728,28.5276789],[77.2911862,28.5262128],[77.2917085,28.5256818],[77.2920423,28.5251808],[77.29226,28.52482]]]},"properties":{"fill-opacity":0,"stroke-opacity":1,"stroke":"#ff0000","WNo_SEC":186,"AC_No":54,"AC_No_1":54,"AC_Name":"OKHLA","Ward_No":186,"WardName":"MADANPUR KHADAR WEST","TotalPop":56323,"SC_Pop":7091,"NW2022":"186, MADANPUR KHADAR WEST"},"id":78},
{"type":"Feature","geometry":{"type":"Polygon","coordinates":[[[77.2632544,28.5757298],[77.2640912,28.5748083],[77.2648931,28.5738863],[77.2653306,28.5733468],[77.2655648,28.5730128],[77.26605,28.57206],[77.2663174,28.5715672],[77.266813,28.5707211],[77.266359,28.5705032],[77.2664259,28.5702148],[77.2665602,28.5702199],[77.2666117,28.5700525],[77.2667626,28.5697661],[77.2669614,28.5695343],[77.2671456,28.5693702],[77.2673834,28.5692361],[77.2676824,28.5694764],[77.2685169,28.5683292],[77.2690001,28.5676279],[77.2694244,28.566992],[77.2696041,28.5666891],[77.2699297,28.5660259],[77.2702797,28.5653855],[77.2705465,28.5649825],[77.2707333,28.5646572],[77.271205,28.5638872],[77.2714102,28.5635139],[77.2720045,28.5625542],[77.2713919,28.5622648],[77.27118,28.5622121],[77.270964,28.5620937],[77.2705411,28.5617917],[77.2702703,28.5616755],[77.2702849,28.5609307],[77.2715075,28.5609826],[77.2726703,28.5610011],[77.2727328,28.5607022],[77.2729453,28.5598813],[77.2730847,28.5595496],[77.2733736,28.5589886],[77.273696,28.5584174],[77.2741344,28.5579382],[77.2742855,28.5577969],[77.2752482,28.5568296],[77.275949,28.5561982],[77.2762566,28.5563819],[77.2764465,28.5565303],[77.2760778,28.556912],[77.2757015,28.5573675],[77.2757053,28.557423],[77.2766433,28.558002],[77.276928,28.5575629],[77.2774647,28.5569404],[77.2780231,28.5573424],[77.2780844,28.5573348],[77.2791354,28.5565265],[77.2795551,28.5562141],[77.2801244,28.5558389],[77.2790559,28.5549698],[77.2789591,28.5549014],[77.2792655,28.5540631],[77.2780481,28.5536539],[77.2785763,28.5523177],[77.2789725,28.5513824],[77.2802558,28.5517956],[77.2801949,28.5514186],[77.2810932,28.5493631],[77.282441,28.5499358],[77.2836888,28.5504292],[77.2847929,28.5484097],[77.2847127,28.5482797],[77.284058,28.5465145],[77.2834158,28.5443921],[77.2830029,28.5442085],[77.2793696,28.5425537],[77.2804476,28.5405429],[77.28142,28.53871],[77.283,28.53582],[77.28352,28.535],[77.2836629,28.5347253],[77.2854259,28.5353717],[77.2858551,28.5345889],[77.2858848,28.5344968],[77.2867699,28.5327245],[77.2870724,28.5320364],[77.287368,28.5313302],[77.2876259,28.5307559],[77.2882319,28.5292397],[77.2884831,28.5287878],[77.2888575,28.5282873],[77.2891106,28.527993],[77.2894728,28.5276789],[77.2895946,28.5276967],[77.2899508,28.5279621],[77.290769,28.5285352],[77.2910665,28.5287679],[77.2935453,28.530484],[77.2941482,28.5308856],[77.2949281,28.5314226],[77.2952843,28.5316351],[77.2957515,28.5318633],[77.2959082,28.5318931],[77.2965692,28.5322758],[77.2962387,28.5326835],[77.2974909,28.5335801],[77.2977633,28.5338512],[77.2980977,28.5339978],[77.2985529,28.5332852],[77.2986992,28.5333464],[77.2993322,28.5335372],[77.2997448,28.5337527],[77.2995239,28.5341442],[77.299315,28.5343856],[77.2990877,28.5344793],[77.2983228,28.5345997],[77.2977836,28.5346512],[77.2974485,28.5346673],[77.2973305,28.534735],[77.297693,28.5351025],[77.2970472,28.5355256],[77.2965359,28.5358337],[77.2963816,28.5359816],[77.2960306,28.5365661],[77.2957336,28.5371153],[77.2969591,28.5376209],[77.2979931,28.5380377],[77.2984009,28.5382247],[77.2989143,28.5383998],[77.2999362,28.5388263],[77.3000033,28.5388434],[77.3002163,28.5383927],[77.3005093,28.5378598],[77.3009461,28.5380182],[77.3016747,28.5383196],[77.3017283,28.5383699],[77.3012946,28.5392572],[77.3006123,28.5405424],[77.3000262,28.5417627],[77.2999464,28.5417229],[77.2986742,28.5439045],[77.2977154,28.5457451],[77.2967333,28.5475659],[77.2958689,28.5490836],[77.2954776,28.5489515],[77.2949966,28.5487519],[77.2947648,28.5491443],[77.2943467,28.5499086],[77.2939599,28.5505807],[77.2934773,28.5513896],[77.2933184,28.5514272],[77.293156,28.5513908],[77.2915324,28.5506066],[77.290902,28.5503274],[77.2906134,28.5507648],[77.2902144,28.5514147],[77.2889291,28.5508095],[77.2879595,28.5503374],[77.2878023,28.5505501],[77.2868386,28.5501575],[77.2862318,28.5514781],[77.2840189,28.5506215],[77.2838949,28.5505263],[77.2828717,28.552763],[77.281456,28.5521801],[77.2804566,28.5546547],[77.2804804,28.5548927],[77.2809092,28.5553215],[77.2816408,28.5548215],[77.2818116,28.5546876],[77.2828655,28.5542359],[77.2832504,28.5541317],[77.2833693,28.5540676],[77.2837539,28.5539519],[77.2841996,28.553894],[77.2844544,28.5543461],[77.2845994,28.5543641],[77.2848024,28.5546619],[77.2849548,28.5547563],[77.2851362,28.5550349],[77.2851082,28.5553072],[77.2848824,28.555468],[77.2851202,28.5557755],[77.2848197,28.5560885],[77.2843661,28.5558199],[77.2842187,28.5560084],[77.2839263,28.5564699],[77.2836309,28.55674],[77.2832776,28.5572766],[77.2833609,28.5576639],[77.2835911,28.5581053],[77.2837633,28.5582693],[77.2841174,28.5585057],[77.2844524,28.5586902],[77.2846261,28.558693],[77.284218,28.5592448],[77.2832452,28.5586464],[77.2825381,28.5596387],[77.2817355,28.5594434],[77.2813229,28.5593538],[77.2810202,28.5593115],[77.28043,28.5592768],[77.2802978,28.559292],[77.280289,28.5590484],[77.2782566,28.5590882],[77.2782849,28.5609994],[77.2781721,28.5609984],[77.2781661,28.5641544],[77.2781473,28.5652963],[77.2781347,28.5653914],[77.2786635,28.5653998],[77.278415,28.5658129],[77.2779979,28.5663901],[77.2779167,28.5663492],[77.2776871,28.5666868],[77.2778014,28.5679063],[77.2778916,28.5683948],[77.2782887,28.5687095],[77.2787075,28.5691413],[77.278525,28.5693133],[77.2783398,28.569542],[77.2778347,28.5701108],[77.2774708,28.5705004],[77.2767233,28.5712556],[77.2773704,28.5718835],[77.276917,28.5720744],[77.2764331,28.5723111],[77.2759403,28.572644],[77.2751378,28.5732131],[77.2743215,28.57386],[77.2736035,28.5745317],[77.2732409,28.5747967],[77.2730184,28.5749888],[77.272546,28.5754569],[77.2723058,28.5757326],[77.2721164,28.5759873],[77.2723255,28.5761354],[77.2715577,28.5771333],[77.270711,28.5786406],[77.2702894,28.5787204],[77.2698258,28.5784504],[77.2693828,28.5784704],[77.2687585,28.5787081],[77.2679738,28.5792178],[77.2661828,28.5776848],[77.2656749,28.5772622],[77.2649391,28.5767739],[77.2643383,28.5764162],[77.2632544,28.5757298]]]},"properties":{"fill-opacity":0,"stroke-opacity":1,"stroke":"#ff0000","WNo_SEC":187,"AC_No":54,"AC_No_1":54,"AC_Name":"OKHLA","Ward_No":187,"WardName":"SARITA VIHAR","TotalPop":55385,"SC_Pop":5399,"NW2022":"187, SARITA VIHAR"},"id":79},
{"type":"Feature","geometry":{"type":"Polygon","coordinates":[[[77.3107694,28.5457299],[77.310412,28.5459434],[77.3100624,28.5461001],[77.309782,28.5463719],[77.3094516,28.5466569],[77.3088993,28.5471783],[77.3085983,28.5474121],[77.3049833,28.5515437],[77.2963855,28.5664783],[77.2958018,28.5671447],[77.2946472,28.5666448],[77.2940667,28.5663346],[77.2938193,28.566106],[77.2936598,28.5658943],[77.2930625,28.5649129],[77.2928696,28.5645724],[77.2924172,28.5636846],[77.2921663,28.5629482],[77.2921516,28.5627842],[77.2920074,28.5623216],[77.2915348,28.5624293],[77.2912272,28.5625768],[77.2891746,28.5624333],[77.2884052,28.5623732],[77.2878766,28.5619677],[77.2879116,28.5619169],[77.2875941,28.5616486],[77.2872745,28.5612361],[77.2871186,28.5607536],[77.2866716,28.5595771],[77.2867971,28.5582162],[77.2867732,28.5579586],[77.2865057,28.5577508],[77.2862415,28.5576063],[77.2858631,28.5574416],[77.2858458,28.5573924],[77.2860214,28.5570948],[77.2862756,28.5567923],[77.2864102,28.5566862],[77.2868095,28.5564643],[77.2864645,28.555713],[77.2865859,28.5555281],[77.286547,28.55517],[77.2863765,28.5546251],[77.2867103,28.5545678],[77.2878555,28.5546467],[77.2879261,28.5547022],[77.2888889,28.5545228],[77.2888898,28.5543866],[77.2887726,28.5543981],[77.2887489,28.5539601],[77.289053,28.5540416],[77.2892985,28.5540114],[77.2900999,28.5537615],[77.290897,28.5535461],[77.2910421,28.5534454],[77.2909736,28.5533155],[77.2898421,28.5520312],[77.2902144,28.5514147],[77.2906134,28.5507648],[77.290902,28.5503274],[77.2915324,28.5506066],[77.293156,28.5513908],[77.2933184,28.5514272],[77.2934773,28.5513896],[77.2939599,28.5505807],[77.2943467,28.5499086],[77.2947648,28.5491443],[77.2949966,28.5487519],[77.2954776,28.5489515],[77.2958689,28.5490836],[77.2967333,28.5475659],[77.2977154,28.5457451],[77.2986742,28.5439045],[77.2999464,28.5417229],[77.3000262,28.5417627],[77.3006123,28.5405424],[77.3012946,28.5392572],[77.3017283,28.5383699],[77.3017956,28.5383983],[77.3021588,28.5376307],[77.3027665,28.5358237],[77.3030971,28.5348956],[77.3033763,28.5338453],[77.3034491,28.5335168],[77.3035122,28.534707],[77.3036008,28.535499],[77.3038339,28.5363829],[77.3041151,28.5371779],[77.3045917,28.5381081],[77.3051099,28.5388218],[77.3057126,28.5395051],[77.3065345,28.5405034],[77.3070111,28.5410348],[77.3077598,28.5418958],[77.3084256,28.5426722],[77.3094654,28.5439846],[77.3107694,28.5457299]]]},"properties":{"fill-opacity":0,"stroke-opacity":1,"stroke":"#ff0000","WNo_SEC":188,"AC_No":54,"AC_No_1":54,"AC_Name":"OKHLA","Ward_No":188,"WardName":"ABUL FAZAL ENCLAVE","TotalPop":76012,"SC_Pop":1557,"NW2022":"188, ABUL FAZAL ENCLAVE"},"id":80},
{"type":"Feature","geometry":{"type":"Polygon","coordinates":[[[77.2679738,28.5792178],[77.2687585,28.5787081],[77.2693828,28.5784704],[77.2698258,28.5784504],[77.2702894,28.5787204],[77.270711,28.5786406],[77.2715577,28.5771333],[77.2723255,28.5761354],[77.2721164,28.5759873],[77.2723058,28.5757326],[77.272546,28.5754569],[77.2730184,28.5749888],[77.2732409,28.5747967],[77.2736035,28.5745317],[77.2743215,28.57386],[77.2751378,28.5732131],[77.2759403,28.572644],[77.2764331,28.5723111],[77.276917,28.5720744],[77.2773704,28.5718835],[77.2767233,28.5712556],[77.2774708,28.5705004],[77.2778347,28.5701108],[77.2783398,28.569542],[77.278525,28.5693133],[77.2787075,28.5691413],[77.2782887,28.5687095],[77.2778916,28.5683948],[77.2778014,28.5679063],[77.2776871,28.5666868],[77.2779167,28.5663492],[77.2779979,28.5663901],[77.278415,28.5658129],[77.2786635,28.5653998],[77.2781347,28.5653914],[77.2781473,28.5652963],[77.2781661,28.5641544],[77.2781721,28.5609984],[77.2782849,28.5609994],[77.2782566,28.5590882],[77.280289,28.5590484],[77.2802978,28.559292],[77.28043,28.5592768],[77.2810202,28.5593115],[77.2813229,28.5593538],[77.2817355,28.5594434],[77.2825381,28.5596387],[77.2832452,28.5586464],[77.284218,28.5592448],[77.2846261,28.558693],[77.2844524,28.5586902],[77.2841174,28.5585057],[77.2837633,28.5582693],[77.2835911,28.5581053],[77.2833609,28.5576639],[77.2832776,28.5572766],[77.2836309,28.55674],[77.2839263,28.5564699],[77.2842187,28.5560084],[77.2843661,28.5558199],[77.2848197,28.5560885],[77.2851202,28.5557755],[77.2848824,28.555468],[77.2851082,28.5553072],[77.2851362,28.5550349],[77.2849548,28.5547563],[77.2848024,28.5546619],[77.2845994,28.5543641],[77.2844544,28.5543461],[77.2841996,28.553894],[77.2837539,28.5539519],[77.2833693,28.5540676],[77.2832504,28.5541317],[77.2828655,28.5542359],[77.2818116,28.5546876],[77.2816408,28.5548215],[77.2809092,28.5553215],[77.2804804,28.5548927],[77.2804566,28.5546547],[77.281456,28.5521801],[77.2828717,28.552763],[77.2838949,28.5505263],[77.2840189,28.5506215],[77.2862318,28.5514781],[77.2868386,28.5501575],[77.2878023,28.5505501],[77.2879595,28.5503374],[77.2889291,28.5508095],[77.2902144,28.5514147],[77.2898421,28.5520312],[77.2909736,28.5533155],[77.2910421,28.5534454],[77.290897,28.5535461],[77.2900999,28.5537615],[77.2892985,28.5540114],[77.289053,28.5540416],[77.2887489,28.5539601],[77.2887726,28.5543981],[77.2888898,28.5543866],[77.2888889,28.5545228],[77.2879261,28.5547022],[77.2878555,28.5546467],[77.2867103,28.5545678],[77.2863765,28.5546251],[77.286547,28.55517],[77.2865859,28.5555281],[77.2864645,28.555713],[77.2868095,28.5564643],[77.2864102,28.5566862],[77.2862756,28.5567923],[77.2860214,28.5570948],[77.2858458,28.5573924],[77.2858631,28.5574416],[77.2862415,28.5576063],[77.2865057,28.5577508],[77.2867732,28.5579586],[77.2867971,28.5582162],[77.2866716,28.5595771],[77.2871186,28.5607536],[77.2872745,28.5612361],[77.2875941,28.5616486],[77.2879116,28.5619169],[77.2878766,28.5619677],[77.2884052,28.5623732],[77.2891746,28.5624333],[77.2912272,28.5625768],[77.2915348,28.5624293],[77.2920074,28.5623216],[77.2921516,28.5627842],[77.2921663,28.5629482],[77.2924172,28.5636846],[77.2928696,28.5645724],[77.2930625,28.5649129],[77.2936598,28.5658943],[77.2938193,28.566106],[77.2940667,28.5663346],[77.2946472,28.5666448],[77.2958018,28.5671447],[77.2919776,28.5715108],[77.29192,28.57155],[77.29097,28.57273],[77.29005,28.57447],[77.28871,28.57738],[77.2873,28.58073],[77.28579,28.58247],[77.28333,28.5847],[77.28005,28.58699],[77.2798704,28.5870988],[77.2720762,28.5814147],[77.2719296,28.5813349],[77.2715061,28.5812888],[77.2708132,28.5811392],[77.2703056,28.5809597],[77.2696971,28.5806446],[77.2688274,28.5799699],[77.2679738,28.5792178]]]},"properties":{"fill-opacity":0,"stroke-opacity":1,"stroke":"#ff0000","WNo_SEC":189,"AC_No":54,"AC_No_1":54,"AC_Name":"OKHLA","Ward_No":189,"WardName":"ZAKIR NAGAR","TotalPop":76470,"SC_Pop":699,"NW2022":"189, ZAKIR NAGAR"},"id":81},
{"type":"Feature","geometry":{"type":"Polygon","coordinates":[[[77.3180767,28.6125148],[77.3184433,28.6129434],[77.3191253,28.6137407],[77.3197079,28.614396],[77.3202165,28.6149129],[77.3202155,28.6149541],[77.3198311,28.6151734],[77.3192923,28.6155462],[77.3192765,28.6151176],[77.3192955,28.6149896],[77.3183816,28.6140937],[77.318235,28.6139858],[77.3179196,28.613876],[77.3159443,28.6133966],[77.3149916,28.6131929],[77.314232,28.6130859],[77.3114318,28.6127259],[77.3106105,28.6126182],[77.3095989,28.6125776],[77.309146,28.6126046],[77.3082264,28.6127745],[77.3079641,28.6127693],[77.3074206,28.6126484],[77.3071035,28.6126394],[77.3064976,28.6126641],[77.3046267,28.6128069],[77.3040436,28.6128196],[77.3040199,28.6120171],[77.3042885,28.6109749],[77.3043212,28.6110032],[77.3060239,28.6115113],[77.3067376,28.6096821],[77.3072559,28.6083347],[77.3075206,28.6076042],[77.3077171,28.6071148],[77.3082503,28.6057411],[77.3074847,28.6055003],[77.3064945,28.6052107],[77.3060901,28.6062143],[77.3051782,28.6059469],[77.3055704,28.6050008],[77.3055856,28.6049437],[77.304511,28.6046526],[77.3038433,28.604448],[77.3043438,28.6031364],[77.3048406,28.6032965],[77.3049729,28.6029467],[77.3057315,28.6031732],[77.3061923,28.603325],[77.3063538,28.6029148],[77.30654,28.6029128],[77.3068684,28.6030053],[77.3069074,28.6028863],[77.3073292,28.603005],[77.307513,28.6025298],[77.3066102,28.6022633],[77.3068254,28.6016483],[77.3051126,28.6011362],[77.3053941,28.6003776],[77.3055799,28.5999306],[77.3058928,28.5991117],[77.3061765,28.599216],[77.3062174,28.5992605],[77.3067052,28.5994877],[77.3073769,28.6002526],[77.3079482,28.6008825],[77.30875,28.6017664],[77.3094888,28.6026586],[77.3095554,28.6027171],[77.3104109,28.6037507],[77.3109816,28.6043629],[77.3114633,28.6049626],[77.3129521,28.6066974],[77.3142,28.608136],[77.3161295,28.6102926],[77.3168712,28.6111618],[77.3180767,28.6125148]]]},"properties":{"fill-opacity":0,"stroke-opacity":1,"stroke":"#ff0000","WNo_SEC":192,"AC_No":55,"AC_No_1":55,"AC_Name":"TRILOKPURI","Ward_No":192,"WardName":"TRILOKPURI","TotalPop":88792,"SC_Pop":47282,"NW2022":"192, TRILOKPURI"},"id":82},
{"type":"Feature","geometry":{"type":"Polygon","coordinates":[[[77.3067052,28.5994877],[77.305242,28.5978129],[77.3047549,28.5972337],[77.3043398,28.5967734],[77.3039177,28.5962315],[77.3033095,28.5954779],[77.3027431,28.5947574],[77.3023718,28.5950343],[77.3018829,28.5954329],[77.3020192,28.5955701],[77.3017818,28.5957221],[77.3018755,28.5958734],[77.3016802,28.5959906],[77.3017925,28.5961284],[77.3014346,28.5963472],[77.301076,28.5966148],[77.3016969,28.5972104],[77.3017785,28.5973204],[77.3016161,28.5974672],[77.3018555,28.5977214],[77.301367,28.5978992],[77.3010432,28.5978242],[77.3000255,28.5988708],[77.2995392,28.5989922],[77.2978605,28.5983308],[77.2985473,28.5969789],[77.2991795,28.5956801],[77.2993648,28.5946476],[77.2994812,28.5942413],[77.2996129,28.5940173],[77.3001833,28.5936219],[77.3004749,28.5934675],[77.3011107,28.5931741],[77.3012328,28.5930986],[77.2991088,28.5906393],[77.2989751,28.590491],[77.299224,28.5903039],[77.3004449,28.5895134],[77.3008576,28.5892325],[77.3008127,28.5891662],[77.300167,28.588613],[77.3000147,28.588389],[77.299905,28.5881161],[77.2999054,28.5878847],[77.3000383,28.5874678],[77.3002699,28.586813],[77.3002842,28.5867188],[77.300185,28.5865332],[77.3001245,28.5862331],[77.300743,28.5861656],[77.3012727,28.5861435],[77.3019463,28.5861544],[77.3023961,28.5860531],[77.303262,28.5857833],[77.303903,28.5855134],[77.3041589,28.5853146],[77.3045745,28.5857658],[77.306159,28.5870289],[77.3067352,28.587457],[77.3071713,28.5878331],[77.3075102,28.5881066],[77.3085818,28.5891305],[77.3087239,28.5892171],[77.3090106,28.5894656],[77.309446,28.5898795],[77.3098219,28.5903046],[77.310264,28.5907686],[77.3102878,28.5908278],[77.3106654,28.5913052],[77.3111386,28.5919302],[77.3111599,28.5919945],[77.3111456,28.5925772],[77.3111687,28.5926709],[77.3115086,28.593254],[77.3120548,28.5938163],[77.3122159,28.5942677],[77.3124055,28.5943854],[77.3122858,28.594632],[77.3124557,28.5947516],[77.3124576,28.5948631],[77.3125704,28.5950851],[77.312852,28.5953682],[77.3127463,28.595485],[77.3130404,28.595771],[77.3131067,28.5957581],[77.313235,28.5961392],[77.3132371,28.596316],[77.3136084,28.5965514],[77.3138537,28.5966611],[77.3142214,28.5967567],[77.3141208,28.5968552],[77.3130654,28.5975685],[77.3129495,28.5974436],[77.3128523,28.5974653],[77.3110851,28.598675],[77.3104465,28.5991414],[77.3079482,28.6008825],[77.3073769,28.6002526],[77.3067052,28.5994877]]]},"properties":{"fill-opacity":0,"stroke-opacity":1,"stroke":"#ff0000","WNo_SEC":190,"AC_No":55,"AC_No_1":55,"AC_Name":"TRILOKPURI","Ward_No":190,"WardName":"NEW ASHOK NAGAR","TotalPop":63870,"SC_Pop":4961,"NW2022":"190, NEW ASHOK NAGAR"},"id":83},
{"type":"Feature","geometry":{"type":"Polygon","coordinates":[[[77.3040436,28.6128196],[77.3034962,28.6128261],[77.3029728,28.6128735],[77.3026406,28.6129226],[77.30182,28.6131245],[77.3012825,28.6132783],[77.3008685,28.6134125],[77.300636,28.6134484],[77.3002486,28.6134694],[77.2997555,28.6134055],[77.2994201,28.6133099],[77.2991062,28.6131947],[77.2983123,28.6128659],[77.2980215,28.6128081],[77.297504,28.6128796],[77.2967531,28.6130177],[77.2956705,28.6132337],[77.294342,28.6134442],[77.2938584,28.6135633],[77.2930959,28.6139233],[77.2932806,28.613424],[77.2936727,28.6125636],[77.2938562,28.6122086],[77.2940228,28.6120804],[77.2952836,28.6115191],[77.2956258,28.6111758],[77.2961352,28.6106075],[77.2963342,28.6103519],[77.2965785,28.6099554],[77.2959717,28.6097477],[77.2953229,28.6095565],[77.29503,28.6094069],[77.2950639,28.6092038],[77.2952703,28.6086459],[77.2957831,28.6073596],[77.2959421,28.6068796],[77.296176,28.6063309],[77.2964028,28.6057099],[77.2966086,28.6051877],[77.2970399,28.6042069],[77.2976222,28.603074],[77.2983389,28.601563],[77.2987757,28.6006134],[77.2981786,28.6002773],[77.2979715,28.6001774],[77.2979221,28.6002881],[77.2967354,28.5995951],[77.2961001,28.5993009],[77.2963554,28.5987531],[77.2967803,28.5979024],[77.2955715,28.5974266],[77.2947939,28.5971573],[77.2954545,28.5959332],[77.2964043,28.5938467],[77.2970734,28.5941073],[77.2980049,28.594447],[77.2993648,28.5946476],[77.2991795,28.5956801],[77.2985473,28.5969789],[77.2978605,28.5983308],[77.2995392,28.5989922],[77.3000255,28.5988708],[77.3010432,28.5978242],[77.301367,28.5978992],[77.3018555,28.5977214],[77.3016161,28.5974672],[77.3017785,28.5973204],[77.3016969,28.5972104],[77.301076,28.5966148],[77.3014346,28.5963472],[77.3017925,28.5961284],[77.3016802,28.5959906],[77.3018755,28.5958734],[77.3017818,28.5957221],[77.3020192,28.5955701],[77.3018829,28.5954329],[77.3023718,28.5950343],[77.3027431,28.5947574],[77.3033095,28.5954779],[77.3039177,28.5962315],[77.3043398,28.5967734],[77.3047549,28.5972337],[77.305242,28.5978129],[77.3067052,28.5994877],[77.3062174,28.5992605],[77.3061765,28.599216],[77.3058928,28.5991117],[77.3055799,28.5999306],[77.3053941,28.6003776],[77.3051126,28.6011362],[77.3068254,28.6016483],[77.3066102,28.6022633],[77.307513,28.6025298],[77.3073292,28.603005],[77.3069074,28.6028863],[77.3068684,28.6030053],[77.30654,28.6029128],[77.3063538,28.6029148],[77.3061923,28.603325],[77.3057315,28.6031732],[77.3049729,28.6029467],[77.3048406,28.6032965],[77.3043438,28.6031364],[77.3038433,28.604448],[77.304511,28.6046526],[77.3055856,28.6049437],[77.3055704,28.6050008],[77.3051782,28.6059469],[77.3060901,28.6062143],[77.3064945,28.6052107],[77.3074847,28.6055003],[77.3082503,28.6057411],[77.3077171,28.6071148],[77.3075206,28.6076042],[77.3072559,28.6083347],[77.3067376,28.6096821],[77.3060239,28.6115113],[77.3043212,28.6110032],[77.3042885,28.6109749],[77.3040199,28.6120171],[77.3040436,28.6128196]]]},"properties":{"fill-opacity":0,"stroke-opacity":1,"stroke":"#ff0000","WNo_SEC":191,"AC_No":55,"AC_No_1":55,"AC_Name":"TRILOKPURI","Ward_No":191,"WardName":"MAYUR VIHAR PHASE-I","TotalPop":88878,"SC_Pop":24363,"NW2022":"191, MAYUR VIHAR PHASE-I"},"id":84},
{"type":"Feature","geometry":{"type":"Polygon","coordinates":[[[77.2624882,28.6005632],[77.2627185,28.6002671],[77.26416,28.59858],[77.26523,28.59742],[77.26741,28.59524],[77.26945,28.5931],[77.27149,28.59145],[77.27421,28.58999],[77.27683,28.58873],[77.27901,28.58762],[77.2798704,28.5870988],[77.28005,28.58699],[77.28333,28.5847],[77.28579,28.58247],[77.2873,28.58073],[77.28871,28.57738],[77.29005,28.57447],[77.29097,28.57273],[77.29192,28.57155],[77.2919776,28.5715108],[77.2958018,28.5671447],[77.2963855,28.5664783],[77.2971195,28.567169],[77.2971886,28.567374],[77.299443,28.5704187],[77.2990542,28.5713772],[77.2990291,28.5722387],[77.2991371,28.5727111],[77.2997129,28.5743261],[77.2999694,28.575069],[77.3000507,28.5757956],[77.3000721,28.5762773],[77.2999821,28.5766597],[77.2998283,28.5771204],[77.2997869,28.5774778],[77.2998096,28.5780174],[77.2997845,28.5783698],[77.2997294,28.5785973],[77.2995229,28.5788949],[77.2992412,28.5791996],[77.2991798,28.5794039],[77.2991623,28.5797307],[77.2994073,28.5805102],[77.2994659,28.5806507],[77.2996836,28.580834],[77.3009916,28.5814184],[77.301328,28.5815504],[77.3010531,28.5820351],[77.3011902,28.582106],[77.3008186,28.5827836],[77.3015753,28.5832944],[77.3016719,28.5831564],[77.3027,28.583991],[77.3037678,28.5849325],[77.3041589,28.5853146],[77.303903,28.5855134],[77.303262,28.5857833],[77.3023961,28.5860531],[77.3019463,28.5861544],[77.3012727,28.5861435],[77.300743,28.5861656],[77.3001245,28.5862331],[77.300185,28.5865332],[77.3002842,28.5867188],[77.3002699,28.586813],[77.3000383,28.5874678],[77.2999054,28.5878847],[77.299905,28.5881161],[77.3000147,28.588389],[77.300167,28.588613],[77.3008127,28.5891662],[77.3008576,28.5892325],[77.3004449,28.5895134],[77.299224,28.5903039],[77.2989751,28.590491],[77.2991088,28.5906393],[77.3012328,28.5930986],[77.3011107,28.5931741],[77.3004749,28.5934675],[77.3001833,28.5936219],[77.2996129,28.5940173],[77.2994812,28.5942413],[77.2993648,28.5946476],[77.2980049,28.594447],[77.2970734,28.5941073],[77.2964043,28.5938467],[77.2954545,28.5959332],[77.2947939,28.5971573],[77.2955715,28.5974266],[77.2967803,28.5979024],[77.2963554,28.5987531],[77.2961001,28.5993009],[77.2967354,28.5995951],[77.2979221,28.6002881],[77.2979715,28.6001774],[77.2981786,28.6002773],[77.2987757,28.6006134],[77.2983389,28.601563],[77.2976222,28.603074],[77.2970399,28.6042069],[77.2966086,28.6051877],[77.2964028,28.6057099],[77.296176,28.6063309],[77.2959421,28.6068796],[77.2957831,28.6073596],[77.2952703,28.6086459],[77.2950639,28.6092038],[77.29503,28.6094069],[77.2953229,28.6095565],[77.2959717,28.6097477],[77.2965785,28.6099554],[77.2963342,28.6103519],[77.2961352,28.6106075],[77.2956258,28.6111758],[77.2952836,28.6115191],[77.2940228,28.6120804],[77.2938562,28.6122086],[77.2936727,28.6125636],[77.2932806,28.613424],[77.2930959,28.6139233],[77.2928115,28.6140005],[77.2918194,28.6141507],[77.2911928,28.6143059],[77.2905534,28.6144501],[77.2903174,28.6146097],[77.2900307,28.614748],[77.2897545,28.6147971],[77.2892745,28.6147385],[77.2890722,28.6147465],[77.2889028,28.6150002],[77.2881001,28.6162709],[77.2875627,28.6171681],[77.2866879,28.6167314],[77.2856658,28.6160202],[77.284895,28.6154504],[77.2849513,28.6154067],[77.2852072,28.6150021],[77.2855534,28.6151805],[77.2861687,28.6142165],[77.2861588,28.614184],[77.2863986,28.6138184],[77.2860814,28.613637],[77.2864519,28.6130608],[77.2857985,28.6127168],[77.2856892,28.6129125],[77.2856278,28.6131518],[77.2853696,28.6131015],[77.2847428,28.6128671],[77.2845258,28.6127635],[77.2841395,28.6132687],[77.2836142,28.6129743],[77.283143,28.6136518],[77.2828706,28.6133916],[77.2822298,28.612699],[77.2812391,28.6115365],[77.280571,28.6107743],[77.2799165,28.610067],[77.2797035,28.6098199],[77.2791279,28.6092221],[77.278297,28.6084406],[77.2774252,28.6077899],[77.2765284,28.6072409],[77.2756885,28.6068018],[77.2741063,28.606069],[77.2733472,28.6057296],[77.2721506,28.6051715],[77.2717709,28.6050017],[77.270285,28.6043709],[77.2697804,28.6041493],[77.2694201,28.6040284],[77.2679889,28.6033578],[77.2662877,28.6025322],[77.2638913,28.6014259],[77.2623522,28.600738],[77.2624882,28.6005632]]]},"properties":{"fill-opacity":0,"stroke-opacity":1,"stroke":"#ff0000","WNo_SEC":197,"AC_No":57,"AC_No_1":57,"AC_Name":"PATPARGANJ","Ward_No":197,"WardName":"PATPAR GANJ","TotalPop":58762,"SC_Pop":7093,"NW2022":"197, PATPAR GANJ"},"id":85},
{"type":"Feature","geometry":{"type":"Polygon","coordinates":[[[77.3114318,28.6127259],[77.3111579,28.6132952],[77.3105261,28.6150012],[77.3098279,28.6167933],[77.3100953,28.6168666],[77.3123467,28.6175288],[77.3126239,28.6176222],[77.313404,28.6178453],[77.3131197,28.6184977],[77.3129452,28.6190169],[77.3127909,28.6193208],[77.3127353,28.619483],[77.313153,28.6196192],[77.313404,28.6197779],[77.3139796,28.6202741],[77.3145218,28.6197759],[77.314925,28.6193407],[77.3155763,28.6187865],[77.3157736,28.6185965],[77.3160352,28.6186801],[77.3159832,28.6188756],[77.3158208,28.619189],[77.3168053,28.6195109],[77.316775,28.6197676],[77.3168088,28.6200102],[77.3169017,28.620107],[77.3170995,28.6201706],[77.3170224,28.6203451],[77.3169182,28.6203129],[77.3166419,28.6211036],[77.3169806,28.6211495],[77.316933,28.6212989],[77.3179893,28.6216145],[77.318065,28.6214314],[77.31874,28.6216404],[77.3183783,28.6225876],[77.3191247,28.6227985],[77.3188821,28.623457],[77.3181056,28.6251911],[77.317549,28.6263057],[77.3171739,28.6270934],[77.317131,28.6272328],[77.3160252,28.6268544],[77.3141758,28.6262448],[77.3121279,28.625547],[77.3088962,28.624466],[77.307969,28.6241667],[77.3070316,28.6238448],[77.3052818,28.6232816],[77.304378,28.6229618],[77.3018741,28.6221246],[77.3011476,28.6218718],[77.3000358,28.6215002],[77.2983487,28.6209454],[77.2976361,28.620702],[77.2967777,28.6204225],[77.2956435,28.6200271],[77.2945483,28.6196648],[77.2926328,28.6190126],[77.2918061,28.6187375],[77.2882197,28.6174714],[77.2875627,28.6171681],[77.2881001,28.6162709],[77.2889028,28.6150002],[77.2890722,28.6147465],[77.2892745,28.6147385],[77.2897545,28.6147971],[77.2900307,28.614748],[77.2903174,28.6146097],[77.2905534,28.6144501],[77.2911928,28.6143059],[77.2918194,28.6141507],[77.2928115,28.6140005],[77.2930959,28.6139233],[77.2938584,28.6135633],[77.294342,28.6134442],[77.2956705,28.6132337],[77.2967531,28.6130177],[77.297504,28.6128796],[77.2980215,28.6128081],[77.2983123,28.6128659],[77.2991062,28.6131947],[77.2994201,28.6133099],[77.2997555,28.6134055],[77.3002486,28.6134694],[77.300636,28.6134484],[77.3008685,28.6134125],[77.3012825,28.6132783],[77.30182,28.6131245],[77.3026406,28.6129226],[77.3029728,28.6128735],[77.3034962,28.6128261],[77.3040436,28.6128196],[77.3046267,28.6128069],[77.3064976,28.6126641],[77.3071035,28.6126394],[77.3074206,28.6126484],[77.3079641,28.6127693],[77.3082264,28.6127745],[77.309146,28.6126046],[77.3095989,28.6125776],[77.3106105,28.6126182],[77.3114318,28.6127259]]]},"properties":{"fill-opacity":0,"stroke-opacity":1,"stroke":"#ff0000","WNo_SEC":196,"AC_No":57,"AC_No_1":57,"AC_Name":"PATPARGANJ","Ward_No":196,"WardName":"MAYUR VIHAR PHASE-II","TotalPop":55663,"SC_Pop":10835,"NW2022":"196, MAYUR VIHAR PHASE-II"},"id":86},
{"type":"Feature","geometry":{"type":"Polygon","coordinates":[[[77.3018741,28.6221246],[77.3017689,28.6223509],[77.3014939,28.6230922],[77.3013971,28.6232581],[77.3011731,28.6237633],[77.3011152,28.6238547],[77.3020639,28.6241701],[77.3019329,28.6243776],[77.3017538,28.6247786],[77.3031801,28.6252291],[77.304051,28.6254574],[77.3048918,28.6257113],[77.3042047,28.6259745],[77.3037105,28.6261435],[77.3024966,28.6265192],[77.3018758,28.6267351],[77.301102,28.6271099],[77.3007713,28.6273031],[77.3000689,28.627028],[77.2997045,28.6268558],[77.2991586,28.6266289],[77.298409,28.6264738],[77.298164,28.6264636],[77.2972439,28.6264585],[77.2965809,28.6264671],[77.2957762,28.6267493],[77.2952709,28.6269648],[77.2951276,28.6264465],[77.2949871,28.6260198],[77.294861,28.6257471],[77.2945938,28.6245376],[77.2939271,28.6245742],[77.2939359,28.6247516],[77.2934908,28.6246854],[77.2929576,28.6245801],[77.2927084,28.6246095],[77.2921091,28.6245074],[77.2919083,28.6244479],[77.2919653,28.6243317],[77.2910594,28.6240798],[77.290752,28.6239163],[77.2902465,28.6236109],[77.2901616,28.623527],[77.2897146,28.623215],[77.2893763,28.6229335],[77.2889129,28.6230385],[77.2881392,28.623328],[77.2876485,28.6231549],[77.2868303,28.6243528],[77.285618,28.6239356],[77.2853885,28.6229821],[77.2853218,28.6229636],[77.285089,28.6220035],[77.2850606,28.6218298],[77.2850167,28.6211533],[77.2854407,28.6203756],[77.2860742,28.6193524],[77.2868243,28.6181634],[77.287245,28.6175729],[77.2875627,28.6171681],[77.2882197,28.6174714],[77.2918061,28.6187375],[77.2926328,28.6190126],[77.2945483,28.6196648],[77.2956435,28.6200271],[77.2967777,28.6204225],[77.2976361,28.620702],[77.2983487,28.6209454],[77.3000358,28.6215002],[77.3011476,28.6218718],[77.3018741,28.6221246]]]},"properties":{"fill-opacity":0,"stroke-opacity":1,"stroke":"#ff0000","WNo_SEC":198,"AC_No":57,"AC_No_1":57,"AC_Name":"PATPARGANJ","Ward_No":198,"WardName":"VINOD NAGAR","TotalPop":58936,"SC_Pop":5864,"NW2022":"198, VINOD NAGAR"},"id":87},
{"type":"Feature","geometry":{"type":"Polygon","coordinates":[[[77.3007713,28.6273031],[77.3012741,28.6275789],[77.3018017,28.6278122],[77.3015247,28.6279946],[77.3007901,28.6284034],[77.3004569,28.628566],[77.3001736,28.6290594],[77.2998152,28.6298964],[77.2995828,28.6304876],[77.2993743,28.6307237],[77.2985289,28.6313846],[77.2979421,28.6318591],[77.297921,28.6319204],[77.2980466,28.6320492],[77.2994718,28.6331553],[77.2992475,28.6333527],[77.2981526,28.634459],[77.2974274,28.6351672],[77.2972266,28.6354217],[77.2967209,28.6359173],[77.2962098,28.6354967],[77.2956431,28.6350676],[77.2943811,28.6340765],[77.2936366,28.6335015],[77.291646,28.6319389],[77.2906623,28.6311793],[77.2891766,28.6300192],[77.2896502,28.62948],[77.2894964,28.6293681],[77.2895238,28.629154],[77.2896962,28.6291554],[77.2899269,28.629058],[77.2896143,28.6286159],[77.2900188,28.6283853],[77.2902817,28.6281929],[77.2936989,28.6295942],[77.2940994,28.6293487],[77.2945396,28.6278194],[77.2945145,28.6273969],[77.2952709,28.6269648],[77.2957762,28.6267493],[77.2965809,28.6264671],[77.2972439,28.6264585],[77.298164,28.6264636],[77.298409,28.6264738],[77.2991586,28.6266289],[77.2997045,28.6268558],[77.3000689,28.627028],[77.3007713,28.6273031]]]},"properties":{"fill-opacity":0,"stroke-opacity":1,"stroke":"#ff0000","WNo_SEC":199,"AC_No":57,"AC_No_1":57,"AC_Name":"PATPARGANJ","Ward_No":199,"WardName":"MANDAWALI","TotalPop":49753,"SC_Pop":6804,"NW2022":"199, MANDAWALI"},"id":88},
{"type":"Feature","geometry":{"type":"Polygon","coordinates":[[[77.2916901,28.655629],[77.2914803,28.6555113],[77.290858,28.6552037],[77.2905927,28.6551072],[77.2906035,28.6550337],[77.2903469,28.6549905],[77.2896168,28.6548986],[77.2886181,28.6547391],[77.2885292,28.6547404],[77.2874997,28.6550729],[77.2869694,28.6552639],[77.2868814,28.6550194],[77.2866063,28.6550756],[77.285644,28.6555228],[77.2855625,28.6552007],[77.2844959,28.655405],[77.2845033,28.6554312],[77.2834374,28.6555817],[77.2831718,28.6554495],[77.2824491,28.6555423],[77.2824544,28.6557882],[77.2823953,28.6558773],[77.2821056,28.6558508],[77.2821272,28.6554724],[77.2821468,28.6549339],[77.2821156,28.653576],[77.2835253,28.6535703],[77.2835289,28.6538901],[77.2841018,28.6538763],[77.2840971,28.6537538],[77.2839973,28.6535884],[77.2841174,28.6535302],[77.2839106,28.6531771],[77.2838823,28.6526813],[77.2841751,28.6526716],[77.2842933,28.6525982],[77.284196,28.6524461],[77.2844505,28.6523014],[77.2846001,28.6523034],[77.28462,28.6511196],[77.284832,28.651097],[77.2851918,28.6510208],[77.2854877,28.650995],[77.2854569,28.6504101],[77.2854602,28.6501128],[77.2850858,28.6501191],[77.2848134,28.6502026],[77.2847606,28.6500612],[77.2848872,28.6496565],[77.2849204,28.6496163],[77.2849196,28.6492309],[77.2848872,28.6480589],[77.2848149,28.6477811],[77.2851585,28.6476533],[77.2848783,28.6472736],[77.2846413,28.6468085],[77.2868171,28.6467751],[77.2876333,28.6467501],[77.2882868,28.6467486],[77.2889801,28.6459866],[77.2900462,28.6449539],[77.2901878,28.645068],[77.2909267,28.6456059],[77.2913315,28.64594],[77.2913411,28.6463102],[77.2916459,28.6463115],[77.29179,28.6463409],[77.29243,28.64635],[77.29392,28.64641],[77.29516,28.64647],[77.29554,28.64651],[77.29578,28.64659],[77.29627,28.64686],[77.29569,28.64756],[77.29492,28.64843],[77.2939,28.64961],[77.29351,28.65019],[77.2934024,28.6504008],[77.29319,28.65095],[77.29291,28.65188],[77.2925576,28.652998],[77.2923938,28.653507],[77.2919103,28.6550797],[77.2916901,28.655629]]]},"properties":{"fill-opacity":0,"stroke-opacity":1,"stroke":"#ff0000","WNo_SEC":208,"AC_No":60,"AC_No_1":60,"AC_Name":"KRISHNA NAGAR","Ward_No":208,"WardName":"ANARKALI","TotalPop":57322,"SC_Pop":5866,"NW2022":"208, ANARKALI"},"id":89},
{"type":"Feature","geometry":{"type":"Polygon","coordinates":[[[77.2821272,28.6554724],[77.2812623,28.6554667],[77.2811499,28.6554854],[77.2807582,28.6552982],[77.2807117,28.6550647],[77.2803883,28.6550647],[77.2803242,28.6552653],[77.2802559,28.6552347],[77.2801681,28.6553899],[77.2806303,28.6556575],[77.2807249,28.6558151],[77.2806783,28.6559229],[77.2808432,28.6560524],[77.2805867,28.6563989],[77.280252,28.6562615],[77.2801118,28.6563539],[77.2797419,28.6565375],[77.2796757,28.6565154],[77.2795631,28.6567171],[77.2792301,28.656544],[77.2789097,28.6563462],[77.2788155,28.6564849],[77.2786825,28.6564064],[77.2785335,28.6564605],[77.278427,28.6566313],[77.278285,28.6565215],[77.2778566,28.6563574],[77.2780742,28.6561579],[77.2778877,28.6559835],[77.2775988,28.6557741],[77.2774174,28.6558395],[77.277229,28.6557806],[77.2771076,28.656013],[77.2769582,28.655954],[77.276798,28.6563093],[77.2764479,28.6561767],[77.2761441,28.6559884],[77.27614,28.65593],[77.2764587,28.655185],[77.2765651,28.6550035],[77.2770251,28.6540363],[77.2772484,28.6534926],[77.2777238,28.652477],[77.2781346,28.6515059],[77.2782153,28.6511959],[77.2783969,28.6507445],[77.2785858,28.6501291],[77.2788652,28.6494859],[77.2791811,28.6485956],[77.2792865,28.6481599],[77.2792971,28.6478945],[77.2792674,28.6475334],[77.2792022,28.6472983],[77.2790656,28.6465389],[77.2789865,28.646169],[77.2789449,28.6458668],[77.2781426,28.6456749],[77.2776193,28.6455225],[77.2775765,28.644647],[77.2775074,28.6440219],[77.2775117,28.6438107],[77.277486,28.6431227],[77.2779167,28.6431362],[77.2810582,28.6432874],[77.2814343,28.6433502],[77.2874819,28.6436381],[77.2909584,28.6438069],[77.2911281,28.6438309],[77.2910273,28.6439564],[77.2902002,28.6447684],[77.2900462,28.6449539],[77.2889801,28.6459866],[77.2882868,28.6467486],[77.2876333,28.6467501],[77.2868171,28.6467751],[77.2846413,28.6468085],[77.2848783,28.6472736],[77.2851585,28.6476533],[77.2848149,28.6477811],[77.2848872,28.6480589],[77.2849196,28.6492309],[77.2849204,28.6496163],[77.2848872,28.6496565],[77.2847606,28.6500612],[77.2848134,28.6502026],[77.2850858,28.6501191],[77.2854602,28.6501128],[77.2854569,28.6504101],[77.2854877,28.650995],[77.2851918,28.6510208],[77.284832,28.651097],[77.28462,28.6511196],[77.2846001,28.6523034],[77.2844505,28.6523014],[77.284196,28.6524461],[77.2842933,28.6525982],[77.2841751,28.6526716],[77.2838823,28.6526813],[77.2839106,28.6531771],[77.2841174,28.6535302],[77.2839973,28.6535884],[77.2840971,28.6537538],[77.2841018,28.6538763],[77.2835289,28.6538901],[77.2835253,28.6535703],[77.2821156,28.653576],[77.2821468,28.6549339],[77.2821272,28.6554724]]]},"properties":{"fill-opacity":0,"stroke-opacity":1,"stroke":"#ff0000","WNo_SEC":209,"AC_No":60,"AC_No_1":60,"AC_Name":"KRISHNA NAGAR","Ward_No":209,"WardName":"JAGAT PURI","TotalPop":76170,"SC_Pop":5932,"NW2022":"209, JAGAT PURI"},"id":90},
{"type":"Feature","geometry":{"type":"Polygon","coordinates":[[[77.2764587,28.655185],[77.2757936,28.6549045],[77.2747057,28.6544913],[77.2738982,28.6541943],[77.2734112,28.6539814],[77.2719722,28.6534029],[77.2713137,28.6531555],[77.2712051,28.6531402],[77.2701207,28.6527363],[77.2696177,28.6525051],[77.2701969,28.6511322],[77.2707948,28.6513222],[77.2713826,28.6501203],[77.2700565,28.6496687],[77.2688575,28.6492795],[77.2685034,28.6491849],[77.2683994,28.6489692],[77.2686917,28.6471756],[77.2689866,28.6433811],[77.269794,28.6434844],[77.2706144,28.6435489],[77.2708088,28.6432274],[77.2710423,28.6429031],[77.2711592,28.6428091],[77.2714523,28.6427125],[77.2718652,28.6427246],[77.2723523,28.6427857],[77.2734961,28.6428727],[77.2741051,28.6429425],[77.2768755,28.6431036],[77.277486,28.6431227],[77.2775117,28.6438107],[77.2775074,28.6440219],[77.2775765,28.644647],[77.2776193,28.6455225],[77.2781426,28.6456749],[77.2789449,28.6458668],[77.2789865,28.646169],[77.2790656,28.6465389],[77.2792022,28.6472983],[77.2792674,28.6475334],[77.2792971,28.6478945],[77.2792865,28.6481599],[77.2791811,28.6485956],[77.2788652,28.6494859],[77.2785858,28.6501291],[77.2783969,28.6507445],[77.2782153,28.6511959],[77.2781346,28.6515059],[77.2777238,28.652477],[77.2772484,28.6534926],[77.2770251,28.6540363],[77.2765651,28.6550035],[77.2764587,28.655185]]]},"properties":{"fill-opacity":0,"stroke-opacity":1,"stroke":"#ff0000","WNo_SEC":210,"AC_No":60,"AC_No_1":60,"AC_Name":"KRISHNA NAGAR","Ward_No":210,"WardName":"GEETA COLONY","TotalPop":59249,"SC_Pop":4782,"NW2022":"210, GEETA COLONY"},"id":91},
{"type":"Feature","geometry":{"type":"Polygon","coordinates":[[[77.26421,28.6430364],[77.2689495,28.6433763],[77.2689866,28.6433811],[77.2686917,28.6471756],[77.2683994,28.6489692],[77.2685034,28.6491849],[77.2688575,28.6492795],[77.2700565,28.6496687],[77.2713826,28.6501203],[77.2707948,28.6513222],[77.2701969,28.6511322],[77.2696177,28.6525051],[77.2701207,28.6527363],[77.2712051,28.6531402],[77.2713137,28.6531555],[77.2719722,28.6534029],[77.2734112,28.6539814],[77.2738982,28.6541943],[77.2747057,28.6544913],[77.2757936,28.6549045],[77.2764587,28.655185],[77.27614,28.65593],[77.2761441,28.6559884],[77.2764479,28.6561767],[77.276798,28.6563093],[77.2769582,28.655954],[77.2771076,28.656013],[77.277229,28.6557806],[77.2774174,28.6558395],[77.2775988,28.6557741],[77.2778877,28.6559835],[77.2780742,28.6561579],[77.2778566,28.6563574],[77.278285,28.6565215],[77.278427,28.6566313],[77.2785335,28.6564605],[77.2786825,28.6564064],[77.2788155,28.6564849],[77.2789097,28.6563462],[77.2792301,28.656544],[77.2795631,28.6567171],[77.2796757,28.6565154],[77.2797419,28.6565375],[77.2801118,28.6563539],[77.280252,28.6562615],[77.2805867,28.6563989],[77.2808432,28.6560524],[77.2806783,28.6559229],[77.2807249,28.6558151],[77.2806303,28.6556575],[77.2801681,28.6553899],[77.2802559,28.6552347],[77.2803242,28.6552653],[77.2803883,28.6550647],[77.2807117,28.6550647],[77.2807582,28.6552982],[77.2811499,28.6554854],[77.2812623,28.6554667],[77.2821272,28.6554724],[77.2821056,28.6558508],[77.2823953,28.6558773],[77.2824544,28.6557882],[77.2824491,28.6555423],[77.2831718,28.6554495],[77.2834374,28.6555817],[77.2845033,28.6554312],[77.2844959,28.655405],[77.2855625,28.6552007],[77.285644,28.6555228],[77.2866063,28.6550756],[77.2868814,28.6550194],[77.2869694,28.6552639],[77.2874997,28.6550729],[77.2885292,28.6547404],[77.2886181,28.6547391],[77.2896168,28.6548986],[77.2903469,28.6549905],[77.2906035,28.6550337],[77.2905927,28.6551072],[77.290858,28.6552037],[77.2914803,28.6555113],[77.2916901,28.655629],[77.2914767,28.656101],[77.2911858,28.6565166],[77.2908182,28.656955],[77.2863843,28.6626704],[77.2861635,28.662975],[77.2851978,28.6642389],[77.2848425,28.6640142],[77.2841262,28.6635153],[77.283668,28.663284],[77.2837069,28.6629875],[77.2832963,28.6627052],[77.2829418,28.6624894],[77.2825995,28.6623312],[77.282139,28.6621681],[77.2813876,28.6619787],[77.280931,28.6618108],[77.2804293,28.6616002],[77.2798211,28.6613269],[77.2793484,28.661098],[77.2780882,28.660665],[77.2775766,28.6605419],[77.2768049,28.6602834],[77.2758529,28.659986],[77.2748401,28.6596608],[77.2741127,28.6593885],[77.2734078,28.6591449],[77.2726294,28.6589097],[77.2719228,28.6589247],[77.2715206,28.6590109],[77.2711603,28.6607897],[77.2710023,28.6615097],[77.2705047,28.6610611],[77.270515,28.6609899],[77.2697883,28.660617],[77.269384,28.6603314],[77.2690334,28.6601371],[77.2689536,28.660025],[77.268847,28.6597688],[77.2687671,28.6592126],[77.2679995,28.659275],[77.2677807,28.6593147],[77.2675616,28.6591436],[77.2663515,28.6584304],[77.265142,28.6576728],[77.2649469,28.657564],[77.2643597,28.6571581],[77.2639181,28.6569041],[77.2636411,28.6565019],[77.2630846,28.6562601],[77.2621646,28.6558001],[77.2611388,28.6552662],[77.2621011,28.653906],[77.2625595,28.6531593],[77.2629237,28.6524952],[77.2633463,28.6514798],[77.2634367,28.6512626],[77.2638824,28.6500041],[77.2643808,28.6486787],[77.2650416,28.6467308],[77.26506,28.64534],[77.2646305,28.6439486],[77.26421,28.6430364]]]},"properties":{"fill-opacity":0,"stroke-opacity":1,"stroke":"#ff0000","WNo_SEC":211,"AC_No":60,"AC_No_1":60,"AC_Name":"KRISHNA NAGAR","Ward_No":211,"WardName":"KRISHNA NAGAR","TotalPop":61458,"SC_Pop":3690,"NW2022":"211, KRISHNA NAGAR"},"id":92},
{"type":"Feature","geometry":{"type":"Polygon","coordinates":[[[77.2559507,28.6725965],[77.2555916,28.6726761],[77.2547107,28.6728172],[77.2526569,28.6731319],[77.24704,28.67408],[77.24592,28.67426],[77.24517,28.67436],[77.2448,28.67437],[77.2441082,28.6743374],[77.2430493,28.6741766],[77.24276,28.6741],[77.24033,28.6732],[77.23955,28.6729],[77.2390427,28.6727259],[77.23716,28.672],[77.2369064,28.6719098],[77.2351026,28.6712208],[77.23517,28.67097],[77.23585,28.66887],[77.23644,28.66793],[77.23779,28.6664],[77.23894,28.66501],[77.24024,28.66407],[77.241122,28.663629],[77.24142,28.66348],[77.24295,28.66321],[77.24516,28.66277],[77.245952,28.6628408],[77.2465459,28.662789],[77.24695,28.66293],[77.24797,28.66334],[77.24896,28.66373],[77.25053,28.66438],[77.25185,28.66491],[77.25243,28.66515],[77.2524518,28.6651771],[77.252592,28.6660497],[77.252704,28.666511],[77.2527869,28.666634],[77.2530631,28.6667557],[77.2534558,28.6665804],[77.2537068,28.6663456],[77.2539955,28.6657741],[77.2545,28.66596],[77.25514,28.66623],[77.256391,28.666727],[77.2579875,28.667377],[77.2582459,28.6668654],[77.259117,28.6671399],[77.2591401,28.6671663],[77.260032,28.6674342],[77.2601832,28.6674991],[77.2612614,28.6678392],[77.2615992,28.6679168],[77.2619509,28.6680437],[77.2624536,28.6682668],[77.262639,28.6676843],[77.2626754,28.6676872],[77.2629126,28.6670567],[77.2625804,28.6669775],[77.2623443,28.6668956],[77.2624541,28.6666995],[77.2625652,28.6664211],[77.2626975,28.6664476],[77.2627914,28.6661624],[77.2638066,28.6665364],[77.2637494,28.6666457],[77.263562,28.6666043],[77.2634908,28.6667575],[77.2634007,28.6668031],[77.263222,28.6672561],[77.2633503,28.6676394],[77.2632123,28.6676759],[77.2631614,28.6677789],[77.2631847,28.6680063],[77.2633627,28.6679779],[77.2633521,28.6684758],[77.2631721,28.6689104],[77.2640158,28.6690752],[77.2649406,28.6691922],[77.2662699,28.6694639],[77.2663171,28.6691943],[77.2654592,28.6690513],[77.2642815,28.6688421],[77.2641541,28.6688397],[77.2641683,28.667723],[77.264392,28.667665],[77.2642401,28.6672785],[77.2644449,28.6671299],[77.2648446,28.6669801],[77.2654029,28.6667408],[77.2654786,28.6668487],[77.2659287,28.6666179],[77.2659278,28.6665582],[77.2661133,28.6664723],[77.265923,28.6662412],[77.265865,28.666244],[77.2657564,28.6660572],[77.2660008,28.6659517],[77.266278,28.6659255],[77.2663542,28.6662299],[77.2664695,28.6665296],[77.2666706,28.6669737],[77.2668747,28.6668985],[77.2673881,28.6667738],[77.267678,28.6666637],[77.2679492,28.6669357],[77.2680069,28.6670726],[77.2677405,28.6670546],[77.2674135,28.6671735],[77.2674334,28.6672401],[77.2673988,28.6678932],[77.2673688,28.6680767],[77.2675515,28.6686694],[77.2675252,28.668767],[77.2675926,28.6688696],[77.2675772,28.6691312],[77.2676457,28.6691828],[77.2676433,28.6693676],[77.2679937,28.6693949],[77.2683343,28.6694512],[77.2685336,28.669427],[77.2686388,28.6694832],[77.2690863,28.6695805],[77.2696642,28.6697355],[77.2697988,28.6695535],[77.2700666,28.6695125],[77.2710194,28.6696495],[77.2711418,28.6696923],[77.2717879,28.6697726],[77.2718093,28.6696474],[77.2721554,28.6697174],[77.2722351,28.6691782],[77.2734584,28.6691388],[77.2747791,28.6691181],[77.2755226,28.6691327],[77.2761206,28.6691566],[77.276379,28.6688282],[77.2764346,28.6686975],[77.2768593,28.6684362],[77.2770013,28.6684184],[77.2776452,28.6685834],[77.2776852,28.6686138],[77.2784109,28.6687641],[77.2809975,28.6693595],[77.28093,28.66971],[77.2807352,28.6705788],[77.2804507,28.6719272],[77.2802389,28.6728535],[77.2790507,28.6727907],[77.2761364,28.6723094],[77.2755091,28.6722025],[77.2753375,28.6728894],[77.2752128,28.6735084],[77.2743089,28.6733486],[77.2741533,28.6732499],[77.2729039,28.6730374],[77.2721555,28.6729285],[77.2713825,28.672797],[77.2709029,28.6727659],[77.2705889,28.6727733],[77.2702963,28.6728275],[77.2698453,28.6730085],[77.2697653,28.6728291],[77.2686511,28.6732633],[77.2679347,28.6735522],[77.2667125,28.6740211],[77.2664292,28.6735208],[77.2660838,28.6736572],[77.2660059,28.6735029],[77.2656081,28.6736598],[77.2652093,28.6729982],[77.2651045,28.6727185],[77.2651418,28.6724587],[77.2648055,28.6724083],[77.2644155,28.6723764],[77.2645336,28.6718313],[77.2646033,28.671611],[77.2651233,28.6704959],[77.2646119,28.6702658],[77.2643664,28.6701942],[77.2637476,28.6700868],[77.2633999,28.6700459],[77.26311,28.67009],[77.2627555,28.6702095],[77.26253,28.67032],[77.26219,28.67058],[77.26194,28.67084],[77.2615127,28.6711917],[77.2612747,28.6714172],[77.2609783,28.6715967],[77.2605187,28.6718095],[77.26003,28.67194],[77.25896,28.67211],[77.2586809,28.6721629],[77.2567343,28.6724786],[77.2559507,28.6725965]]]},"properties":{"fill-opacity":0,"stroke-opacity":1,"stroke":"#ff0000","WNo_SEC":213,"AC_No":61,"AC_No_1":61,"AC_Name":"GANDHI NAGAR","Ward_No":213,"WardName":"SHASTRI PARK","TotalPop":68530,"SC_Pop":6720,"NW2022":"213, SHASTRI PARK"},"id":93},
{"type":"Feature","geometry":{"type":"Polygon","coordinates":[[[77.2775766,28.6605419],[77.2774189,28.6607845],[77.276665,28.6618179],[77.2764287,28.6621655],[77.2760988,28.6625891],[77.2758415,28.6630942],[77.2757856,28.663314],[77.2754195,28.6632828],[77.2747229,28.6632513],[77.2733976,28.6632589],[77.2731434,28.6632666],[77.272595,28.6633309],[77.2714162,28.6635085],[77.2707921,28.6635474],[77.2700269,28.6635523],[77.2700323,28.6637589],[77.2695419,28.663757],[77.2695435,28.6639049],[77.2694489,28.6639993],[77.2694584,28.6641116],[77.2693929,28.6644113],[77.2693274,28.6644802],[77.2695913,28.6645444],[77.2696777,28.6646569],[77.2696513,28.6647817],[77.2698319,28.664844],[77.2697632,28.6650402],[77.2696513,28.6650362],[77.2693226,28.665889],[77.2691649,28.6662173],[77.2688821,28.6664758],[77.268579,28.6661671],[77.2683169,28.6663214],[77.268115,28.6660697],[77.2680648,28.6659251],[77.2679781,28.665914],[77.2678494,28.666001],[77.2678261,28.6661365],[77.2679723,28.6662679],[77.2678424,28.6663756],[77.2680702,28.6665601],[77.2679038,28.6665812],[77.2674824,28.6662171],[77.267535,28.6664845],[77.267678,28.6666637],[77.2673881,28.6667738],[77.2668747,28.6668985],[77.2666706,28.6669737],[77.2664695,28.6665296],[77.2663542,28.6662299],[77.266278,28.6659255],[77.2660008,28.6659517],[77.2657564,28.6660572],[77.265865,28.666244],[77.265923,28.6662412],[77.2661133,28.6664723],[77.2659278,28.6665582],[77.2659287,28.6666179],[77.2654786,28.6668487],[77.2654029,28.6667408],[77.2648446,28.6669801],[77.2644449,28.6671299],[77.2642401,28.6672785],[77.264392,28.667665],[77.2641683,28.667723],[77.2641541,28.6688397],[77.2642815,28.6688421],[77.2654592,28.6690513],[77.2663171,28.6691943],[77.2662699,28.6694639],[77.2649406,28.6691922],[77.2640158,28.6690752],[77.2631721,28.6689104],[77.2633521,28.6684758],[77.2633627,28.6679779],[77.2631847,28.6680063],[77.2631614,28.6677789],[77.2632123,28.6676759],[77.2633503,28.6676394],[77.263222,28.6672561],[77.2634007,28.6668031],[77.2634908,28.6667575],[77.263562,28.6666043],[77.2637494,28.6666457],[77.2638066,28.6665364],[77.2627914,28.6661624],[77.2626975,28.6664476],[77.2625652,28.6664211],[77.2624541,28.6666995],[77.2623443,28.6668956],[77.2625804,28.6669775],[77.2629126,28.6670567],[77.2626754,28.6676872],[77.262639,28.6676843],[77.2624536,28.6682668],[77.2619509,28.6680437],[77.2615992,28.6679168],[77.2612614,28.6678392],[77.2601832,28.6674991],[77.260032,28.6674342],[77.2591401,28.6671663],[77.259117,28.6671399],[77.2582459,28.6668654],[77.2579875,28.667377],[77.256391,28.666727],[77.25514,28.66623],[77.2545,28.66596],[77.2539955,28.6657741],[77.2537068,28.6663456],[77.2534558,28.6665804],[77.2530631,28.6667557],[77.2527869,28.666634],[77.252704,28.666511],[77.252592,28.6660497],[77.2524518,28.6651771],[77.25243,28.66515],[77.25185,28.66491],[77.25053,28.66438],[77.24896,28.66373],[77.24797,28.66334],[77.24695,28.66293],[77.2465459,28.662789],[77.2466884,28.6627765],[77.2523643,28.6610314],[77.2530546,28.6607801],[77.2552246,28.6600601],[77.2576346,28.6584101],[77.2611388,28.6552662],[77.2621646,28.6558001],[77.2630846,28.6562601],[77.2636411,28.6565019],[77.2639181,28.6569041],[77.2643597,28.6571581],[77.2649469,28.657564],[77.265142,28.6576728],[77.2663515,28.6584304],[77.2675616,28.6591436],[77.2677807,28.6593147],[77.2679995,28.659275],[77.2687671,28.6592126],[77.268847,28.6597688],[77.2689536,28.660025],[77.2690334,28.6601371],[77.269384,28.6603314],[77.2697883,28.660617],[77.270515,28.6609899],[77.2705047,28.6610611],[77.2710023,28.6615097],[77.2711603,28.6607897],[77.2715206,28.6590109],[77.2719228,28.6589247],[77.2726294,28.6589097],[77.2734078,28.6591449],[77.2741127,28.6593885],[77.2748401,28.6596608],[77.2758529,28.659986],[77.2768049,28.6602834],[77.2775766,28.6605419]]]},"properties":{"fill-opacity":0,"stroke-opacity":1,"stroke":"#ff0000","WNo_SEC":212,"AC_No":61,"AC_No_1":61,"AC_Name":"GANDHI NAGAR","Ward_No":212,"WardName":"GANDHI NAGAR","TotalPop":62052,"SC_Pop":7127,"NW2022":"212, GANDHI NAGAR"},"id":94},
{"type":"Feature","geometry":{"type":"Polygon","coordinates":[[[77.2851978,28.6642389],[77.2840935,28.6657255],[77.2839499,28.665893],[77.2824326,28.667428],[77.28185,28.6680316],[77.2814295,28.6685072],[77.281151,28.6689472],[77.2809975,28.6693595],[77.2784109,28.6687641],[77.2776852,28.6686138],[77.2776452,28.6685834],[77.2770013,28.6684184],[77.2768593,28.6684362],[77.2764346,28.6686975],[77.276379,28.6688282],[77.2761206,28.6691566],[77.2755226,28.6691327],[77.2747791,28.6691181],[77.2734584,28.6691388],[77.2722351,28.6691782],[77.2721554,28.6697174],[77.2718093,28.6696474],[77.2717879,28.6697726],[77.2711418,28.6696923],[77.2710194,28.6696495],[77.2700666,28.6695125],[77.2697988,28.6695535],[77.2696642,28.6697355],[77.2690863,28.6695805],[77.2686388,28.6694832],[77.2685336,28.669427],[77.2683343,28.6694512],[77.2679937,28.6693949],[77.2676433,28.6693676],[77.2676457,28.6691828],[77.2675772,28.6691312],[77.2675926,28.6688696],[77.2675252,28.668767],[77.2675515,28.6686694],[77.2673688,28.6680767],[77.2673988,28.6678932],[77.2674334,28.6672401],[77.2674135,28.6671735],[77.2677405,28.6670546],[77.2680069,28.6670726],[77.2679492,28.6669357],[77.267678,28.6666637],[77.267535,28.6664845],[77.2674824,28.6662171],[77.2679038,28.6665812],[77.2680702,28.6665601],[77.2678424,28.6663756],[77.2679723,28.6662679],[77.2678261,28.6661365],[77.2678494,28.666001],[77.2679781,28.665914],[77.2680648,28.6659251],[77.268115,28.6660697],[77.2683169,28.6663214],[77.268579,28.6661671],[77.2688821,28.6664758],[77.2691649,28.6662173],[77.2693226,28.665889],[77.2696513,28.6650362],[77.2697632,28.6650402],[77.2698319,28.664844],[77.2696513,28.6647817],[77.2696777,28.6646569],[77.2695913,28.6645444],[77.2693274,28.6644802],[77.2693929,28.6644113],[77.2694584,28.6641116],[77.2694489,28.6639993],[77.2695435,28.6639049],[77.2695419,28.663757],[77.2700323,28.6637589],[77.2700269,28.6635523],[77.2707921,28.6635474],[77.2714162,28.6635085],[77.272595,28.6633309],[77.2731434,28.6632666],[77.2733976,28.6632589],[77.2747229,28.6632513],[77.2754195,28.6632828],[77.2757856,28.663314],[77.2758415,28.6630942],[77.2760988,28.6625891],[77.2764287,28.6621655],[77.276665,28.6618179],[77.2774189,28.6607845],[77.2775766,28.6605419],[77.2780882,28.660665],[77.2793484,28.661098],[77.2798211,28.6613269],[77.2804293,28.6616002],[77.280931,28.6618108],[77.2813876,28.6619787],[77.282139,28.6621681],[77.2825995,28.6623312],[77.2829418,28.6624894],[77.2832963,28.6627052],[77.2837069,28.6629875],[77.283668,28.663284],[77.2841262,28.6635153],[77.2848425,28.6640142],[77.2851978,28.6642389]]]},"properties":{"fill-opacity":0,"stroke-opacity":1,"stroke":"#ff0000","WNo_SEC":214,"AC_No":61,"AC_No_1":61,"AC_Name":"GANDHI NAGAR","Ward_No":214,"WardName":"AZAD NAGAR","TotalPop":66674,"SC_Pop":6994,"NW2022":"214, AZAD NAGAR"},"id":95},
{"type":"Feature","geometry":{"type":"Polygon","coordinates":[[[77.3246405,28.6866239],[77.3245109,28.6868085],[77.3240149,28.6865606],[77.3232595,28.6861622],[77.3219968,28.6855169],[77.3213281,28.6851622],[77.3194535,28.6841965],[77.3187143,28.6838312],[77.3172103,28.6830325],[77.3153065,28.6820117],[77.3144222,28.6815499],[77.3135754,28.6810959],[77.311814,28.6801636],[77.3106289,28.6795283],[77.3103697,28.6793965],[77.3093906,28.6788656],[77.3080422,28.6781517],[77.3079474,28.6780445],[77.3078056,28.678038],[77.3076843,28.6779678],[77.3076263,28.6778194],[77.3050714,28.6777264],[77.3039595,28.6776994],[77.3034965,28.6776802],[77.3031781,28.677693],[77.3031953,28.6773912],[77.3032002,28.6766806],[77.3032204,28.6762912],[77.3032073,28.6757254],[77.3032071,28.6756855],[77.3087288,28.6758726],[77.3106815,28.675951],[77.3128286,28.6760462],[77.3155818,28.6761476],[77.3178893,28.6762188],[77.3188094,28.6762425],[77.3199125,28.676261],[77.3211729,28.6762661],[77.3220879,28.6762972],[77.3220878,28.6762327],[77.3231944,28.6762394],[77.323971,28.6762241],[77.3239714,28.6763367],[77.3238268,28.676335],[77.3238318,28.676561],[77.3237707,28.6769144],[77.3236126,28.6773692],[77.3246484,28.6778473],[77.3247525,28.6779427],[77.3249561,28.6776616],[77.3258408,28.6779912],[77.3259682,28.6779942],[77.3265489,28.6781809],[77.326968,28.678211],[77.3281273,28.6782286],[77.3286858,28.6782153],[77.3290237,28.6782319],[77.3294752,28.6782009],[77.3300231,28.67827],[77.3302553,28.6783771],[77.3303328,28.6784495],[77.3302151,28.6785934],[77.3309186,28.6794371],[77.3312741,28.6798428],[77.3321597,28.6809005],[77.332905,28.681751],[77.3324088,28.6820751],[77.3325834,28.6822422],[77.3325868,28.6823862],[77.3321389,28.6828539],[77.3321397,28.6829645],[77.3315219,28.6825857],[77.3294708,28.6855528],[77.3288876,28.6864107],[77.3283619,28.6861386],[77.3276464,28.6857333],[77.3265944,28.6851682],[77.325881,28.6848322],[77.3253809,28.6855378],[77.3246405,28.6866239]]]},"properties":{"fill-opacity":0,"stroke-opacity":1,"stroke":"#ff0000","WNo_SEC":217,"AC_No":62,"AC_No_1":62,"AC_Name":"SHAHDARA","Ward_No":217,"WardName":"DILSHAD COLONY","TotalPop":76598,"SC_Pop":10854,"NW2022":"217, DILSHAD COLONY"},"id":96},
{"type":"Feature","geometry":{"type":"Polygon","coordinates":[[[77.3032073,28.6757254],[77.3020015,28.6756905],[77.3008364,28.6757027],[77.2998937,28.675743],[77.2998669,28.675679],[77.2997029,28.6749747],[77.2995501,28.6746495],[77.2993492,28.6743666],[77.2989831,28.6739506],[77.29863,28.67366],[77.2981624,28.6734043],[77.2977691,28.6732329],[77.2972327,28.6731148],[77.2964515,28.6730135],[77.2960351,28.6729936],[77.2928,28.67294],[77.2909073,28.6729357],[77.2909372,28.6726828],[77.2912392,28.6720496],[77.291879,28.6722504],[77.2921724,28.6722195],[77.2928407,28.6722367],[77.2941328,28.6716636],[77.2942341,28.6715792],[77.2945287,28.6709553],[77.2947529,28.6707006],[77.2948101,28.6705788],[77.2949483,28.6700756],[77.2951623,28.6695366],[77.2955865,28.6696698],[77.2963958,28.6697449],[77.2985472,28.669961],[77.2989892,28.6700216],[77.299789,28.6701115],[77.300347,28.6701606],[77.3005088,28.6702094],[77.3008992,28.6701312],[77.3018262,28.6701345],[77.3020768,28.6705267],[77.3032566,28.6700487],[77.3032563,28.6696512],[77.3033153,28.6673776],[77.3033574,28.6666204],[77.3052395,28.666624],[77.3059948,28.6666111],[77.3074653,28.666615],[77.3079771,28.666606],[77.3081534,28.6665862],[77.3087027,28.6664589],[77.3104012,28.6661407],[77.3118196,28.6658595],[77.3131876,28.665582],[77.3151138,28.6651827],[77.3153807,28.6661828],[77.3192831,28.6677399],[77.3199225,28.6679495],[77.3203139,28.6680115],[77.3206756,28.6680147],[77.3210068,28.6679619],[77.3220095,28.6677654],[77.3229472,28.6707605],[77.3229303,28.6734249],[77.3240942,28.6734673],[77.3240742,28.6740607],[77.3239646,28.6742133],[77.3239027,28.6744063],[77.3240323,28.6751576],[77.3239944,28.6754294],[77.323971,28.6762241],[77.3231944,28.6762394],[77.3220878,28.6762327],[77.3220879,28.6762972],[77.3211729,28.6762661],[77.3199125,28.676261],[77.3188094,28.6762425],[77.3178893,28.6762188],[77.3155818,28.6761476],[77.3128286,28.6760462],[77.3106815,28.675951],[77.3087288,28.6758726],[77.3032071,28.6756855],[77.3032073,28.6757254]]]},"properties":{"fill-opacity":0,"stroke-opacity":1,"stroke":"#ff0000","WNo_SEC":216,"AC_No":62,"AC_No_1":62,"AC_Name":"SHAHDARA","Ward_No":216,"WardName":"JHILMIL","TotalPop":68555,"SC_Pop":11476,"NW2022":"216, JHILMIL"},"id":97},
{"type":"Feature","geometry":{"type":"Polygon","coordinates":[[[77.2861635,28.662975],[77.2870459,28.6633768],[77.288435,28.6640779],[77.291678,28.6656305],[77.2928796,28.6662167],[77.2934828,28.6664847],[77.2953693,28.6674173],[77.2973199,28.6683207],[77.2980907,28.6686846],[77.2992646,28.6692593],[77.3003327,28.66975],[77.3002839,28.6699517],[77.300347,28.6701606],[77.299789,28.6701115],[77.2989892,28.6700216],[77.2985472,28.669961],[77.2963958,28.6697449],[77.2955865,28.6696698],[77.2951623,28.6695366],[77.2949483,28.6700756],[77.2948101,28.6705788],[77.2947529,28.6707006],[77.2945287,28.6709553],[77.2942341,28.6715792],[77.2941328,28.6716636],[77.2928407,28.6722367],[77.2921724,28.6722195],[77.291879,28.6722504],[77.2912392,28.6720496],[77.2909372,28.6726828],[77.2909073,28.6729357],[77.29088067766916,28.672935699948507],[77.2893629,28.6729322],[77.2879261,28.6729121],[77.286007,28.6727934],[77.2853874,28.6727268],[77.2842991,28.6725789],[77.2828594,28.6723428],[77.2823742,28.6722509],[77.2804507,28.6719272],[77.2807352,28.6705788],[77.28093,28.66971],[77.2809975,28.6693595],[77.281151,28.6689472],[77.2814295,28.6685072],[77.28185,28.6680316],[77.2824326,28.667428],[77.2839499,28.665893],[77.2840935,28.6657255],[77.2851978,28.6642389],[77.2861635,28.662975]]]},"properties":{"fill-opacity":0,"stroke-opacity":1,"stroke":"#ff0000","WNo_SEC":215,"AC_No":62,"AC_No_1":62,"AC_Name":"SHAHDARA","Ward_No":215,"WardName":"SHAHDARA","TotalPop":69110,"SC_Pop":16796,"NW2022":"215, SHAHDARA"},"id":98},
{"type":"Feature","geometry":{"type":"Polygon","coordinates":[[[77.3149229,28.6942638],[77.3150973,28.695064],[77.3153219,28.6961588],[77.3155102,28.6971933],[77.3155354,28.697396],[77.31512,28.69742],[77.3122,28.69795],[77.3093024,28.6984824],[77.3083917,28.6986601],[77.3057083,28.6989902],[77.3045786,28.6991474],[77.3018255,28.6994703],[77.3016535,28.6949731],[77.3019862,28.6950175],[77.3020541,28.6941295],[77.3017768,28.6941245],[77.3017794,28.6939736],[77.3020697,28.6939457],[77.3037227,28.6940304],[77.3037896,28.6933028],[77.3038465,28.6928112],[77.3039253,28.6918514],[77.3050779,28.6919386],[77.3052657,28.6897316],[77.3038469,28.6896558],[77.3014752,28.6894934],[77.3012302,28.6835127],[77.3011299,28.6809124],[77.3010553,28.6791276],[77.3010048,28.6784858],[77.3009407,28.6783043],[77.3017978,28.6782957],[77.3025395,28.6783224],[77.3025222,28.6786896],[77.3020489,28.6792425],[77.3020211,28.6797612],[77.302366,28.6797641],[77.3023533,28.6804322],[77.3026985,28.6804376],[77.3026874,28.6808446],[77.303591,28.6808547],[77.3046627,28.6808513],[77.3062489,28.6808545],[77.3063611,28.6808806],[77.30695,28.6808887],[77.3069393,28.6807771],[77.3070314,28.6806343],[77.3070654,28.6804164],[77.3068565,28.6802424],[77.3063953,28.6800045],[77.3063298,28.6799485],[77.3064318,28.6796967],[77.3084551,28.6808006],[77.3102339,28.6817807],[77.3111373,28.6822673],[77.3121359,28.6828218],[77.3118034,28.6832528],[77.3111401,28.6842085],[77.3103401,28.6853475],[77.3102048,28.685568],[77.3096454,28.6863734],[77.3085117,28.6879797],[77.3083504,28.6882207],[77.3074313,28.6895224],[77.3072877,28.6897517],[77.3072334,28.6898971],[77.3081,28.68997],[77.3149229,28.6942638]]]},"properties":{"fill-opacity":0,"stroke-opacity":1,"stroke":"#ff0000","WNo_SEC":220,"AC_No":63,"AC_No_1":63,"AC_Name":"SEEMA PURI","Ward_No":220,"WardName":"NAND NAGRI","TotalPop":73753,"SC_Pop":36402,"NW2022":"220, NAND NAGRI"},"id":99},
{"type":"Feature","geometry":{"type":"Polygon","coordinates":[[[77.3321397,28.6829645],[77.3321358,28.6837202],[77.3320875,28.6844621],[77.3319408,28.6850693],[77.3316819,28.6856923],[77.3313476,28.6863789],[77.3311907,28.6866648],[77.3309579,28.6870054],[77.3307341,28.6873699],[77.3304798,28.6878956],[77.330169,28.6886751],[77.330053,28.6890712],[77.3299926,28.6891941],[77.3295131,28.6899437],[77.3287535,28.691066],[77.3277155,28.6926151],[77.3273218,28.6931887],[77.3275796,28.6934071],[77.3274927,28.6935108],[77.3267934,28.6942281],[77.3259563,28.6951018],[77.325751,28.6952165],[77.3253916,28.6953678],[77.3250066,28.6955544],[77.3250111,28.69565],[77.3252229,28.6957788],[77.3249516,28.6962104],[77.3245246,28.696857],[77.3241219,28.6974296],[77.3237527,28.6979215],[77.3235897,28.6981826],[77.3234631,28.6985047],[77.3234554,28.6986496],[77.32271,28.69865],[77.3222633,28.6986258],[77.32175,28.69858],[77.32108,28.69847],[77.3200005,28.6982342],[77.31941,28.69808],[77.31827,28.6977],[77.31758,28.69755],[77.3168196,28.6974082],[77.3162607,28.6973835],[77.3155354,28.697396],[77.3155102,28.6971933],[77.3153219,28.6961588],[77.3150973,28.695064],[77.3149229,28.6942638],[77.3157768,28.6931437],[77.3166114,28.6936358],[77.316676,28.6937012],[77.3170461,28.6934397],[77.3174705,28.693201],[77.3178608,28.6938112],[77.3179335,28.6940704],[77.3180521,28.6948304],[77.3193957,28.6946192],[77.3193353,28.6943147],[77.3186078,28.6944163],[77.318485,28.6939331],[77.3184792,28.693741],[77.3184165,28.6932713],[77.3187225,28.6931949],[77.3191158,28.6931371],[77.3190664,28.6928347],[77.3190654,28.6925678],[77.3182544,28.6924452],[77.3182378,28.6924644],[77.3164815,28.6922192],[77.3173406,28.6910922],[77.3186546,28.6893227],[77.3202791,28.6902783],[77.320492,28.6904163],[77.3207802,28.690044],[77.3210558,28.690246],[77.3211219,28.6903423],[77.3211399,28.690518],[77.3211556,28.6912],[77.3212015,28.6912723],[77.3215882,28.6914654],[77.3219974,28.6916911],[77.3227133,28.6921385],[77.3231392,28.6923817],[77.323987,28.6922068],[77.3244284,28.6920938],[77.3247797,28.6918676],[77.3249615,28.6919497],[77.3252083,28.6917232],[77.3256621,28.6911259],[77.3262636,28.6902554],[77.3276516,28.6882214],[77.3256425,28.6871524],[77.3250764,28.6868416],[77.3246405,28.6866239],[77.3253809,28.6855378],[77.325881,28.6848322],[77.3265944,28.6851682],[77.3276464,28.6857333],[77.3283619,28.6861386],[77.3288876,28.6864107],[77.3294708,28.6855528],[77.3315219,28.6825857],[77.3321397,28.6829645]]]},"properties":{"fill-opacity":0,"stroke-opacity":1,"stroke":"#ff0000","WNo_SEC":218,"AC_No":63,"AC_No_1":63,"AC_Name":"SEEMA PURI","Ward_No":218,"WardName":"SUNDAR NAGRI","TotalPop":83935,"SC_Pop":20704,"NW2022":"218, SUNDAR NAGRI"},"id":100},
{"type":"Feature","geometry":{"type":"Polygon","coordinates":[[[77.3018255,28.6994703],[77.3008391,28.6995854],[77.2996314,28.6997608],[77.2992344,28.6998184],[77.296698,28.7002239],[77.2950847,28.7005172],[77.2915799,28.7009169],[77.2916624,28.698707],[77.2916921,28.6982189],[77.2916954,28.6975559],[77.2917284,28.6957319],[77.2918207,28.693212],[77.2918718,28.6916811],[77.29196,28.68933],[77.2944677,28.6893784],[77.2962942,28.6894397],[77.2993169,28.6894928],[77.2993905,28.6896591],[77.2996398,28.6903771],[77.2998293,28.6908201],[77.3002858,28.6917009],[77.3008514,28.6929913],[77.3010336,28.6935579],[77.3012933,28.6944091],[77.3014242,28.694939],[77.3016535,28.6949731],[77.3018255,28.6994703]]]},"properties":{"fill-opacity":0,"stroke-opacity":1,"stroke":"#ff0000","WNo_SEC":221,"AC_No":64,"AC_No_1":64,"AC_Name":"ROHTAS NAGAR","Ward_No":221,"WardName":"ASHOK NAGAR","TotalPop":59850,"SC_Pop":13216,"NW2022":"221, ASHOK NAGAR"},"id":101},
{"type":"Feature","geometry":{"type":"Polygon","coordinates":[[[77.2998669,28.675679],[77.297182,28.6757802],[77.2958777,28.6758329],[77.294707,28.6758718],[77.293878,28.6759125],[77.2933463,28.6759139],[77.293297,28.6762735],[77.2932769,28.6766231],[77.2932873,28.6768885],[77.2933899,28.6779907],[77.2936238,28.6787383],[77.2937679,28.6791291],[77.2940493,28.6796674],[77.2943543,28.6802027],[77.2948901,28.6809338],[77.2952176,28.6813636],[77.2954862,28.681749],[77.2968652,28.6836745],[77.2973338,28.6844224],[77.2975513,28.6848226],[77.2977732,28.6852857],[77.2980407,28.6858938],[77.2983192,28.6866377],[77.2985048,28.6872899],[77.2987266,28.6879014],[77.298884,28.6883957],[77.299063,28.6888837],[77.2991828,28.6891452],[77.2992593,28.689411],[77.2993169,28.6894928],[77.2962942,28.6894397],[77.2944677,28.6893784],[77.29196,28.68933],[77.2919693,28.6889636],[77.2920691,28.6867092],[77.2920806,28.6865735],[77.292118,28.6858164],[77.292145,28.6848988],[77.2921797,28.6845119],[77.292236,28.6831673],[77.2922831,28.6826077],[77.2923055,28.6819376],[77.2923615,28.681047],[77.2923465,28.6809563],[77.2916286,28.6806662],[77.2913683,28.6809546],[77.2910202,28.6812433],[77.29069,28.6809271],[77.2903989,28.681128],[77.290778,28.6815949],[77.2904038,28.681849],[77.2901728,28.6813764],[77.2896937,28.6815956],[77.2898166,28.6818399],[77.2889311,28.6820915],[77.2880108,28.6823378],[77.2880637,28.6825884],[77.2884424,28.6825499],[77.2886676,28.6824638],[77.2887115,28.6825368],[77.2887708,28.6829427],[77.2888784,28.6829339],[77.2888675,28.6832741],[77.2884065,28.6832553],[77.2883202,28.6831042],[77.2875834,28.6830149],[77.2874771,28.6829754],[77.2871008,28.6827521],[77.28654425716722,28.682424334300343],[77.2865809,28.6823303],[77.28651974885265,28.682220837885726],[77.2867736,28.6818984],[77.2871832,28.6820867],[77.2873045,28.6817949],[77.2874987,28.6811391],[77.2875777,28.6809345],[77.28674205753651,28.680507430160088],[77.287525,28.6796007],[77.2876752,28.6794393],[77.2882757,28.6785941],[77.2885327,28.6781886],[77.2891209,28.6771845],[77.2891875,28.6771132],[77.2902688,28.676312],[77.29058,28.6752801],[77.28914566063882,28.674923915358306],[77.2883342,28.6746988],[77.2883647,28.6745549],[77.2884589,28.6738071],[77.2892458,28.6739075],[77.28935,28.6735434],[77.2895741,28.6735884],[77.290705,28.6737216],[77.29088067766916,28.672935699948507],[77.2909073,28.6729357],[77.2928,28.67294],[77.2960351,28.6729936],[77.2964515,28.6730135],[77.2972327,28.6731148],[77.2977691,28.6732329],[77.2981624,28.6734043],[77.29863,28.67366],[77.2989831,28.6739506],[77.2993492,28.6743666],[77.2995501,28.6746495],[77.2997029,28.6749747],[77.2998669,28.675679]]]},"properties":{"fill-opacity":0,"stroke-opacity":1,"stroke":"#ff0000","WNo_SEC":223,"AC_No":64,"AC_No_1":64,"AC_Name":"ROHTAS NAGAR","Ward_No":223,"WardName":"ROHTASH NAGAR","TotalPop":55550,"SC_Pop":12468,"NW2022":"223, ROHTASH NAGAR"},"id":102},
{"type":"Feature","geometry":{"type":"Polygon","coordinates":[[[77.2871008,28.6827521],[77.2868967,28.6830195],[77.2868395,28.6831367],[77.2863302,28.6848445],[77.285865,28.6847412],[77.28610994399487,28.684343883597098],[77.2857512,28.684252],[77.284978,28.6840828],[77.2838813,28.6839237],[77.2834895,28.6837794],[77.2840038,28.6832014],[77.2843671,28.682851],[77.2845542,28.6826989],[77.2839405,28.6820577],[77.2832782,28.6816006],[77.2828935,28.6814065],[77.2829621,28.6810492],[77.2830382,28.6808352],[77.2826374,28.6808392],[77.2818968,28.6809616],[77.2815177,28.6809969],[77.2810039,28.6810114],[77.2802831,28.6812191],[77.2796287,28.6813917],[77.2791507,28.6815474],[77.2789954,28.6811688],[77.2788619,28.6807473],[77.2785973,28.6801399],[77.2784528,28.6798546],[77.2787566,28.67959],[77.2784098,28.6792754],[77.2780387,28.6789693],[77.2777759,28.67913],[77.2769756,28.6786618],[77.2767582,28.6784634],[77.2764569,28.6782719],[77.2763865,28.6785658],[77.275908,28.6784892],[77.27583961297086,28.678896127363185],[77.2757033,28.6789433],[77.2754602,28.6789516],[77.275536,28.6784223],[77.2747184,28.6782966],[77.2746517,28.6787573],[77.2738119,28.678665],[77.2731356,28.6786044],[77.2729206,28.6782364],[77.272719,28.6777691],[77.27222235539726,28.676885418719785],[77.2721256,28.6767091],[77.2721922,28.6766136],[77.27277926166661,28.676357216770857],[77.2726355,28.6760451],[77.27298415372027,28.67590051920225],[77.27262,28.6751956],[77.27299935549588,28.675024020473064],[77.272837,28.6747314],[77.2736054,28.6744031],[77.2739911,28.6742557],[77.2741616,28.6745641],[77.2750952,28.6741699],[77.2752128,28.6735084],[77.2753375,28.6728894],[77.2755091,28.6722025],[77.2761364,28.6723094],[77.2790507,28.6727907],[77.2802389,28.6728535],[77.2804507,28.6719272],[77.2823742,28.6722509],[77.2828594,28.6723428],[77.2842991,28.6725789],[77.2853874,28.6727268],[77.286007,28.6727934],[77.2879261,28.6729121],[77.2893629,28.6729322],[77.29088067766916,28.672935699948507],[77.290705,28.6737216],[77.2895741,28.6735884],[77.28935,28.6735434],[77.2892458,28.6739075],[77.2884589,28.6738071],[77.2883647,28.6745549],[77.2883342,28.6746988],[77.28914566063882,28.674923915358306],[77.29058,28.6752801],[77.2902688,28.676312],[77.2891875,28.6771132],[77.2891209,28.6771845],[77.2885327,28.6781886],[77.2882757,28.6785941],[77.2876752,28.6794393],[77.287525,28.6796007],[77.28674205753651,28.680507430160088],[77.2875777,28.6809345],[77.2874987,28.6811391],[77.2873045,28.6817949],[77.2871832,28.6820867],[77.2867736,28.6818984],[77.28651974885265,28.682220837885726],[77.2865809,28.6823303],[77.28654425716722,28.682424334300343],[77.2871008,28.6827521]]]},"properties":{"fill-opacity":0,"stroke-opacity":1,"stroke":"#ff0000","WNo_SEC":224,"AC_No":64,"AC_No_1":64,"AC_Name":"ROHTAS NAGAR","Ward_No":224,"WardName":"WELCOME COLONY","TotalPop":65707,"SC_Pop":10033,"NW2022":"224, WELCOME COLONY"},"id":103},
{"type":"Feature","geometry":{"type":"Polygon","coordinates":[[[77.2731356,28.6786044],[77.2739165,28.6801318],[77.2752072,28.6826792],[77.2757443,28.6838041],[77.2752737,28.6839672],[77.2753547,28.6841755],[77.2751504,28.6843336],[77.2747747,28.6841985],[77.2741634,28.68407],[77.2735414,28.6837125],[77.2732427,28.6836025],[77.2732504,28.6840815],[77.2730113,28.6840769],[77.2730153,28.6844221],[77.2731941,28.6844406],[77.2731384,28.6847545],[77.2727443,28.6847011],[77.2727286,28.6850308],[77.2724947,28.6850374],[77.2725449,28.6846128],[77.271711,28.6844982],[77.2713847,28.6844896],[77.2709404,28.6845307],[77.2709226,28.6843801],[77.270743,28.6844429],[77.2707378,28.6849551],[77.2707794,28.6855257],[77.2709586,28.6854922],[77.2709705,28.6859406],[77.2706443,28.6860254],[77.2707758,28.6863512],[77.2702037,28.686538],[77.2695454,28.6867295],[77.2689258,28.6849893],[77.2687027,28.684441],[77.2683451,28.6834909],[77.2679674,28.6824635],[77.2674295,28.680914],[77.2672805,28.680529],[77.2669577,28.6798715],[77.2665474,28.6788316],[77.2664859,28.6785768],[77.2676954,28.6781754],[77.2684526,28.6779521],[77.2695782,28.6775829],[77.2703058,28.6772983],[77.2711382,28.6769394],[77.2714514,28.6767792],[77.2717434,28.6770124],[77.2718779,28.6769463],[77.2719511,28.6769992],[77.27222235539726,28.676885418719785],[77.272719,28.6777691],[77.2729206,28.6782364],[77.2731356,28.6786044]]]},"properties":{"fill-opacity":0,"stroke-opacity":1,"stroke":"#ff0000","WNo_SEC":227,"AC_No":65,"AC_No_1":65,"AC_Name":"SEELAMPUR","Ward_No":227,"WardName":"CHAUHAN BANGER","TotalPop":58344,"SC_Pop":124,"NW2022":"227, CHAUHAN BANGER"},"id":104},
{"type":"Feature","geometry":{"type":"Polygon","coordinates":[[[77.2752128,28.6735084],[77.2750952,28.6741699],[77.2741616,28.6745641],[77.2739911,28.6742557],[77.2736054,28.6744031],[77.272837,28.6747314],[77.27299935549588,28.675024020473064],[77.27262,28.6751956],[77.27298415372027,28.67590051920225],[77.2726355,28.6760451],[77.27277926166661,28.676357216770857],[77.2721922,28.6766136],[77.2721256,28.6767091],[77.27222235539726,28.676885418719785],[77.2719511,28.6769992],[77.2718779,28.6769463],[77.2717434,28.6770124],[77.2714514,28.6767792],[77.2711382,28.6769394],[77.2703058,28.6772983],[77.2695782,28.6775829],[77.2684526,28.6779521],[77.2676954,28.6781754],[77.2664859,28.6785768],[77.2658352,28.6766912],[77.2650952,28.6767689],[77.2647121,28.6769313],[77.2643852,28.6768506],[77.2638852,28.6770398],[77.263888,28.6769067],[77.2635613,28.6750457],[77.2628519,28.6751362],[77.261695,28.6753192],[77.2607399,28.6754587],[77.259441,28.6756362],[77.2592359,28.6748015],[77.2587746,28.6748709],[77.2579184,28.6750297],[77.2577694,28.6750779],[77.2574513,28.6737147],[77.257336,28.6731269],[77.2563184,28.67325],[77.2560897,28.6732915],[77.256017,28.6730409],[77.2560195,28.6729178],[77.2559507,28.6725965],[77.2567343,28.6724786],[77.2586809,28.6721629],[77.25896,28.67211],[77.26003,28.67194],[77.2605187,28.6718095],[77.2609783,28.6715967],[77.2612747,28.6714172],[77.2615127,28.6711917],[77.26194,28.67084],[77.26219,28.67058],[77.26253,28.67032],[77.2627555,28.6702095],[77.26311,28.67009],[77.2633999,28.6700459],[77.2637476,28.6700868],[77.2643664,28.6701942],[77.2646119,28.6702658],[77.2651233,28.6704959],[77.2646033,28.671611],[77.2645336,28.6718313],[77.2644155,28.6723764],[77.2648055,28.6724083],[77.2651418,28.6724587],[77.2651045,28.6727185],[77.2652093,28.6729982],[77.2656081,28.6736598],[77.2660059,28.6735029],[77.2660838,28.6736572],[77.2664292,28.6735208],[77.2667125,28.6740211],[77.2679347,28.6735522],[77.2686511,28.6732633],[77.2697653,28.6728291],[77.2698453,28.6730085],[77.2702963,28.6728275],[77.2705889,28.6727733],[77.2709029,28.6727659],[77.2713825,28.672797],[77.2721555,28.6729285],[77.2729039,28.6730374],[77.2741533,28.6732499],[77.2743089,28.6733486],[77.2752128,28.6735084]]]},"properties":{"fill-opacity":0,"stroke-opacity":1,"stroke":"#ff0000","WNo_SEC":225,"AC_No":65,"AC_No_1":65,"AC_Name":"SEELAMPUR","Ward_No":225,"WardName":"SEELAMPUR","TotalPop":63039,"SC_Pop":7542,"NW2022":"225, SEELAMPUR"},"id":105},
{"type":"Feature","geometry":{"type":"Polygon","coordinates":[[[77.2559507,28.6725965],[77.2560195,28.6729178],[77.256017,28.6730409],[77.2560897,28.6732915],[77.2563184,28.67325],[77.257336,28.6731269],[77.2574513,28.6737147],[77.2577694,28.6750779],[77.2579184,28.6750297],[77.2587746,28.6748709],[77.2592359,28.6748015],[77.259441,28.6756362],[77.2607399,28.6754587],[77.261695,28.6753192],[77.2628519,28.6751362],[77.2635613,28.6750457],[77.263888,28.6769067],[77.2638852,28.6770398],[77.2643852,28.6768506],[77.2647121,28.6769313],[77.2650952,28.6767689],[77.2658352,28.6766912],[77.2664859,28.6785768],[77.2665474,28.6788316],[77.2669577,28.6798715],[77.2672805,28.680529],[77.2674295,28.680914],[77.2679674,28.6824635],[77.2683451,28.6834909],[77.2678764,28.6836485],[77.2673827,28.6837779],[77.2661206,28.6841971],[77.2651659,28.6844661],[77.2649067,28.6837559],[77.2638818,28.6840525],[77.263666,28.6841047],[77.2632202,28.6842547],[77.2630034,28.6843244],[77.2627639,28.6844422],[77.2617261,28.6834354],[77.263046,28.6824179],[77.2630594,28.6822932],[77.2629587,28.6818853],[77.2628731,28.681636],[77.2627181,28.6817247],[77.2618655,28.6823],[77.2611038,28.6823783],[77.2605996,28.6824727],[77.2602839,28.6824565],[77.2600398,28.682309],[77.2597586,28.6822635],[77.2594119,28.6822538],[77.259184,28.6822899],[77.2589402,28.6823755],[77.2587254,28.682519],[77.25861,28.68265],[77.2584798,28.682917],[77.2574632,28.6832448],[77.2575012,28.6831583],[77.2574355,28.6829129],[77.2572054,28.6828977],[77.2571178,28.6831829],[77.2573524,28.6834416],[77.2571799,28.6836009],[77.256934,28.6836749],[77.256531,28.6836944],[77.2564069,28.6842675],[77.2560863,28.6841961],[77.256038,28.6841482],[77.2556824,28.6840171],[77.2553312,28.6839282],[77.2550645,28.6838188],[77.2549775,28.6841465],[77.2545414,28.6841106],[77.25391,28.68415],[77.25254,28.68432],[77.2520664,28.6843496],[77.25147,28.68394],[77.24983,28.68425],[77.2495,28.68428],[77.2487219,28.6843114],[77.24812,28.6844],[77.2473093,28.6844312],[77.24656,28.68445],[77.2458019,28.6844311],[77.245111,28.6843777],[77.24464,28.6843],[77.24392,28.68428],[77.24323,28.68441],[77.2428608,28.6844425],[77.2424603,28.6845493],[77.2412624,28.6847515],[77.24035,28.68497],[77.2393208,28.6852818],[77.2387999,28.6855199],[77.2308726,28.6856387],[77.2328592,28.6778819],[77.2334324,28.6760659],[77.2349277,28.6716649],[77.2351026,28.6712208],[77.2369064,28.6719098],[77.23716,28.672],[77.2390427,28.6727259],[77.23955,28.6729],[77.24033,28.6732],[77.24276,28.6741],[77.2430493,28.6741766],[77.2441082,28.6743374],[77.2448,28.67437],[77.24517,28.67436],[77.24592,28.67426],[77.24704,28.67408],[77.2526569,28.6731319],[77.2547107,28.6728172],[77.2555916,28.6726761],[77.2559507,28.6725965]]]},"properties":{"fill-opacity":0,"stroke-opacity":1,"stroke":"#ff0000","WNo_SEC":226,"AC_No":65,"AC_No_1":65,"AC_Name":"SEELAMPUR","Ward_No":226,"WardName":"GAUTAM PURI","TotalPop":51072,"SC_Pop":7144,"NW2022":"226, GAUTAM PURI"},"id":106},
{"type":"Feature","geometry":{"type":"Polygon","coordinates":[[[77.23093,28.7041132],[77.23073,28.7007],[77.2304594,28.6964331],[77.2304908,28.6948871],[77.2324488,28.6950026],[77.2336604,28.6950026],[77.2348583,28.6945022],[77.2417034,28.6909495],[77.2420457,28.6908994],[77.2421954,28.6911997],[77.242338,28.6920128],[77.242445,28.6927947],[77.2430511,28.693514],[77.244085,28.6944209],[77.2447267,28.6941394],[77.245725,28.6937329],[77.2459032,28.6931387],[77.2470084,28.6920754],[77.2474363,28.6916375],[77.2474363,28.6912935],[77.247258,28.6907305],[77.247258,28.6905429],[77.2489693,28.6901363],[77.2498249,28.689417],[77.2502528,28.688854],[77.2510728,28.6882911],[77.2527201,28.6873194],[77.2529188,28.6871746],[77.253471,28.6869114],[77.2536021,28.6868822],[77.2536292,28.6867485],[77.25437,28.6867371],[77.25411,28.6877171],[77.254,28.6882671],[77.25405,28.6891371],[77.2543443,28.6911247],[77.2550637,28.6909626],[77.2553487,28.6908665],[77.2558357,28.6906456],[77.2559008,28.690861],[77.2560102,28.6913454],[77.2560149,28.6915159],[77.25596790051773,28.69169609832417],[77.2560973,28.6917837],[77.256675,28.691551],[77.2566178,28.6913203],[77.256889,28.6914339],[77.2569906,28.6915236],[77.2574407,28.6910975],[77.2576419,28.6908314],[77.2580995,28.6910335],[77.2582244,28.6911353],[77.2583026,28.6913504],[77.2583913,28.6925077],[77.2587095,28.6923946],[77.2592277,28.6921084],[77.2590618,28.6919145],[77.2593205,28.6917569],[77.259222,28.6916392],[77.2596948,28.6914098],[77.2600974,28.6911771],[77.2606134,28.690922],[77.260934,28.6908028],[77.2614099,28.6906007],[77.26177,28.6904686],[77.2621779,28.6903604],[77.2627073,28.6902558],[77.2630539,28.6902068],[77.2636128,28.690104],[77.264138,28.6900438],[77.2641534,28.6908748],[77.2642632,28.6912744],[77.2637918,28.6913818],[77.2634985,28.6914107],[77.2633469,28.6913765],[77.2626819,28.6915103],[77.2618946,28.6917279],[77.2614596,28.6918675],[77.261026,28.6920434],[77.2607044,28.6922037],[77.2609564,28.6926801],[77.261162,28.693174],[77.2614976,28.6938192],[77.2608707,28.6940764],[77.2609662,28.6942766],[77.2612742,28.6948322],[77.2617815,28.6945575],[77.2621631,28.6943213],[77.2624446,28.6946679],[77.2624848,28.6947774],[77.2624456,28.6950879],[77.2625543,28.6954597],[77.2625118,28.6956963],[77.2621753,28.6963757],[77.2620759,28.6964457],[77.2615849,28.6966719],[77.2620222,28.69742],[77.2617744,28.6975096],[77.2622405,28.6980504],[77.2623622,28.6981647],[77.2620867,28.6983636],[77.2616771,28.6985871],[77.2617554,28.6986428],[77.2611165,28.6990631],[77.2607439,28.6993359],[77.2598225,28.6984969],[77.2587987,28.69732],[77.2583206,28.6976107],[77.2578222,28.6978376],[77.2585247,28.6988883],[77.258438,28.6991842],[77.2586382,28.6995283],[77.2587057,28.699827],[77.2589626,28.700154],[77.2596314,28.7006854],[77.2602087,28.701167],[77.2608158,28.7017502],[77.2609557,28.7019169],[77.2612446,28.7025185],[77.2615695,28.7028811],[77.2619426,28.7031639],[77.262094,28.7033422],[77.2622232,28.7035501],[77.2612946,28.7036227],[77.2596337,28.7036632],[77.2591881,28.7037442],[77.2569033,28.7044572],[77.2561742,28.7046435],[77.2544117,28.7051511],[77.2523527,28.705734],[77.2498846,28.7064831],[77.24133,28.70897],[77.2411405,28.7090275],[77.2333335,28.7113962],[77.2313899,28.7119589],[77.23093,28.7041132]]]},"properties":{"fill-opacity":0,"stroke-opacity":1,"stroke":"#ff0000","WNo_SEC":230,"AC_No":66,"AC_No_1":66,"AC_Name":"GHONDA","Ward_No":230,"WardName":"BHAJANPURA","TotalPop":57248,"SC_Pop":9295,"NW2022":"230, BHAJANPURA"},"id":107},
{"type":"Feature","geometry":{"type":"Polygon","coordinates":[[[77.2620222,28.69742],[77.2622364,28.6973755],[77.2623981,28.6972746],[77.2622562,28.6970706],[77.2628321,28.6967627],[77.2631278,28.6972088],[77.2632686,28.6970871],[77.2635478,28.6972098],[77.2635844,28.6972977],[77.2639049,28.6974904],[77.2642537,28.6976733],[77.2644906,28.6974891],[77.2646752,28.6972318],[77.2649209,28.6968063],[77.2650905,28.6965799],[77.2654845,28.696167],[77.26576,28.6965168],[77.2662771,28.6970909],[77.266648,28.697485],[77.266801,28.6976119],[77.2674478,28.6980314],[77.2670319,28.6984697],[77.2673081,28.6986244],[77.2677166,28.698117],[77.267975,28.6977464],[77.2683218,28.6979218],[77.2680081,28.6984141],[77.268034,28.6985549],[77.268643,28.6984711],[77.2688326,28.6983538],[77.2690125,28.698093],[77.2691403,28.6981213],[77.2695207,28.6978465],[77.2702012,28.6972903],[77.2699379,28.6970588],[77.2702135,28.696754],[77.2705162,28.6970382],[77.2709163,28.6967313],[77.2713971,28.6965766],[77.2715313,28.6969711],[77.2723044,28.696602],[77.2724996,28.6965229],[77.2726439,28.6966798],[77.2728677,28.6970688],[77.2736788,28.6966761],[77.2741227,28.6965122],[77.2741564,28.696521],[77.2749497,28.6964378],[77.2753001,28.6964519],[77.2753715,28.697047],[77.276683,28.6969961],[77.2768047,28.698116],[77.2774852,28.6980584],[77.2787314,28.6979396],[77.2805616,28.6977858],[77.2820486,28.6976302],[77.2826041,28.6975377],[77.2826707,28.6976851],[77.2829515,28.6981447],[77.2838702,28.6999704],[77.2843002,28.7006477],[77.2847242,28.700954],[77.2850658,28.7012367],[77.2851542,28.7015959],[77.2808666,28.7019905],[77.2790136,28.7021547],[77.276964,28.7023535],[77.2741911,28.7026425],[77.2722862,28.7027864],[77.2707093,28.7029454],[77.2698459,28.7029982],[77.2672418,28.7031574],[77.2645875,28.7033541],[77.263462,28.7034585],[77.2622232,28.7035501],[77.262094,28.7033422],[77.2619426,28.7031639],[77.2615695,28.7028811],[77.2612446,28.7025185],[77.2609557,28.7019169],[77.2608158,28.7017502],[77.2602087,28.701167],[77.2596314,28.7006854],[77.2589626,28.700154],[77.2587057,28.699827],[77.2586382,28.6995283],[77.258438,28.6991842],[77.2585247,28.6988883],[77.2578222,28.6978376],[77.2583206,28.6976107],[77.2587987,28.69732],[77.2598225,28.6984969],[77.2607439,28.6993359],[77.2611165,28.6990631],[77.2617554,28.6986428],[77.2616771,28.6985871],[77.2620867,28.6983636],[77.2623622,28.6981647],[77.2622405,28.6980504],[77.2617744,28.6975096],[77.2620222,28.69742]]]},"properties":{"fill-opacity":0,"stroke-opacity":1,"stroke":"#ff0000","WNo_SEC":232,"AC_No":66,"AC_No_1":66,"AC_Name":"GHONDA","Ward_No":232,"WardName":"YAMUNA VIHAR","TotalPop":53966,"SC_Pop":3791,"NW2022":"232, YAMUNA VIHAR"},"id":108},
{"type":"Feature","geometry":{"type":"Polygon","coordinates":[[[77.2600974,28.6911771],[77.2596639,28.6906679],[77.2596863,28.6905895],[77.2596421,28.6901328],[77.2594128,28.6901606],[77.2593696,28.6897534],[77.2592549,28.6897172],[77.2594041,28.6894258],[77.2594573,28.6891304],[77.2597571,28.6891319],[77.2597518,28.6887981],[77.2599727,28.6888073],[77.2601328,28.6887057],[77.2600321,28.6882021],[77.260361,28.6880472],[77.260785,28.6875541],[77.2613181,28.6870248],[77.261433,28.6869462],[77.2615452,28.6869453],[77.2617142,28.6870242],[77.2620619,28.6876561],[77.2623406,28.6880579],[77.2626797,28.6886641],[77.2633326,28.6884693],[77.2635853,28.6884521],[77.26410981876104,28.688456038594158],[77.2641433,28.6879369],[77.2641153,28.6877638],[77.2651275,28.6875317],[77.2654098,28.6874484],[77.2666692,28.6870208],[77.2673679,28.6868149],[77.2683596,28.686575],[77.2688704,28.6864316],[77.2693934,28.6863007],[77.2696959,28.6871454],[77.2699015,28.687858],[77.2699272,28.6881007],[77.2699003,28.6885422],[77.2698964,28.6894129],[77.2698802,28.6902],[77.2701115,28.690186],[77.2706735,28.6900451],[77.2708115,28.6908781],[77.2700001,28.6909824],[77.2699627,28.6902574],[77.2696569,28.6902902],[77.2694823,28.6905565],[77.2693469,28.6906657],[77.2686155,28.6909298],[77.2681257,28.691308],[77.2676949,28.6914133],[77.26732,28.69153],[77.26666,28.69182],[77.26601,28.69196],[77.2654391,28.6921103],[77.2658672,28.6931036],[77.2663142,28.693486],[77.2667434,28.693883],[77.2670994,28.6942412],[77.2668044,28.6945652],[77.2662396,28.6940525],[77.2657581,28.6946993],[77.2660833,28.6949919],[77.2663917,28.6951451],[77.2660766,28.695594],[77.2658662,28.6958185],[77.2654845,28.696167],[77.2650905,28.6965799],[77.2649209,28.6968063],[77.2646752,28.6972318],[77.2644906,28.6974891],[77.2642537,28.6976733],[77.2639049,28.6974904],[77.2635844,28.6972977],[77.2635478,28.6972098],[77.2632686,28.6970871],[77.2631278,28.6972088],[77.2628321,28.6967627],[77.2622562,28.6970706],[77.2623981,28.6972746],[77.2622364,28.6973755],[77.2620222,28.69742],[77.2615849,28.6966719],[77.2620759,28.6964457],[77.2621753,28.6963757],[77.2625118,28.6956963],[77.2625543,28.6954597],[77.2624456,28.6950879],[77.2624848,28.6947774],[77.2624446,28.6946679],[77.2621631,28.6943213],[77.2617815,28.6945575],[77.2612742,28.6948322],[77.2609662,28.6942766],[77.2608707,28.6940764],[77.2614976,28.6938192],[77.261162,28.693174],[77.2609564,28.6926801],[77.2607044,28.6922037],[77.261026,28.6920434],[77.2614596,28.6918675],[77.2618946,28.6917279],[77.2626819,28.6915103],[77.2633469,28.6913765],[77.2634985,28.6914107],[77.2637918,28.6913818],[77.2642632,28.6912744],[77.2641534,28.6908748],[77.264138,28.6900438],[77.2636128,28.690104],[77.2630539,28.6902068],[77.2627073,28.6902558],[77.2621779,28.6903604],[77.26177,28.6904686],[77.2614099,28.6906007],[77.260934,28.6908028],[77.2606134,28.690922],[77.2600974,28.6911771]]]},"properties":{"fill-opacity":0,"stroke-opacity":1,"stroke":"#ff0000","WNo_SEC":231,"AC_No":66,"AC_No_1":66,"AC_Name":"GHONDA","Ward_No":231,"WardName":"GHONDA","TotalPop":65273,"SC_Pop":10923,"NW2022":"231, GHONDA"},"id":109},
{"type":"Feature","geometry":{"type":"Polygon","coordinates":[[[77.2632202,28.6842547],[77.2633116,28.6844368],[77.2629386,28.6845892],[77.2631287,28.6847624],[77.263288,28.6849519],[77.2638837,28.6847662],[77.2641568,28.685557],[77.2644235,28.6861534],[77.2647832,28.6866801],[77.2653334,28.6872836],[77.2654098,28.6874484],[77.2651275,28.6875317],[77.2641153,28.6877638],[77.2641433,28.6879369],[77.26410981876104,28.688456038594158],[77.2635853,28.6884521],[77.2633326,28.6884693],[77.2626797,28.6886641],[77.2623406,28.6880579],[77.2620619,28.6876561],[77.2617142,28.6870242],[77.2615452,28.6869453],[77.261433,28.6869462],[77.2613181,28.6870248],[77.260785,28.6875541],[77.260361,28.6880472],[77.2600321,28.6882021],[77.2601328,28.6887057],[77.2599727,28.6888073],[77.2597518,28.6887981],[77.2597571,28.6891319],[77.2594573,28.6891304],[77.2594041,28.6894258],[77.2592549,28.6897172],[77.2593696,28.6897534],[77.2594128,28.6901606],[77.2596421,28.6901328],[77.2596863,28.6905895],[77.2596639,28.6906679],[77.2600974,28.6911771],[77.2596948,28.6914098],[77.259222,28.6916392],[77.2593205,28.6917569],[77.2590618,28.6919145],[77.2592277,28.6921084],[77.2587095,28.6923946],[77.2583913,28.6925077],[77.2583026,28.6913504],[77.2582244,28.6911353],[77.2580995,28.6910335],[77.2576419,28.6908314],[77.2574407,28.6910975],[77.2569906,28.6915236],[77.256889,28.6914339],[77.2566178,28.6913203],[77.256675,28.691551],[77.2560973,28.6917837],[77.25596790051773,28.69169609832417],[77.2560149,28.6915159],[77.2560102,28.6913454],[77.2559008,28.690861],[77.2558357,28.6906456],[77.2553487,28.6908665],[77.2550637,28.6909626],[77.2543443,28.6911247],[77.25405,28.6891371],[77.254,28.6882671],[77.25411,28.6877171],[77.25437,28.6867371],[77.2536292,28.6867485],[77.2536021,28.6868822],[77.253471,28.6869114],[77.2529188,28.6871746],[77.2527201,28.6873194],[77.2510728,28.6882911],[77.2502528,28.688854],[77.2498249,28.689417],[77.2489693,28.6901363],[77.247258,28.6905429],[77.247258,28.6907305],[77.2474363,28.6912935],[77.2474363,28.6916375],[77.2470084,28.6920754],[77.2459032,28.6931387],[77.245725,28.6937329],[77.2447267,28.6941394],[77.244085,28.6944209],[77.2430511,28.693514],[77.242445,28.6927947],[77.242338,28.6920128],[77.2421954,28.6911997],[77.2420457,28.6908994],[77.2417034,28.6909495],[77.2348583,28.6945022],[77.2336604,28.6950026],[77.2324488,28.6950026],[77.2304908,28.6948871],[77.2306323,28.6878866],[77.230592,28.6871968],[77.2306372,28.6865647],[77.2308726,28.6856387],[77.2387999,28.6855199],[77.2393208,28.6852818],[77.24035,28.68497],[77.2412624,28.6847515],[77.2424603,28.6845493],[77.2428608,28.6844425],[77.24323,28.68441],[77.24392,28.68428],[77.24464,28.6843],[77.245111,28.6843777],[77.2458019,28.6844311],[77.24656,28.68445],[77.2473093,28.6844312],[77.24812,28.6844],[77.2487219,28.6843114],[77.2495,28.68428],[77.24983,28.68425],[77.25147,28.68394],[77.2520664,28.6843496],[77.25254,28.68432],[77.25391,28.68415],[77.2545414,28.6841106],[77.2549775,28.6841465],[77.2550645,28.6838188],[77.2553312,28.6839282],[77.2556824,28.6840171],[77.256038,28.6841482],[77.2560863,28.6841961],[77.2564069,28.6842675],[77.256531,28.6836944],[77.256934,28.6836749],[77.2571799,28.6836009],[77.2573524,28.6834416],[77.2571178,28.6831829],[77.2572054,28.6828977],[77.2574355,28.6829129],[77.2575012,28.6831583],[77.2574632,28.6832448],[77.2584798,28.682917],[77.25861,28.68265],[77.2587254,28.682519],[77.2589402,28.6823755],[77.259184,28.6822899],[77.2594119,28.6822538],[77.2597586,28.6822635],[77.2600398,28.682309],[77.2602839,28.6824565],[77.2605996,28.6824727],[77.2611038,28.6823783],[77.2618655,28.6823],[77.2627181,28.6817247],[77.2628731,28.681636],[77.2629587,28.6818853],[77.2630594,28.6822932],[77.263046,28.6824179],[77.2617261,28.6834354],[77.2627639,28.6844422],[77.2630034,28.6843244],[77.2632202,28.6842547]]]},"properties":{"fill-opacity":0,"stroke-opacity":1,"stroke":"#ff0000","WNo_SEC":229,"AC_No":66,"AC_No_1":66,"AC_Name":"GHONDA","Ward_No":229,"WardName":"BRAHAM PURI","TotalPop":66203,"SC_Pop":7166,"NW2022":"229, BRAHAM PURI"},"id":110},
{"type":"Feature","geometry":{"type":"Polygon","coordinates":[[[77.2654845,28.696167],[77.2658662,28.6958185],[77.2660766,28.695594],[77.2663917,28.6951451],[77.2660833,28.6949919],[77.2657581,28.6946993],[77.2662396,28.6940525],[77.2668044,28.6945652],[77.2670994,28.6942412],[77.2667434,28.693883],[77.2663142,28.693486],[77.2658672,28.6931036],[77.2654391,28.6921103],[77.26601,28.69196],[77.26666,28.69182],[77.26732,28.69153],[77.2676949,28.6914133],[77.2681257,28.691308],[77.2686155,28.6909298],[77.2693469,28.6906657],[77.2694823,28.6905565],[77.2696569,28.6902902],[77.2699627,28.6902574],[77.2700001,28.6909824],[77.2708115,28.6908781],[77.2706735,28.6900451],[77.2715165,28.6898243],[77.2719984,28.6896626],[77.2720915,28.6904872],[77.2721603,28.6906379],[77.2723672,28.6907753],[77.2722338,28.6913078],[77.2721882,28.6917173],[77.2721944,28.6919228],[77.2722626,28.692325],[77.2722938,28.6927405],[77.2724344,28.6933114],[77.2725152,28.693514],[77.2727849,28.6940478],[77.2734405,28.6938181],[77.2736744,28.693722],[77.2737832,28.6939012],[77.2741472,28.6943658],[77.2745809,28.6940367],[77.2745184,28.6939703],[77.2745965,28.6938354],[77.2746145,28.6936378],[77.2746998,28.6936479],[77.2747108,28.6934184],[77.2750647,28.6934578],[77.2754449,28.6934529],[77.2754411,28.6938318],[77.2749867,28.6938075],[77.2749628,28.6942195],[77.2749332,28.6942587],[77.2752589,28.6944501],[77.275518,28.6945468],[77.2760728,28.6946778],[77.276442,28.694688],[77.2769332,28.6945512],[77.2767659,28.6953956],[77.276885,28.6954284],[77.2765279,28.6964381],[77.2766417,28.6965117],[77.2770206,28.6964864],[77.2771632,28.6964535],[77.2778506,28.696421],[77.2781793,28.6965162],[77.2789619,28.6964686],[77.2794531,28.6964001],[77.2799234,28.6963803],[77.2810161,28.6962805],[77.2814261,28.6962236],[77.2815521,28.6961737],[77.2818955,28.6961036],[77.2826041,28.6975377],[77.2820486,28.6976302],[77.2805616,28.6977858],[77.2787314,28.6979396],[77.2774852,28.6980584],[77.2768047,28.698116],[77.276683,28.6969961],[77.2753715,28.697047],[77.2753001,28.6964519],[77.2749497,28.6964378],[77.2741564,28.696521],[77.2741227,28.6965122],[77.2736788,28.6966761],[77.2728677,28.6970688],[77.2726439,28.6966798],[77.2724996,28.6965229],[77.2723044,28.696602],[77.2715313,28.6969711],[77.2713971,28.6965766],[77.2709163,28.6967313],[77.2705162,28.6970382],[77.2702135,28.696754],[77.2699379,28.6970588],[77.2702012,28.6972903],[77.2695207,28.6978465],[77.2691403,28.6981213],[77.2690125,28.698093],[77.2688326,28.6983538],[77.268643,28.6984711],[77.268034,28.6985549],[77.2680081,28.6984141],[77.2683218,28.6979218],[77.267975,28.6977464],[77.2677166,28.698117],[77.2673081,28.6986244],[77.2670319,28.6984697],[77.2674478,28.6980314],[77.266801,28.6976119],[77.266648,28.697485],[77.2662771,28.6970909],[77.26576,28.6965168],[77.2654845,28.696167]]]},"properties":{"fill-opacity":0,"stroke-opacity":1,"stroke":"#ff0000","WNo_SEC":233,"AC_No":67,"AC_No_1":67,"AC_Name":"BABARPUR","Ward_No":233,"WardName":"SUBHASH MOHALLA","TotalPop":57209,"SC_Pop":2236,"NW2022":"233, SUBHASH MOHALLA"},"id":111},
{"type":"Feature","geometry":{"type":"Polygon","coordinates":[[[77.2826041,28.6975377],[77.2818955,28.6961036],[77.2815521,28.6961737],[77.2814261,28.6962236],[77.2810161,28.6962805],[77.2799234,28.6963803],[77.2794531,28.6964001],[77.2789619,28.6964686],[77.2781793,28.6965162],[77.2778506,28.696421],[77.2771632,28.6964535],[77.2770206,28.6964864],[77.2766417,28.6965117],[77.2765279,28.6964381],[77.276885,28.6954284],[77.2767659,28.6953956],[77.2769332,28.6945512],[77.2774646,28.6943949],[77.2785941,28.6941299],[77.2790113,28.6939691],[77.2795281,28.6937139],[77.2805125,28.6933548],[77.2795925,28.6915989],[77.2791382,28.6907465],[77.2784355,28.6893138],[77.2765205,28.6856003],[77.2764414,28.6854158],[77.2768231,28.6854234],[77.2775502,28.6853705],[77.2791987,28.6852868],[77.2795792,28.6852862],[77.279629,28.6852215],[77.2795662,28.6840526],[77.2804334,28.6843032],[77.2809952,28.6844838],[77.2819635,28.6847781],[77.282455,28.6849057],[77.2824092,28.6849524],[77.2823764,28.6849463],[77.2816011,28.6858133],[77.2814635,28.6860703],[77.281046,28.6870337],[77.2809083,28.6871851],[77.2799862,28.6876071],[77.2795412,28.6879329],[77.2793164,28.6881898],[77.279243,28.6883182],[77.2789448,28.6889789],[77.2786668,28.6892705],[77.2789865,28.6898865],[77.2793152,28.6905766],[77.2794517,28.6907821],[77.2803705,28.6904391],[77.2810287,28.6902332],[77.2814418,28.6901328],[77.2819213,28.6900429],[77.2837053,28.6898258],[77.2837106,28.6898053],[77.2856168,28.6895671],[77.2856918,28.6899099],[77.2856047,28.6900914],[77.2852462,28.6906799],[77.2850374,28.690914],[77.2865192,28.6921546],[77.2868586,28.6924308],[77.2860087,28.6933256],[77.285276,28.6940548],[77.2849655,28.694408],[77.2848376,28.6946521],[77.2854844,28.6950106],[77.285729,28.6946556],[77.2858051,28.6946775],[77.2862277,28.6952143],[77.2865367,28.695675],[77.2866591,28.6957964],[77.2861034,28.6960899],[77.285907,28.6961772],[77.2856658,28.6957776],[77.2855209,28.695587],[77.285447,28.695647],[77.2848264,28.6960302],[77.2845668,28.6962924],[77.2845932,28.6963369],[77.2842408,28.6969704],[77.2836697,28.6973855],[77.2830943,28.6975974],[77.2826707,28.6976851],[77.2826041,28.6975377]]]},"properties":{"fill-opacity":0,"stroke-opacity":1,"stroke":"#ff0000","WNo_SEC":234,"AC_No":67,"AC_No_1":67,"AC_Name":"BABARPUR","Ward_No":234,"WardName":"KABIR NAGAR","TotalPop":54811,"SC_Pop":4070,"NW2022":"234, KABIR NAGAR"},"id":112},
{"type":"Feature","geometry":{"type":"MultiPolygon","coordinates":[[[[77.2889311,28.6820915],[77.2891483,28.6827569],[77.2892404,28.6829109],[77.2888784,28.6829339],[77.2887708,28.6829427],[77.2887115,28.6825368],[77.2886676,28.6824638],[77.2884424,28.6825499],[77.2880637,28.6825884],[77.2880108,28.6823378],[77.2889311,28.6820915]]],[[[77.2915799,28.7009169],[77.2897955,28.7011247],[77.2882453,28.7012863],[77.2875725,28.7013853],[77.2856199,28.7015634],[77.2851542,28.7015959],[77.2850658,28.7012367],[77.2847242,28.700954],[77.2843002,28.7006477],[77.2838702,28.6999704],[77.2829515,28.6981447],[77.2826707,28.6976851],[77.2830943,28.6975974],[77.2836697,28.6973855],[77.2842408,28.6969704],[77.2845932,28.6963369],[77.2845668,28.6962924],[77.2848264,28.6960302],[77.285447,28.695647],[77.2855209,28.695587],[77.2856658,28.6957776],[77.285907,28.6961772],[77.2861034,28.6960899],[77.2866591,28.6957964],[77.2865367,28.695675],[77.2862277,28.6952143],[77.2858051,28.6946775],[77.285729,28.6946556],[77.2854844,28.6950106],[77.2848376,28.6946521],[77.2849655,28.694408],[77.285276,28.6940548],[77.2860087,28.6933256],[77.2868586,28.6924308],[77.2865192,28.6921546],[77.2850374,28.690914],[77.2852462,28.6906799],[77.2856047,28.6900914],[77.2856918,28.6899099],[77.2856168,28.6895671],[77.2837106,28.6898053],[77.2837053,28.6898258],[77.2819213,28.6900429],[77.2814418,28.6901328],[77.2810287,28.6902332],[77.2803705,28.6904391],[77.2794517,28.6907821],[77.2793152,28.6905766],[77.2789865,28.6898865],[77.2786668,28.6892705],[77.2789448,28.6889789],[77.279243,28.6883182],[77.2793164,28.6881898],[77.2795412,28.6879329],[77.2799862,28.6876071],[77.2809083,28.6871851],[77.281046,28.6870337],[77.2814635,28.6860703],[77.2816011,28.6858133],[77.2823764,28.6849463],[77.2824092,28.6849524],[77.2825966,28.6849875],[77.2839766,28.6855328],[77.2845249,28.6857587],[77.2850506,28.6859407],[77.2860374,28.6860427],[77.2860651,28.686026],[77.2861868,28.6853819],[77.2863302,28.6848445],[77.2868395,28.6831367],[77.2868967,28.6830195],[77.2871008,28.6827521],[77.2874771,28.6829754],[77.2875834,28.6830149],[77.2875655,28.6832221],[77.2874695,28.6833212],[77.2874881,28.6836119],[77.2872139,28.6835686],[77.2869271,28.6845111],[77.2882054,28.6846384],[77.2888017,28.68465],[77.2888046,28.6845989],[77.2892863,28.6846225],[77.2895677,28.6846116],[77.2895575,28.6850733],[77.2893907,28.6863495],[77.2904787,28.6864509],[77.2920806,28.6865735],[77.2920691,28.6867092],[77.2919693,28.6889636],[77.29196,28.68933],[77.2918718,28.6916811],[77.2918207,28.693212],[77.2917284,28.6957319],[77.2916954,28.6975559],[77.2916921,28.6982189],[77.2916624,28.698707],[77.2915799,28.7009169]]]]},"properties":{"fill-opacity":0,"stroke-opacity":1,"stroke":"#ff0000","WNo_SEC":236,"AC_No":67,"AC_No_1":67,"AC_Name":"BABARPUR","Ward_No":236,"WardName":"KARDAM PURI","TotalPop":64940,"SC_Pop":4648,"NW2022":"236, KARDAM PURI"},"id":113},
{"type":"Feature","geometry":{"type":"MultiPolygon","coordinates":[[[[77.2863302,28.6848445],[77.2861868,28.6853819],[77.2860651,28.686026],[77.2860374,28.6860427],[77.2850506,28.6859407],[77.2845249,28.6857587],[77.2839766,28.6855328],[77.2825966,28.6849875],[77.2824092,28.6849524],[77.282455,28.6849057],[77.2819635,28.6847781],[77.2809952,28.6844838],[77.2804334,28.6843032],[77.2795662,28.6840526],[77.279629,28.6852215],[77.2795792,28.6852862],[77.2791987,28.6852868],[77.2775502,28.6853705],[77.2768231,28.6854234],[77.2764414,28.6854158],[77.2758072,28.683936],[77.2757443,28.6838041],[77.2752072,28.6826792],[77.2739165,28.6801318],[77.2731356,28.6786044],[77.2738119,28.678665],[77.2746517,28.6787573],[77.2747184,28.6782966],[77.275536,28.6784223],[77.2754602,28.6789516],[77.2757033,28.6789433],[77.27583961297086,28.678896127363185],[77.275908,28.6784892],[77.2763865,28.6785658],[77.2764569,28.6782719],[77.2767582,28.6784634],[77.2769756,28.6786618],[77.2777759,28.67913],[77.2780387,28.6789693],[77.2784098,28.6792754],[77.2787566,28.67959],[77.2784528,28.6798546],[77.2785973,28.6801399],[77.2788619,28.6807473],[77.2789954,28.6811688],[77.2791507,28.6815474],[77.2796287,28.6813917],[77.2802831,28.6812191],[77.2810039,28.6810114],[77.2815177,28.6809969],[77.2818968,28.6809616],[77.2826374,28.6808392],[77.2830382,28.6808352],[77.2829621,28.6810492],[77.2828935,28.6814065],[77.2832782,28.6816006],[77.2839405,28.6820577],[77.2845542,28.6826989],[77.2843671,28.682851],[77.2840038,28.6832014],[77.2834895,28.6837794],[77.2838813,28.6839237],[77.284978,28.6840828],[77.2857512,28.684252],[77.28610994399487,28.684343883597098],[77.285865,28.6847412],[77.2863302,28.6848445]]],[[[77.2888784,28.6829339],[77.2892404,28.6829109],[77.2891483,28.6827569],[77.2889311,28.6820915],[77.2898166,28.6818399],[77.2896937,28.6815956],[77.2901728,28.6813764],[77.2904038,28.681849],[77.290778,28.6815949],[77.2903989,28.681128],[77.29069,28.6809271],[77.2910202,28.6812433],[77.2913683,28.6809546],[77.2916286,28.6806662],[77.2923465,28.6809563],[77.2923615,28.681047],[77.2923055,28.6819376],[77.2922831,28.6826077],[77.292236,28.6831673],[77.2921797,28.6845119],[77.292145,28.6848988],[77.292118,28.6858164],[77.2920806,28.6865735],[77.2904787,28.6864509],[77.2893907,28.6863495],[77.2895575,28.6850733],[77.2895677,28.6846116],[77.2892863,28.6846225],[77.2888046,28.6845989],[77.2888017,28.68465],[77.2882054,28.6846384],[77.2869271,28.6845111],[77.2872139,28.6835686],[77.2874881,28.6836119],[77.2874695,28.6833212],[77.2875655,28.6832221],[77.2875834,28.6830149],[77.2883202,28.6831042],[77.2884065,28.6832553],[77.2888675,28.6832741],[77.2888784,28.6829339]]]]},"properties":{"fill-opacity":0,"stroke-opacity":1,"stroke":"#ff0000","WNo_SEC":235,"AC_No":67,"AC_No_1":67,"AC_Name":"BABARPUR","Ward_No":235,"WardName":"GORAKH PARK","TotalPop":63353,"SC_Pop":3295,"NW2022":"235, GORAKH PARK"},"id":114},
{"type":"Feature","geometry":{"type":"Polygon","coordinates":[[[77.3155354,28.697396],[77.3162607,28.6973835],[77.3168196,28.6974082],[77.31758,28.69755],[77.31827,28.6977],[77.31941,28.69808],[77.3200005,28.6982342],[77.32108,28.69847],[77.32175,28.69858],[77.3222633,28.6986258],[77.32271,28.69865],[77.3234554,28.6986496],[77.3237257,28.6990087],[77.3244172,28.699707],[77.3245142,28.6998243],[77.3247725,28.700034],[77.3249464,28.7003969],[77.3251787,28.7003129],[77.3253218,28.7006029],[77.325279,28.7006251],[77.3255538,28.701189],[77.3252995,28.7012994],[77.3254833,28.7016401],[77.3259056,28.7024896],[77.3259514,28.7027912],[77.3259049,28.7031373],[77.3259077,28.7037572],[77.325777,28.7043378],[77.3256662,28.7044062],[77.3258145,28.7045769],[77.3255112,28.7048196],[77.3254194,28.7047401],[77.3250362,28.7047079],[77.3250249,28.7051108],[77.3246764,28.7054519],[77.32453,28.7055518],[77.3245198,28.7056976],[77.3244504,28.7058095],[77.3245945,28.7059851],[77.3245154,28.7061137],[77.3245078,28.7062604],[77.3247112,28.7063873],[77.3250938,28.7067317],[77.3252167,28.7069002],[77.324655,28.7071522],[77.3248201,28.7075767],[77.3249748,28.7078987],[77.3252616,28.7083175],[77.3253924,28.7086417],[77.3254565,28.7088712],[77.325879,28.7093465],[77.326584,28.7100762],[77.3270542,28.7105092],[77.3276208,28.7109569],[77.3281345,28.7113406],[77.3287774,28.7117316],[77.3304969,28.7126785],[77.3307699,28.7128423],[77.3313518,28.7131119],[77.3313396,28.7132834],[77.3305106,28.7132977],[77.3289158,28.7131122],[77.3281343,28.7131328],[77.3276863,28.713233],[77.3274057,28.7133415],[77.3270948,28.7134159],[77.3269823,28.7134137],[77.3264745,28.71327],[77.3262666,28.7131587],[77.3245279,28.7130605],[77.3242798,28.7128243],[77.3229568,28.7136517],[77.3222365,28.7127998],[77.3218038,28.7123308],[77.3210108,28.7128546],[77.3199692,28.7131243],[77.3179446,28.7138919],[77.317327,28.7141447],[77.3169065,28.7136885],[77.3163323,28.7131455],[77.3155032,28.7122124],[77.3152944,28.712045],[77.3144415,28.7111121],[77.3131187,28.7098937],[77.3126975,28.7095456],[77.3117404,28.708677],[77.3113817,28.7084247],[77.3104139,28.7078955],[77.3101969,28.7077572],[77.3099962,28.7075474],[77.3095262,28.7068791],[77.3080015,28.7047695],[77.3073888,28.7034328],[77.3069363,28.7024825],[77.3065004,28.7017517],[77.3059698,28.7009774],[77.305379,28.7001773],[77.3047563,28.6994065],[77.3045786,28.6991474],[77.3057083,28.6989902],[77.3083917,28.6986601],[77.3093024,28.6984824],[77.3122,28.69795],[77.31512,28.69742],[77.3155354,28.697396]]]},"properties":{"fill-opacity":0,"stroke-opacity":1,"stroke":"#ff0000","WNo_SEC":237,"AC_No":68,"AC_No_1":68,"AC_Name":"GOKALPUR","Ward_No":237,"WardName":"HARSH VIHAR","TotalPop":78698,"SC_Pop":31746,"NW2022":"237, HARSH VIHAR"},"id":115},
{"type":"Feature","geometry":{"type":"Polygon","coordinates":[[[77.3045786,28.6991474],[77.3047563,28.6994065],[77.305379,28.7001773],[77.3059698,28.7009774],[77.3065004,28.7017517],[77.3069363,28.7024825],[77.3073888,28.7034328],[77.3080015,28.7047695],[77.3095262,28.7068791],[77.3099962,28.7075474],[77.3101969,28.7077572],[77.3104139,28.7078955],[77.3113817,28.7084247],[77.3117404,28.708677],[77.3126975,28.7095456],[77.3131187,28.7098937],[77.3144415,28.7111121],[77.3152944,28.712045],[77.3155032,28.7122124],[77.3163323,28.7131455],[77.3169065,28.7136885],[77.317327,28.7141447],[77.317426,28.7142355],[77.3165161,28.7148727],[77.3159382,28.7152601],[77.3155109,28.7155148],[77.3150261,28.7148512],[77.314767,28.7149963],[77.3142678,28.7145238],[77.3139939,28.7147578],[77.3133608,28.7142912],[77.3126539,28.713235],[77.3115578,28.7137723],[77.3113208,28.7134233],[77.3101437,28.714066],[77.3096003,28.7133565],[77.3089877,28.7136771],[77.3086972,28.713303],[77.308265,28.7135124],[77.3080146,28.7131352],[77.3069119,28.7137554],[77.3065045,28.7139539],[77.3061663,28.714149],[77.3059946,28.7138529],[77.3057962,28.7140001],[77.3055212,28.7137305],[77.3049672,28.713284],[77.3043005,28.7125821],[77.3038391,28.7120432],[77.3033748,28.7114366],[77.3031701,28.7115324],[77.302281,28.7118372],[77.3022195,28.7110094],[77.3020369,28.710907],[77.3016568,28.7107588],[77.3012253,28.7105685],[77.3006542,28.7103798],[77.299671,28.7101481],[77.2985007,28.7101952],[77.2986846,28.7099858],[77.2983042,28.7097531],[77.298705,28.7093013],[77.2991068,28.7088268],[77.2990642,28.7085124],[77.2987707,28.7081665],[77.2985434,28.7074875],[77.2983591,28.7070698],[77.2982405,28.7071079],[77.2971402,28.7050375],[77.2968911,28.7040579],[77.2966948,28.7036723],[77.2965647,28.7037009],[77.2962322,28.7030656],[77.2964639,28.70297],[77.296202,28.7022863],[77.2963953,28.7022792],[77.2968756,28.7021759],[77.2982134,28.7018601],[77.2990885,28.7016377],[77.2997133,28.7015268],[77.2999626,28.7015002],[77.2998191,28.700756],[77.2997665,28.7007337],[77.2996428,28.6999768],[77.2996314,28.6997608],[77.3008391,28.6995854],[77.3018255,28.6994703],[77.3045786,28.6991474]]]},"properties":{"fill-opacity":0,"stroke-opacity":1,"stroke":"#ff0000","WNo_SEC":238,"AC_No":68,"AC_No_1":68,"AC_Name":"GOKALPUR","Ward_No":238,"WardName":"SABOLI","TotalPop":71019,"SC_Pop":22218,"NW2022":"238, SABOLI"},"id":116},
{"type":"Feature","geometry":{"type":"Polygon","coordinates":[[[77.2996314,28.6997608],[77.2996428,28.6999768],[77.2997665,28.7007337],[77.2998191,28.700756],[77.2999626,28.7015002],[77.2997133,28.7015268],[77.2990885,28.7016377],[77.2982134,28.7018601],[77.2968756,28.7021759],[77.2963953,28.7022792],[77.296202,28.7022863],[77.2964639,28.70297],[77.2962322,28.7030656],[77.2965647,28.7037009],[77.2966948,28.7036723],[77.2968911,28.7040579],[77.2971402,28.7050375],[77.2970987,28.7050204],[77.2958147,28.7056152],[77.2955572,28.7052564],[77.2952647,28.7048839],[77.2950236,28.7050494],[77.294348,28.7055711],[77.2942303,28.7054133],[77.2940918,28.7054546],[77.2936179,28.705489],[77.2930391,28.7055496],[77.2930631,28.7056997],[77.292301,28.7058745],[77.2915768,28.7061995],[77.2914049,28.7062539],[77.2914138,28.706475],[77.2909271,28.7066523],[77.2904688,28.706898],[77.2905575,28.7070583],[77.2903505,28.707208],[77.2903942,28.7072621],[77.2897436,28.7076832],[77.2899382,28.7079407],[77.2895041,28.7081479],[77.2895718,28.7082786],[77.2889979,28.7086846],[77.2890719,28.7088434],[77.2886663,28.7096097],[77.2880188,28.7095074],[77.2878983,28.7097718],[77.2862204,28.709545],[77.2859937,28.7096261],[77.2853131,28.7095182],[77.2831384,28.7091488],[77.2822412,28.7090287],[77.2813428,28.7088947],[77.2807063,28.7087845],[77.2800048,28.70866],[77.2780664,28.7083401],[77.2766932,28.7080978],[77.2766315,28.7080777],[77.2766688,28.7078007],[77.2766181,28.7076448],[77.2763005,28.7072506],[77.2753456,28.7059987],[77.2752827,28.7058663],[77.2749939,28.7051208],[77.2746883,28.7042457],[77.2745172,28.7036851],[77.2742794,28.7030029],[77.2741911,28.7026425],[77.276964,28.7023535],[77.2790136,28.7021547],[77.2808666,28.7019905],[77.2851542,28.7015959],[77.2856199,28.7015634],[77.2875725,28.7013853],[77.2882453,28.7012863],[77.2897955,28.7011247],[77.2915799,28.7009169],[77.2950847,28.7005172],[77.296698,28.7002239],[77.2992344,28.6998184],[77.2996314,28.6997608]]]},"properties":{"fill-opacity":0,"stroke-opacity":1,"stroke":"#ff0000","WNo_SEC":239,"AC_No":68,"AC_No_1":68,"AC_Name":"GOKALPUR","Ward_No":239,"WardName":"GOKAL PURI","TotalPop":73943,"SC_Pop":33590,"NW2022":"239, GOKAL PURI"},"id":117},
{"type":"Feature","geometry":{"type":"Polygon","coordinates":[[[77.2878983,28.7097718],[77.2878528,28.7099784],[77.2879944,28.710587],[77.2877548,28.7106293],[77.2878273,28.7109526],[77.2879393,28.7113395],[77.2880156,28.7116824],[77.2875737,28.711888],[77.2873056,28.7119903],[77.2873544,28.7120824],[77.2873247,28.7122299],[77.2875123,28.7125604],[77.2881039,28.7122769],[77.2883764,28.7121327],[77.2884445,28.7121432],[77.2888551,28.7127807],[77.288929,28.7129965],[77.288307,28.7132947],[77.2884156,28.7134396],[77.2885986,28.7135636],[77.2885525,28.7137429],[77.2884068,28.7140584],[77.2883657,28.7142058],[77.288244,28.7149826],[77.2886511,28.7151688],[77.2885803,28.7158967],[77.2885832,28.7159796],[77.2892852,28.7164519],[77.2894226,28.7165154],[77.2897218,28.716578],[77.2896731,28.7172532],[77.2895849,28.7190172],[77.2895395,28.7200231],[77.2896914,28.7200562],[77.2897575,28.720215],[77.2900263,28.7206209],[77.290286,28.7210633],[77.2904333,28.7210146],[77.2905562,28.7212388],[77.2902854,28.7212595],[77.2903044,28.7215095],[77.2906087,28.7214834],[77.2908377,28.7218073],[77.2909446,28.7219971],[77.2910688,28.7221407],[77.2908589,28.7222635],[77.2908894,28.7223176],[77.2906163,28.7224852],[77.290817,28.7227701],[77.2904112,28.7229769],[77.2901221,28.7231454],[77.2898333,28.7231602],[77.2898176,28.7234446],[77.2891529,28.7234215],[77.2891394,28.7235314],[77.2881185,28.7241099],[77.2881722,28.7242361],[77.2877233,28.7243919],[77.2877439,28.7244517],[77.2870937,28.7247064],[77.2870567,28.7246431],[77.2869822,28.7245157],[77.2854565,28.7221276],[77.284613,28.7207439],[77.283798,28.7194693],[77.2834,28.7189291],[77.2826323,28.7181852],[77.2816941,28.7174649],[77.2809928,28.7167968],[77.2806436,28.7165016],[77.2803535,28.7169016],[77.2796651,28.7179553],[77.2792961,28.7186129],[77.2789216,28.7184649],[77.2787701,28.7186074],[77.2786948,28.7183574],[77.2786039,28.7178612],[77.2784483,28.7171522],[77.2783353,28.7167445],[77.2782256,28.7164795],[77.2781072,28.7162859],[77.2779992,28.7160111],[77.2779616,28.7158315],[77.2778892,28.7148876],[77.277901,28.7132546],[77.2778784,28.7129979],[77.2777919,28.7128101],[77.2776849,28.7124369],[77.2775701,28.7121122],[77.2774374,28.711661],[77.2771869,28.7108824],[77.2775148,28.7107515],[77.2779118,28.7106208],[77.2785273,28.710446],[77.2790551,28.7103321],[77.2790888,28.7101905],[77.2790226,28.7099832],[77.2799295,28.7097404],[77.28012,28.7096499],[77.2800245,28.7095074],[77.2800471,28.7093028],[77.280707,28.7093921],[77.2807261,28.7089948],[77.2807063,28.7087845],[77.2813428,28.7088947],[77.2822412,28.7090287],[77.2831384,28.7091488],[77.2853131,28.7095182],[77.2859937,28.7096261],[77.2862204,28.709545],[77.2878983,28.7097718]]]},"properties":{"fill-opacity":0,"stroke-opacity":1,"stroke":"#ff0000","WNo_SEC":240,"AC_No":68,"AC_No_1":68,"AC_Name":"GOKALPUR","Ward_No":240,"WardName":"JOHARIPUR","TotalPop":71269,"SC_Pop":21411,"NW2022":"240, JOHARIPUR"},"id":118},
{"type":"Feature","geometry":{"type":"Polygon","coordinates":[[[77.2870567,28.7246431],[77.2868162,28.7247164],[77.2865077,28.7248678],[77.2863469,28.7250319],[77.2865614,28.7252575],[77.2863674,28.7252558],[77.2863468,28.7256528],[77.2861034,28.7256422],[77.2860694,28.7259027],[77.2859381,28.7258947],[77.2859232,28.7261077],[77.2850649,28.7271097],[77.2857646,28.7271504],[77.2857529,28.7273598],[77.2854417,28.727346],[77.2853784,28.7275651],[77.2846673,28.7275429],[77.2845778,28.7276112],[77.2840923,28.7281225],[77.2838082,28.7284444],[77.2835949,28.7286108],[77.2835602,28.7292202],[77.2830149,28.7291973],[77.2829354,28.7295127],[77.2829236,28.7298436],[77.2822776,28.7300168],[77.282051,28.7303621],[77.2821341,28.7306171],[77.2816781,28.7309428],[77.2814038,28.7310714],[77.2810161,28.7314927],[77.2806603,28.7318564],[77.2802008,28.7322881],[77.2802821,28.7326234],[77.2804718,28.7330709],[77.2797272,28.7335582],[77.2786673,28.7342783],[77.2785622,28.7341431],[77.2784095,28.7340698],[77.2779759,28.7343091],[77.2779644,28.7342305],[77.2775929,28.7342008],[77.2775705,28.7339972],[77.2775665,28.7330993],[77.2775269,28.7308343],[77.2774891,28.7302817],[77.2774395,28.7297981],[77.2774273,28.7294963],[77.2774386,28.7290009],[77.2774223,28.7283083],[77.2766815,28.7283267],[77.2751676,28.7283432],[77.2742016,28.7283637],[77.2735984,28.7283431],[77.2762917,28.7239259],[77.2782518,28.7206366],[77.2788157,28.7195038],[77.2788733,28.7193662],[77.2792961,28.7186129],[77.2796651,28.7179553],[77.2803535,28.7169016],[77.2806436,28.7165016],[77.2809928,28.7167968],[77.2816941,28.7174649],[77.2826323,28.7181852],[77.2834,28.7189291],[77.283798,28.7194693],[77.284613,28.7207439],[77.2854565,28.7221276],[77.2869822,28.7245157],[77.2870567,28.7246431]]]},"properties":{"fill-opacity":0,"stroke-opacity":1,"stroke":"#ff0000","WNo_SEC":241,"AC_No":69,"AC_No_1":69,"AC_Name":"MUSTAFABAD","Ward_No":241,"WardName":"KARAWAL NAGAR-EAST","TotalPop":65474,"SC_Pop":14352,"NW2022":"241, KARAWAL NAGAR-EAST"},"id":119},
{"type":"Feature","geometry":{"type":"Polygon","coordinates":[[[77.2792961,28.7186129],[77.2788733,28.7193662],[77.2788157,28.7195038],[77.2782518,28.7206366],[77.2762917,28.7239259],[77.2735984,28.7283431],[77.2742016,28.7283637],[77.2751676,28.7283432],[77.2766815,28.7283267],[77.2774223,28.7283083],[77.2774386,28.7290009],[77.2774273,28.7294963],[77.2774395,28.7297981],[77.2774891,28.7302817],[77.2775269,28.7308343],[77.2775665,28.7330993],[77.2775705,28.7339972],[77.2775929,28.7342008],[77.2779644,28.7342305],[77.2779759,28.7343091],[77.2784095,28.7340698],[77.2785622,28.7341431],[77.2786673,28.7342783],[77.2779733,28.7347435],[77.2770925,28.7352892],[77.2762589,28.7344412],[77.2755895,28.7338772],[77.2749094,28.7333251],[77.2742999,28.7327206],[77.2727926,28.7307302],[77.2720647,28.7298027],[77.2719737,28.7297544],[77.2719574,28.7289686],[77.2719402,28.7286531],[77.2718947,28.7270228],[77.271601,28.7264325],[77.2711936,28.7256567],[77.2711803,28.7256087],[77.2707937,28.7257841],[77.2704728,28.7259537],[77.2698342,28.7263292],[77.2694473,28.7265359],[77.2691163,28.7259351],[77.2685872,28.7250214],[77.2683633,28.7245957],[77.2681137,28.7240091],[77.2678425,28.7232316],[77.2676088,28.7227154],[77.2674351,28.7223217],[77.2672091,28.7219237],[77.2670095,28.7215225],[77.2665452,28.7207258],[77.266172,28.7201276],[77.2660263,28.7198431],[77.2657321,28.7191108],[77.2674064,28.7183762],[77.2695611,28.7174174],[77.2697319,28.7177535],[77.269746,28.7179641],[77.2699009,28.7179578],[77.2699394,28.7184423],[77.26912,28.7184714],[77.2690704,28.7185096],[77.2690801,28.7195652],[77.2701927,28.7195225],[77.2708909,28.7195391],[77.2719028,28.7195182],[77.2722072,28.7195015],[77.2733224,28.7194841],[77.2737547,28.7194877],[77.2737219,28.7187023],[77.2737077,28.7179887],[77.2737179,28.7177501],[77.2736891,28.7170595],[77.2744376,28.7170305],[77.2744488,28.7170745],[77.275044,28.7169422],[77.2752279,28.7169496],[77.2752226,28.7166614],[77.2764046,28.7166452],[77.2764248,28.7171947],[77.2764159,28.7175619],[77.2774044,28.717563],[77.2774021,28.7167334],[77.2782257,28.7167086],[77.2783353,28.7167445],[77.2784483,28.7171522],[77.2786039,28.7178612],[77.2786948,28.7183574],[77.2787701,28.7186074],[77.2789216,28.7184649],[77.2792961,28.7186129]]]},"properties":{"fill-opacity":0,"stroke-opacity":1,"stroke":"#ff0000","WNo_SEC":242,"AC_No":69,"AC_No_1":69,"AC_Name":"MUSTAFABAD","Ward_No":242,"WardName":"DAYALPUR","TotalPop":54188,"SC_Pop":11316,"NW2022":"242, DAYALPUR"},"id":120},
{"type":"Feature","geometry":{"type":"Polygon","coordinates":[[[77.2807063,28.7087845],[77.2807261,28.7089948],[77.280707,28.7093921],[77.2800471,28.7093028],[77.2800245,28.7095074],[77.28012,28.7096499],[77.2799295,28.7097404],[77.2790226,28.7099832],[77.2790888,28.7101905],[77.2790551,28.7103321],[77.2785273,28.710446],[77.2779118,28.7106208],[77.2775148,28.7107515],[77.2771869,28.7108824],[77.2774374,28.711661],[77.2775701,28.7121122],[77.2776849,28.7124369],[77.2777919,28.7128101],[77.2778784,28.7129979],[77.277901,28.7132546],[77.2778892,28.7148876],[77.2779616,28.7158315],[77.2779992,28.7160111],[77.2781072,28.7162859],[77.2782256,28.7164795],[77.2783353,28.7167445],[77.2782257,28.7167086],[77.2774021,28.7167334],[77.2774044,28.717563],[77.2764159,28.7175619],[77.2764248,28.7171947],[77.2764046,28.7166452],[77.2752226,28.7166614],[77.2752279,28.7169496],[77.275044,28.7169422],[77.2744488,28.7170745],[77.2744376,28.7170305],[77.2736891,28.7170595],[77.2735811,28.7162121],[77.2734126,28.7157887],[77.2723963,28.7161171],[77.2722327,28.7158706],[77.2719142,28.7154563],[77.2735422,28.7146338],[77.2744685,28.7141764],[77.2742454,28.7138736],[77.2738091,28.7133585],[77.2733419,28.7129067],[77.2730419,28.7126907],[77.2723426,28.7120987],[77.2721643,28.7119899],[77.2722074,28.7119587],[77.2727266,28.7113458],[77.2729619,28.7110863],[77.273144,28.7109217],[77.2736078,28.7104039],[77.2741409,28.709781],[77.2744322,28.7094732],[77.2743042,28.7090753],[77.2747355,28.7090228],[77.27592,28.7088172],[77.276529,28.7087414],[77.27656,28.7083402],[77.2766315,28.7080777],[77.2766932,28.7080978],[77.2780664,28.7083401],[77.2800048,28.70866],[77.2807063,28.7087845]]]},"properties":{"fill-opacity":0,"stroke-opacity":1,"stroke":"#ff0000","WNo_SEC":243,"AC_No":69,"AC_No_1":69,"AC_Name":"MUSTAFABAD","Ward_No":243,"WardName":"MUSTAFABAD","TotalPop":55586,"SC_Pop":385,"NW2022":"243, MUSTAFABAD"},"id":121},
{"type":"Feature","geometry":{"type":"Polygon","coordinates":[[[77.2741911,28.7026425],[77.2742794,28.7030029],[77.2745172,28.7036851],[77.2746883,28.7042457],[77.2749939,28.7051208],[77.2752827,28.7058663],[77.2753456,28.7059987],[77.2763005,28.7072506],[77.2766181,28.7076448],[77.2766688,28.7078007],[77.2766315,28.7080777],[77.27656,28.7083402],[77.276529,28.7087414],[77.27592,28.7088172],[77.2747355,28.7090228],[77.2743042,28.7090753],[77.2744322,28.7094732],[77.2741409,28.709781],[77.2736078,28.7104039],[77.273144,28.7109217],[77.2729619,28.7110863],[77.2727266,28.7113458],[77.2722074,28.7119587],[77.2721643,28.7119899],[77.2717107,28.7117229],[77.2707178,28.7110885],[77.2700985,28.7106627],[77.2696033,28.7103029],[77.2689209,28.7098283],[77.2672081,28.7086123],[77.2669414,28.70844],[77.2660253,28.7077703],[77.2659036,28.707899],[77.2656631,28.7077363],[77.2647944,28.7070948],[77.2641401,28.7066587],[77.2638327,28.7064339],[77.2637471,28.7064027],[77.2640098,28.7061061],[77.2641038,28.7058794],[77.2663073,28.7062289],[77.2708414,28.7069952],[77.2708439,28.7068577],[77.2706346,28.7060993],[77.2705298,28.7058124],[77.2702703,28.7049816],[77.270219,28.7046885],[77.2699956,28.7040148],[77.2700811,28.7039426],[77.2698465,28.7030772],[77.2698459,28.7029982],[77.2707093,28.7029454],[77.2722862,28.7027864],[77.2741911,28.7026425]]]},"properties":{"fill-opacity":0,"stroke-opacity":1,"stroke":"#ff0000","WNo_SEC":245,"AC_No":69,"AC_No_1":69,"AC_Name":"MUSTAFABAD","Ward_No":245,"WardName":"BRIJ PURI","TotalPop":63040,"SC_Pop":4075,"NW2022":"245, BRIJ PURI"},"id":122},
{"type":"Feature","geometry":{"type":"Polygon","coordinates":[[[77.2770925,28.7352892],[77.2764428,28.7356306],[77.2760642,28.735843],[77.2756451,28.7359948],[77.2751788,28.7361864],[77.2743702,28.7363563],[77.2739097,28.7364709],[77.2736439,28.7360448],[77.2733796,28.735567],[77.2730052,28.7356076],[77.2719697,28.7357494],[77.2718954,28.7355851],[77.2714509,28.7354738],[77.2705555,28.7351866],[77.2702003,28.7351617],[77.2700021,28.735111],[77.2694731,28.7350312],[77.2694684,28.7351135],[77.2689202,28.7350255],[77.2682462,28.7350216],[77.2682461,28.7348539],[77.2668936,28.7347922],[77.2666576,28.7349012],[77.2657009,28.7347492],[77.2646082,28.7346166],[77.2640747,28.7347955],[77.2630855,28.7348445],[77.2630598,28.7349682],[77.2621487,28.7348451],[77.2610977,28.7347318],[77.2609426,28.7346979],[77.2604729,28.7347319],[77.2604018,28.7342687],[77.2603137,28.7336105],[77.2599882,28.7312812],[77.2596506,28.7291581],[77.2590976,28.7252998],[77.2597139,28.7252224],[77.2597026,28.7250394],[77.2600871,28.7250227],[77.2605584,28.7250329],[77.2613596,28.7250156],[77.2620067,28.7250156],[77.262862,28.7250031],[77.2628557,28.7246027],[77.262881,28.7239184],[77.2628293,28.7227892],[77.2640224,28.7227848],[77.2642986,28.7227768],[77.2643282,28.7230315],[77.2662407,28.7230081],[77.266499,28.72296],[77.2676088,28.7227154],[77.2678425,28.7232316],[77.2681137,28.7240091],[77.2683633,28.7245957],[77.2685872,28.7250214],[77.2691163,28.7259351],[77.2694473,28.7265359],[77.2698342,28.7263292],[77.2704728,28.7259537],[77.2707937,28.7257841],[77.2711803,28.7256087],[77.2711936,28.7256567],[77.271601,28.7264325],[77.2718947,28.7270228],[77.2719402,28.7286531],[77.2719574,28.7289686],[77.2719737,28.7297544],[77.2720647,28.7298027],[77.2727926,28.7307302],[77.2742999,28.7327206],[77.2749094,28.7333251],[77.2755895,28.7338772],[77.2762589,28.7344412],[77.2770925,28.7352892]]]},"properties":{"fill-opacity":0,"stroke-opacity":1,"stroke":"#ff0000","WNo_SEC":248,"AC_No":70,"AC_No_1":70,"AC_Name":"KARAWAL NAGAR","Ward_No":248,"WardName":"KARAWAL NAGAR-WEST","TotalPop":69926,"SC_Pop":8413,"NW2022":"248, KARAWAL NAGAR-WEST"},"id":123},
{"type":"Feature","geometry":{"type":"Polygon","coordinates":[[[77.2676088,28.7227154],[77.266499,28.72296],[77.2662407,28.7230081],[77.2643282,28.7230315],[77.2642986,28.7227768],[77.2640224,28.7227848],[77.2628293,28.7227892],[77.262881,28.7239184],[77.2628557,28.7246027],[77.262862,28.7250031],[77.2620067,28.7250156],[77.2613596,28.7250156],[77.2605584,28.7250329],[77.2600871,28.7250227],[77.2597026,28.7250394],[77.2597139,28.7252224],[77.2590976,28.7252998],[77.2587606,28.7228823],[77.2585127,28.7211449],[77.2584515,28.7209635],[77.2583123,28.7200425],[77.2578831,28.7170037],[77.2576017,28.7149233],[77.2575278,28.7143056],[77.2572754,28.7125031],[77.2570695,28.7111013],[77.2570235,28.7107233],[77.2584511,28.7105892],[77.2584753,28.7109688],[77.2585192,28.7111565],[77.2586338,28.7112281],[77.2587598,28.7115761],[77.259172,28.7114644],[77.2595723,28.7113352],[77.2592135,28.7105037],[77.2593839,28.7104227],[77.2603654,28.7100159],[77.2600047,28.7095554],[77.2602993,28.7094114],[77.2606648,28.7093148],[77.2611326,28.7092459],[77.2611879,28.7090199],[77.2611947,28.7086926],[77.2610825,28.707918],[77.2609251,28.7073593],[77.2606496,28.7065874],[77.2604539,28.706118],[77.2599562,28.7051306],[77.260083,28.70517],[77.2603722,28.7053532],[77.2615947,28.705553],[77.2621927,28.7055661],[77.2634416,28.7057592],[77.2641038,28.7058794],[77.2640098,28.7061061],[77.2637471,28.7064027],[77.2635175,28.7067205],[77.2634396,28.7068805],[77.2632367,28.7071392],[77.2628519,28.7075564],[77.2625603,28.7079065],[77.262409,28.7081198],[77.2621224,28.7085914],[77.262013,28.7088531],[77.2620058,28.7089499],[77.2620871,28.7094821],[77.2621427,28.7101869],[77.2621379,28.7104882],[77.2620911,28.711152],[77.262049,28.7114542],[77.2618442,28.711985],[77.2626155,28.7126276],[77.2628809,28.7128659],[77.2630882,28.7130898],[77.2632625,28.7133701],[77.263435,28.7136998],[77.2637227,28.7146915],[77.2638637,28.7150526],[77.2641637,28.715683],[77.2642435,28.7158919],[77.2646962,28.716928],[77.2650088,28.7174944],[77.2655137,28.7182311],[77.2656417,28.718472],[77.2657103,28.7187311],[77.2657321,28.7191108],[77.2660263,28.7198431],[77.266172,28.7201276],[77.2665452,28.7207258],[77.2670095,28.7215225],[77.2672091,28.7219237],[77.2674351,28.7223217],[77.2676088,28.7227154]]]},"properties":{"fill-opacity":0,"stroke-opacity":1,"stroke":"#ff0000","WNo_SEC":247,"AC_No":70,"AC_No_1":70,"AC_Name":"KARAWAL NAGAR","Ward_No":247,"WardName":"SADATPUR","TotalPop":60181,"SC_Pop":5739,"NW2022":"247, SADATPUR"},"id":124},
{"type":"Feature","geometry":{"type":"Polygon","coordinates":[[[77.2622232,28.7035501],[77.263462,28.7034585],[77.2645875,28.7033541],[77.2672418,28.7031574],[77.2698459,28.7029982],[77.2698465,28.7030772],[77.2700811,28.7039426],[77.2699956,28.7040148],[77.270219,28.7046885],[77.2702703,28.7049816],[77.2705298,28.7058124],[77.2706346,28.7060993],[77.2708439,28.7068577],[77.2708414,28.7069952],[77.2663073,28.7062289],[77.2641038,28.7058794],[77.2634416,28.7057592],[77.2621927,28.7055661],[77.2615947,28.705553],[77.2603722,28.7053532],[77.260083,28.70517],[77.2599562,28.7051306],[77.2604539,28.706118],[77.2606496,28.7065874],[77.2609251,28.7073593],[77.2610825,28.707918],[77.2611947,28.7086926],[77.2611879,28.7090199],[77.2611326,28.7092459],[77.2606648,28.7093148],[77.2602993,28.7094114],[77.2600047,28.7095554],[77.2603654,28.7100159],[77.2593839,28.7104227],[77.2592135,28.7105037],[77.2595723,28.7113352],[77.259172,28.7114644],[77.2587598,28.7115761],[77.2586338,28.7112281],[77.2585192,28.7111565],[77.2584753,28.7109688],[77.2584511,28.7105892],[77.2570235,28.7107233],[77.2568971,28.7107562],[77.2560317,28.7108041],[77.2560266,28.710879],[77.256119,28.7116643],[77.2560157,28.7117984],[77.2550087,28.7119244],[77.2547391,28.7119771],[77.2545201,28.7119432],[77.2541372,28.7123536],[77.2540108,28.7124351],[77.2535926,28.7125065],[77.2537018,28.7134953],[77.253407,28.7134191],[77.2532713,28.7131816],[77.2532003,28.7129529],[77.253153,28.7124916],[77.252877,28.712535],[77.2521122,28.7127913],[77.2515484,28.712882],[77.2514431,28.7125517],[77.251179,28.7126525],[77.2508924,28.7121508],[77.2506053,28.7115498],[77.2505006,28.7115981],[77.2501116,28.7108677],[77.2498858,28.7101957],[77.2498152,28.7098299],[77.249686,28.7093302],[77.2496276,28.7089478],[77.2496291,28.7084973],[77.2496914,28.7082375],[77.2497899,28.7081626],[77.2499358,28.707859],[77.2504996,28.7077841],[77.2498846,28.7064831],[77.2523527,28.705734],[77.2544117,28.7051511],[77.2561742,28.7046435],[77.2569033,28.7044572],[77.2591881,28.7037442],[77.2596337,28.7036632],[77.2612946,28.7036227],[77.2622232,28.7035501]]]},"properties":{"fill-opacity":0,"stroke-opacity":1,"stroke":"#ff0000","WNo_SEC":246,"AC_No":70,"AC_No_1":70,"AC_Name":"KARAWAL NAGAR","Ward_No":246,"WardName":"SRI RAM COLONY","TotalPop":83347,"SC_Pop":3146,"NW2022":"246, SRI RAM COLONY"},"id":125},
{"type":"Feature","geometry":{"type":"Polygon","coordinates":[[[77.2498846,28.7064831],[77.2504996,28.7077841],[77.2499358,28.707859],[77.2497899,28.7081626],[77.2496914,28.7082375],[77.2496291,28.7084973],[77.2496276,28.7089478],[77.249686,28.7093302],[77.2498152,28.7098299],[77.2498858,28.7101957],[77.2501116,28.7108677],[77.2505006,28.7115981],[77.2506053,28.7115498],[77.2508924,28.7121508],[77.251179,28.7126525],[77.2514431,28.7125517],[77.2515484,28.712882],[77.2521122,28.7127913],[77.252877,28.712535],[77.253153,28.7124916],[77.2532003,28.7129529],[77.2532713,28.7131816],[77.253407,28.7134191],[77.2537018,28.7134953],[77.2535926,28.7125065],[77.2540108,28.7124351],[77.2541372,28.7123536],[77.2545201,28.7119432],[77.2547391,28.7119771],[77.2550087,28.7119244],[77.2560157,28.7117984],[77.256119,28.7116643],[77.2560266,28.710879],[77.2560317,28.7108041],[77.2568971,28.7107562],[77.2570235,28.7107233],[77.2570695,28.7111013],[77.2572754,28.7125031],[77.2575278,28.7143056],[77.2576017,28.7149233],[77.2578831,28.7170037],[77.2583123,28.7200425],[77.2584515,28.7209635],[77.2585127,28.7211449],[77.2587606,28.7228823],[77.2590976,28.7252998],[77.2596506,28.7291581],[77.2599882,28.7312812],[77.2603137,28.7336105],[77.2604018,28.7342687],[77.2596654,28.734317],[77.2589331,28.7343889],[77.2574293,28.7342891],[77.2556091,28.7339699],[77.2555649,28.733927],[77.2552498,28.7341426],[77.2549973,28.7336757],[77.2548532,28.7333744],[77.2549521,28.7329964],[77.2550096,28.7325477],[77.2548954,28.7325258],[77.2547222,28.73266],[77.2547656,28.7331701],[77.2542828,28.733444],[77.2541268,28.7332513],[77.2542124,28.7331996],[77.2539322,28.7325717],[77.2540838,28.7325083],[77.2540396,28.7324064],[77.2541756,28.7323339],[77.2539989,28.7320532],[77.2533598,28.7322264],[77.2531891,28.7323141],[77.2532542,28.7323986],[77.252924,28.7326226],[77.2531765,28.7329535],[77.2535045,28.7334371],[77.253192,28.733609],[77.2527624,28.7328728],[77.2520756,28.7332051],[77.2515937,28.7324826],[77.2521845,28.7321448],[77.2520912,28.7319752],[77.2525369,28.7316869],[77.253059,28.7314543],[77.2528702,28.7311395],[77.2527256,28.7312178],[77.2525107,28.7310058],[77.2526303,28.7309029],[77.2528057,28.7306721],[77.2521274,28.7301572],[77.2515886,28.7299034],[77.2512574,28.7297069],[77.2504374,28.7292872],[77.2498453,28.7288649],[77.2493127,28.7285045],[77.2486516,28.7281167],[77.2485587,28.7280905],[77.2482099,28.7283341],[77.2479048,28.7280337],[77.2476262,28.7282608],[77.2474814,28.728411],[77.2473371,28.7286158],[77.2471683,28.7287459],[77.2466688,28.7289096],[77.2464023,28.7291621],[77.2464127,28.7292335],[77.2466837,28.7295278],[77.2466877,28.7295866],[77.2460696,28.7300162],[77.2458119,28.7300916],[77.2457031,28.72955],[77.245446,28.7285683],[77.2453783,28.7282773],[77.2451221,28.7269774],[77.2448968,28.7258947],[77.2446864,28.7249324],[77.2444798,28.7239342],[77.244297,28.7231153],[77.2441086,28.7222114],[77.2437888,28.7207605],[77.2436233,28.7200545],[77.2434305,28.7191803],[77.2432925,28.7187316],[77.2429751,28.7172279],[77.2429262,28.71719],[77.2427617,28.7165068],[77.2419561,28.7129478],[77.2411886,28.7092164],[77.2411405,28.7090275],[77.24133,28.70897],[77.2498846,28.7064831]]]},"properties":{"fill-opacity":0,"stroke-opacity":1,"stroke":"#ff0000","WNo_SEC":249,"AC_No":70,"AC_No_1":70,"AC_Name":"KARAWAL NAGAR","Ward_No":249,"WardName":"SONIA VIHAR","TotalPop":65031,"SC_Pop":6071,"NW2022":"249, SONIA VIHAR"},"id":126},
{"type":"Feature","geometry":{"type":"Polygon","coordinates":[[[77.2998937,28.675743],[77.2999985,28.6760164],[77.3001466,28.6765708],[77.300505,28.677413],[77.3008107,28.6779365],[77.3009407,28.6783043],[77.3010048,28.6784858],[77.3010553,28.6791276],[77.3011299,28.6809124],[77.3012302,28.6835127],[77.3014752,28.6894934],[77.3038469,28.6896558],[77.3052657,28.6897316],[77.3050779,28.6919386],[77.3039253,28.6918514],[77.3038465,28.6928112],[77.3037896,28.6933028],[77.3037227,28.6940304],[77.3020697,28.6939457],[77.3017794,28.6939736],[77.3017768,28.6941245],[77.3020541,28.6941295],[77.3019862,28.6950175],[77.3016535,28.6949731],[77.3014242,28.694939],[77.3012933,28.6944091],[77.3010336,28.6935579],[77.3008514,28.6929913],[77.3002858,28.6917009],[77.2998293,28.6908201],[77.2996398,28.6903771],[77.2993905,28.6896591],[77.2993169,28.6894928],[77.2992593,28.689411],[77.2991828,28.6891452],[77.299063,28.6888837],[77.298884,28.6883957],[77.2987266,28.6879014],[77.2985048,28.6872899],[77.2983192,28.6866377],[77.2980407,28.6858938],[77.2977732,28.6852857],[77.2975513,28.6848226],[77.2973338,28.6844224],[77.2968652,28.6836745],[77.2954862,28.681749],[77.2952176,28.6813636],[77.2948901,28.6809338],[77.2943543,28.6802027],[77.2940493,28.6796674],[77.2937679,28.6791291],[77.2936238,28.6787383],[77.2933899,28.6779907],[77.2932873,28.6768885],[77.2932769,28.6766231],[77.293297,28.6762735],[77.2933463,28.6759139],[77.293878,28.6759125],[77.294707,28.6758718],[77.2958777,28.6758329],[77.297182,28.6757802],[77.2998669,28.675679],[77.2998937,28.675743]]]},"properties":{"fill-opacity":0,"stroke-opacity":1,"stroke":"#ff0000","WNo_SEC":222,"AC_No":64,"AC_No_1":64,"AC_Name":"ROHTAS NAGAR","Ward_No":222,"WardName":"RAM NAGAR EAST","TotalPop":59874,"SC_Pop":13201,"NW2022":"222, RAM NAGAR EAST"},"id":127},
{"type":"Feature","geometry":{"type":"Polygon","coordinates":[[[77.2757443,28.6838041],[77.2758072,28.683936],[77.2764414,28.6854158],[77.2765205,28.6856003],[77.2784355,28.6893138],[77.2791382,28.6907465],[77.2795925,28.6915989],[77.2805125,28.6933548],[77.2795281,28.6937139],[77.2790113,28.6939691],[77.2785941,28.6941299],[77.2774646,28.6943949],[77.2769332,28.6945512],[77.276442,28.694688],[77.2760728,28.6946778],[77.275518,28.6945468],[77.2752589,28.6944501],[77.2749332,28.6942587],[77.2749628,28.6942195],[77.2749867,28.6938075],[77.2754411,28.6938318],[77.2754449,28.6934529],[77.2750647,28.6934578],[77.2747108,28.6934184],[77.2746998,28.6936479],[77.2746145,28.6936378],[77.2745965,28.6938354],[77.2745184,28.6939703],[77.2745809,28.6940367],[77.2741472,28.6943658],[77.2737832,28.6939012],[77.2736744,28.693722],[77.2734405,28.6938181],[77.2727849,28.6940478],[77.2725152,28.693514],[77.2724344,28.6933114],[77.2722938,28.6927405],[77.2722626,28.692325],[77.2721944,28.6919228],[77.2721882,28.6917173],[77.2722338,28.6913078],[77.2723672,28.6907753],[77.2721603,28.6906379],[77.2720915,28.6904872],[77.2719984,28.6896626],[77.2715165,28.6898243],[77.2706735,28.6900451],[77.2701115,28.690186],[77.2698802,28.6902],[77.2698964,28.6894129],[77.2699003,28.6885422],[77.2699272,28.6881007],[77.2699015,28.687858],[77.2696959,28.6871454],[77.2693934,28.6863007],[77.2688704,28.6864316],[77.2683596,28.686575],[77.2673679,28.6868149],[77.2666692,28.6870208],[77.2654098,28.6874484],[77.2653334,28.6872836],[77.2647832,28.6866801],[77.2644235,28.6861534],[77.2641568,28.685557],[77.2638837,28.6847662],[77.263288,28.6849519],[77.2631287,28.6847624],[77.2629386,28.6845892],[77.2633116,28.6844368],[77.2632202,28.6842547],[77.263666,28.6841047],[77.2638818,28.6840525],[77.2649067,28.6837559],[77.2651659,28.6844661],[77.2661206,28.6841971],[77.2673827,28.6837779],[77.2678764,28.6836485],[77.2683451,28.6834909],[77.2687027,28.684441],[77.2689258,28.6849893],[77.2695454,28.6867295],[77.2702037,28.686538],[77.2707758,28.6863512],[77.2706443,28.6860254],[77.2709705,28.6859406],[77.2709586,28.6854922],[77.2707794,28.6855257],[77.2707378,28.6849551],[77.270743,28.6844429],[77.2709226,28.6843801],[77.2709404,28.6845307],[77.2713847,28.6844896],[77.271711,28.6844982],[77.2725449,28.6846128],[77.2724947,28.6850374],[77.2727286,28.6850308],[77.2727443,28.6847011],[77.2731384,28.6847545],[77.2731941,28.6844406],[77.2730153,28.6844221],[77.2730113,28.6840769],[77.2732504,28.6840815],[77.2732427,28.6836025],[77.2735414,28.6837125],[77.2741634,28.68407],[77.2747747,28.6841985],[77.2751504,28.6843336],[77.2753547,28.6841755],[77.2752737,28.6839672],[77.2757443,28.6838041]]]},"properties":{"fill-opacity":0,"stroke-opacity":1,"stroke":"#ff0000","WNo_SEC":228,"AC_No":65,"AC_No_1":65,"AC_Name":"SEELAMPUR","Ward_No":228,"WardName":"MAUJPUR","TotalPop":63960,"SC_Pop":4461,"NW2022":"228, MAUJPUR"},"id":128},
{"type":"Feature","geometry":{"type":"Polygon","coordinates":[[[77.2657321,28.7191108],[77.2657103,28.7187311],[77.2656417,28.718472],[77.2655137,28.7182311],[77.2650088,28.7174944],[77.2646962,28.716928],[77.2642435,28.7158919],[77.2641637,28.715683],[77.2638637,28.7150526],[77.2637227,28.7146915],[77.263435,28.7136998],[77.2632625,28.7133701],[77.2630882,28.7130898],[77.2628809,28.7128659],[77.2626155,28.7126276],[77.2618442,28.711985],[77.262049,28.7114542],[77.2620911,28.711152],[77.2621379,28.7104882],[77.2621427,28.7101869],[77.2620871,28.7094821],[77.2620058,28.7089499],[77.262013,28.7088531],[77.2621224,28.7085914],[77.262409,28.7081198],[77.2625603,28.7079065],[77.2628519,28.7075564],[77.2632367,28.7071392],[77.2634396,28.7068805],[77.2635175,28.7067205],[77.2637471,28.7064027],[77.2638327,28.7064339],[77.2641401,28.7066587],[77.2647944,28.7070948],[77.2656631,28.7077363],[77.2659036,28.707899],[77.2660253,28.7077703],[77.2669414,28.70844],[77.2672081,28.7086123],[77.2689209,28.7098283],[77.2696033,28.7103029],[77.2700985,28.7106627],[77.2707178,28.7110885],[77.2717107,28.7117229],[77.2721643,28.7119899],[77.2723426,28.7120987],[77.2730419,28.7126907],[77.2733419,28.7129067],[77.2738091,28.7133585],[77.2742454,28.7138736],[77.2744685,28.7141764],[77.2735422,28.7146338],[77.2719142,28.7154563],[77.2722327,28.7158706],[77.2723963,28.7161171],[77.2734126,28.7157887],[77.2735811,28.7162121],[77.2736891,28.7170595],[77.2737179,28.7177501],[77.2737077,28.7179887],[77.2737219,28.7187023],[77.2737547,28.7194877],[77.2733224,28.7194841],[77.2722072,28.7195015],[77.2719028,28.7195182],[77.2708909,28.7195391],[77.2701927,28.7195225],[77.2690801,28.7195652],[77.2690704,28.7185096],[77.26912,28.7184714],[77.2699394,28.7184423],[77.2699009,28.7179578],[77.269746,28.7179641],[77.2697319,28.7177535],[77.2695611,28.7174174],[77.2674064,28.7183762],[77.2657321,28.7191108]]]},"properties":{"fill-opacity":0,"stroke-opacity":1,"stroke":"#ff0000","WNo_SEC":244,"AC_No":69,"AC_No_1":69,"AC_Name":"MUSTAFABAD","Ward_No":244,"WardName":"NEHRU VIHAR","TotalPop":73213,"SC_Pop":6021,"NW2022":"244, NEHRU VIHAR"},"id":129},
{"type":"Feature","geometry":{"type":"MultiPolygon","coordinates":[[[[77.2313899,28.7119589],[77.2333335,28.7113962],[77.2411405,28.7090275],[77.2411886,28.7092164],[77.2419561,28.7129478],[77.2427617,28.7165068],[77.2429262,28.71719],[77.2429751,28.7172279],[77.2432925,28.7187316],[77.2434305,28.7191803],[77.2436233,28.7200545],[77.2437888,28.7207605],[77.2441086,28.7222114],[77.244297,28.7231153],[77.2444798,28.7239342],[77.2446864,28.7249324],[77.2448968,28.7258947],[77.2451221,28.7269774],[77.2453783,28.7282773],[77.245446,28.7285683],[77.2457031,28.72955],[77.2458119,28.7300916],[77.2460696,28.7300162],[77.2466877,28.7295866],[77.2466837,28.7295278],[77.2464127,28.7292335],[77.2464023,28.7291621],[77.2466688,28.7289096],[77.2471683,28.7287459],[77.2473371,28.7286158],[77.2474814,28.728411],[77.2476262,28.7282608],[77.2479048,28.7280337],[77.2482099,28.7283341],[77.2485587,28.7280905],[77.2486516,28.7281167],[77.2493127,28.7285045],[77.2498453,28.7288649],[77.2504374,28.7292872],[77.2512574,28.7297069],[77.2515886,28.7299034],[77.2521274,28.7301572],[77.2528057,28.7306721],[77.2526303,28.7309029],[77.2525107,28.7310058],[77.2527256,28.7312178],[77.2528702,28.7311395],[77.253059,28.7314543],[77.2525369,28.7316869],[77.2520912,28.7319752],[77.2521845,28.7321448],[77.2515937,28.7324826],[77.2520756,28.7332051],[77.2527624,28.7328728],[77.253192,28.733609],[77.2535045,28.7334371],[77.2531765,28.7329535],[77.252924,28.7326226],[77.2532542,28.7323986],[77.2531891,28.7323141],[77.2533598,28.7322264],[77.2539989,28.7320532],[77.2541756,28.7323339],[77.2540396,28.7324064],[77.2540838,28.7325083],[77.2539322,28.7325717],[77.2542124,28.7331996],[77.2541268,28.7332513],[77.2542828,28.733444],[77.2547656,28.7331701],[77.2547222,28.73266],[77.2548954,28.7325258],[77.2550096,28.7325477],[77.2549521,28.7329964],[77.2548532,28.7333744],[77.2549973,28.7336757],[77.2552498,28.7341426],[77.2555649,28.733927],[77.2556091,28.7339699],[77.2574293,28.7342891],[77.2589331,28.7343889],[77.2596654,28.734317],[77.2604018,28.7342687],[77.2604729,28.7347319],[77.260433,28.7347347],[77.260493,28.7353707],[77.2592578,28.7354816],[77.2593228,28.7360167],[77.2590789,28.7363888],[77.2589157,28.7365047],[77.2580661,28.7372781],[77.2574696,28.7378022],[77.2566227,28.7383744],[77.2563495,28.738618],[77.2559938,28.7388759],[77.2558261,28.7391367],[77.2556669,28.7393141],[77.2555658,28.7396061],[77.2554428,28.7400638],[77.2552738,28.7406054],[77.2551892,28.7410549],[77.2551868,28.7413137],[77.2551428,28.7419634],[77.2550407,28.742758],[77.254951,28.7432959],[77.2549589,28.7438658],[77.2552512,28.7439306],[77.2563978,28.7440242],[77.2564205,28.7440997],[77.2567559,28.7447329],[77.2568615,28.7448042],[77.2570516,28.7451014],[77.2571379,28.7454004],[77.2573768,28.7457961],[77.2575628,28.746436],[77.2576445,28.7465369],[77.2579697,28.7470647],[77.2582081,28.7474173],[77.2584111,28.7477935],[77.2585064,28.7480398],[77.2587597,28.7490904],[77.2587535,28.7495876],[77.2587915,28.7499824],[77.2588465,28.7503161],[77.2588023,28.7508077],[77.2587589,28.7510774],[77.25874,28.7515979],[77.2588149,28.7524311],[77.2587498,28.7524881],[77.2584393,28.7526322],[77.2577943,28.7530557],[77.2573768,28.7532635],[77.2571117,28.7533621],[77.2571667,28.7537158],[77.2572243,28.7544998],[77.2571028,28.7552768],[77.2570175,28.7562235],[77.2564234,28.7561101],[77.2555889,28.7559924],[77.254612,28.7558647],[77.2536642,28.7557007],[77.2530945,28.7556418],[77.2520577,28.7554731],[77.2509637,28.7553613],[77.2500572,28.7553038],[77.249355,28.7553664],[77.2489419,28.7554458],[77.2478838,28.7557004],[77.2465584,28.7561267],[77.2459684,28.7564516],[77.2457952,28.7565654],[77.245268,28.7567616],[77.2444611,28.7571076],[77.2441381,28.757258],[77.2437142,28.7574039],[77.2433425,28.7575575],[77.2430888,28.757631],[77.242773,28.7577582],[77.2426113,28.7577903],[77.2424298,28.7578927],[77.2405419,28.758806],[77.2394483,28.7593119],[77.2388976,28.7594447],[77.2387066,28.7596265],[77.2383444,28.7597671],[77.2379603,28.7599898],[77.2374323,28.7601565],[77.2363182,28.7606068],[77.2352358,28.7610998],[77.2320255,28.7649386],[77.2320211,28.7649346],[77.2317304,28.7646229],[77.2314798,28.7642175],[77.2312957,28.7639641],[77.2311731,28.7637443],[77.2308862,28.7633714],[77.2307205,28.7629346],[77.2301655,28.7619878],[77.2301404,28.761733],[77.2300011,28.761555],[77.2298884,28.7612993],[77.2296894,28.7609455],[77.2294527,28.7600518],[77.229384,28.7596207],[77.2294068,28.7592383],[77.2294529,28.7589872],[77.2294407,28.7587841],[77.2295596,28.7584949],[77.2295681,28.7581715],[77.2296589,28.7580405],[77.2296909,28.7574917],[77.2296658,28.757217],[77.2297504,28.7566037],[77.2297851,28.7560508],[77.2297425,28.7555541],[77.22976,28.755418],[77.2298637,28.7552049],[77.2298998,28.7550201],[77.2298455,28.7549165],[77.2298969,28.7547174],[77.2298594,28.7539533],[77.2298906,28.7536631],[77.2298859,28.7532058],[77.2298563,28.7528601],[77.229783,28.7523855],[77.2296904,28.7520748],[77.2296013,28.7516499],[77.2295554,28.750843],[77.2288027,28.746049],[77.2275909,28.7420007],[77.2275419,28.7419917],[77.2274182,28.741647],[77.2273368,28.741173],[77.2272737,28.7410189],[77.2271764,28.7406191],[77.227239,28.7400044],[77.2273831,28.7395408],[77.2275153,28.7392946],[77.2279009,28.7391702],[77.2285779,28.7390226],[77.2290718,28.7389879],[77.2293575,28.7388109],[77.2297959,28.7374387],[77.2298495,28.7371715],[77.2300473,28.7366137],[77.2302266,28.7361683],[77.2303781,28.7358461],[77.2305117,28.7354881],[77.2307031,28.7351969],[77.2311565,28.7346398],[77.2312658,28.7344661],[77.2314817,28.7342182],[77.2318007,28.7338957],[77.2322761,28.7332817],[77.2322717,28.7332116],[77.2324358,28.7330499],[77.2326662,28.7329231],[77.2329552,28.7325895],[77.2331219,28.7324717],[77.2332926,28.732257],[77.2335881,28.7320555],[77.2338525,28.7317277],[77.2338784,28.7315417],[77.2341216,28.7310793],[77.2343722,28.7303071],[77.2343948,28.7300465],[77.2348679,28.7285024],[77.2348205,28.7282554],[77.2349083,28.7277584],[77.2350279,28.7274343],[77.2350966,28.7267022],[77.2350887,28.7263307],[77.2351953,28.7260564],[77.2351856,28.7255981],[77.2348414,28.7239561],[77.2349595,28.722901],[77.2349112,28.7219479],[77.2334463,28.7180247],[77.2329414,28.7167755],[77.2323415,28.7151035],[77.2317927,28.713182],[77.231442,28.7120831],[77.2313899,28.7119589]]],[[[77.2252993,28.7715764],[77.2254001,28.7715196],[77.225594,28.7715489],[77.225981,28.7717163],[77.2260867,28.7719924],[77.2259669,28.7755019],[77.2257093,28.7760928],[77.2244831,28.7779774],[77.2243741,28.7781656],[77.2243643,28.778362],[77.2244254,28.7785465],[77.2245658,28.7787938],[77.2248841,28.7790954],[77.2251324,28.779279],[77.2254909,28.7795766],[77.2258753,28.779729],[77.2265016,28.7800087],[77.2267034,28.78021],[77.2271408,28.7804073],[77.2273617,28.7805258],[77.2275267,28.7807606],[77.2287041,28.7813842],[77.2291258,28.7816336],[77.2301076,28.7821105],[77.2305505,28.7824139],[77.2310866,28.7820399],[77.2315011,28.7820858],[77.2316972,28.7819178],[77.2320213,28.7817635],[77.2322541,28.7817024],[77.2322618,28.7818608],[77.2321337,28.7819507],[77.2323648,28.7820157],[77.2324978,28.7822541],[77.232492,28.7824776],[77.2327073,28.7831378],[77.2330297,28.7837699],[77.2329401,28.7838761],[77.2332956,28.7842832],[77.2329122,28.7844734],[77.2328565,28.7844027],[77.2325489,28.7846181],[77.2324925,28.7846919],[77.2316321,28.7851176],[77.2310674,28.7854667],[77.2303829,28.7858037],[77.2297111,28.7862093],[77.2295012,28.7863068],[77.2293968,28.7862977],[77.229217,28.7861769],[77.2290331,28.7862192],[77.2284655,28.7865852],[77.2280974,28.7865828],[77.2270708,28.7864959],[77.2266804,28.7864995],[77.2258977,28.7864128],[77.2249611,28.7862836],[77.2244296,28.7862446],[77.2238385,28.7861799],[77.2220819,28.7860109],[77.2215992,28.785943],[77.2210355,28.7859664],[77.2207518,28.7859612],[77.2205394,28.785865],[77.2203818,28.7858746],[77.2202117,28.7859687],[77.2199866,28.7860271],[77.2196839,28.7859535],[77.2193562,28.7858339],[77.2185459,28.7855721],[77.2182671,28.7855022],[77.2181125,28.785502],[77.2178804,28.7856013],[77.2174998,28.7856917],[77.2171997,28.7858202],[77.2168567,28.7860294],[77.2164223,28.78633],[77.2160502,28.7865546],[77.2155492,28.7868994],[77.2132935,28.7889358],[77.2122546,28.7901822],[77.2117839,28.7907279],[77.2106942,28.7920083],[77.2100268,28.792865],[77.205649,28.7953925],[77.20507,28.7954606],[77.20489,28.7951817],[77.2049741,28.7938285],[77.2047069,28.7927228],[77.2047723,28.7919697],[77.2045866,28.7906004],[77.2046717,28.7902071],[77.2046926,28.7898098],[77.2047491,28.7894534],[77.2047375,28.7893597],[77.2048543,28.7887806],[77.2048514,28.7886051],[77.2049771,28.787838],[77.2051965,28.7868676],[77.2053069,28.7866129],[77.20544,28.7864369],[77.2054454,28.7862415],[77.2055886,28.7857672],[77.2058108,28.7852262],[77.2059423,28.7850494],[77.2060816,28.7847161],[77.2061829,28.7845427],[77.2062034,28.7841972],[77.2061687,28.7841428],[77.2063925,28.7824075],[77.2065056,28.7822404],[77.2067288,28.7821267],[77.2072932,28.7817571],[77.2074878,28.7815333],[77.2079563,28.7811888],[77.2080452,28.7810858],[77.2085244,28.78066],[77.2089539,28.7802402],[77.2091258,28.7800957],[77.209474,28.7797072],[77.2097379,28.7793709],[77.2101276,28.7789834],[77.2104101,28.7787718],[77.2105032,28.7786384],[77.2108415,28.7783799],[77.2109452,28.7782367],[77.2111297,28.7781006],[77.2118363,28.7776819],[77.2121273,28.7773789],[77.2129452,28.7768221],[77.2132471,28.7765593],[77.213538,28.776385],[77.2137309,28.776239],[77.2142166,28.7759384],[77.2146336,28.7757607],[77.2149757,28.7755922],[77.2151544,28.7754314],[77.2155963,28.7751934],[77.2159543,28.775078],[77.2165598,28.7747019],[77.216783,28.7746093],[77.2169573,28.7745939],[77.2173578,28.7744555],[77.2175654,28.7743391],[77.2181596,28.7739225],[77.2183702,28.7737193],[77.2187272,28.773583],[77.219195,28.773535],[77.2197982,28.7733573],[77.21996,28.7732948],[77.2201428,28.7731439],[77.2202082,28.7729588],[77.2205496,28.7726691],[77.2210845,28.7723106],[77.2214133,28.7722001],[77.2217417,28.7721494],[77.2219504,28.7719088],[77.2220703,28.7718601],[77.2225682,28.7717472],[77.2227546,28.7717227],[77.2233814,28.771755],[77.2236617,28.7718041],[77.2238435,28.7718879],[77.2241234,28.7719567],[77.2243715,28.7719554],[77.2244282,28.7718804],[77.2241688,28.7718442],[77.2241813,28.7717196],[77.2243484,28.7718009],[77.2244825,28.7718142],[77.2248172,28.7717756],[77.2251091,28.7717003],[77.2252993,28.7715764]]]]},"properties":{"fill-opacity":0,"stroke-opacity":1,"stroke":"#ff0000","WNo_SEC":250,"AC_No":70,"AC_No_1":70,"AC_Name":"KARAWAL NAGAR","Ward_No":250,"WardName":"SABAPUR","TotalPop":42819,"SC_Pop":3852,"NW2022":"250, SABAPUR"},"id":130},
{"type":"Feature","geometry":{"type":"Polygon","coordinates":[[[77.1759985,28.5785649],[77.1750275,28.5802515],[77.1746256,28.5809786],[77.1737117,28.5825687],[77.1732373,28.5833621],[77.1721346,28.5852811],[77.1717229,28.5859585],[77.1711374,28.5868418],[77.1704336,28.5878842],[77.1686047,28.5906082],[77.1682447,28.591051],[77.1678829,28.5916202],[77.1676996,28.5919841],[77.1663097,28.591919],[77.16619,28.59144],[77.16585,28.59041],[77.1652379,28.5899827],[77.1642791,28.5884811],[77.1606494,28.5888934],[77.1599882,28.5846671],[77.1598028,28.58433],[77.1599595,28.5841614],[77.1600849,28.5839454],[77.160192,28.5836783],[77.1602435,28.5834464],[77.1602439,28.5831522],[77.1601668,28.5828214],[77.1598439,28.5822094],[77.159392,28.581382],[77.1590535,28.5807304],[77.1581737,28.5791496],[77.1579702,28.5787155],[77.1579217,28.5784622],[77.1579101,28.5782334],[77.1579541,28.577927],[77.1581454,28.5774219],[77.1581882,28.5770909],[77.1576801,28.5761051],[77.1576076,28.5758814],[77.157362,28.5756092],[77.1564693,28.5741405],[77.1559811,28.5732517],[77.1557102,28.5728512],[77.1535091,28.5696316],[77.1518192,28.5671101],[77.1508847,28.5654699],[77.1509075,28.5653057],[77.1508656,28.5646954],[77.1507778,28.5642452],[77.1507931,28.5639172],[77.1508045,28.562727],[77.1500149,28.5626926],[77.1493244,28.5626507],[77.1489658,28.5621586],[77.1486759,28.5618877],[77.1481762,28.5613804],[77.1476278,28.560567],[77.1472044,28.5599109],[77.1468649,28.5594265],[77.1464986,28.5587627],[77.1457433,28.5577785],[77.1453924,28.5568592],[77.1447326,28.5559591],[77.1452389,28.5557537],[77.1455975,28.5555439],[77.145792,28.5554714],[77.1460743,28.5554638],[77.1464138,28.5553913],[77.1466122,28.5553074],[77.1471806,28.5549412],[77.1473064,28.5548954],[77.1475544,28.5548763],[77.1479816,28.5547581],[77.1481228,28.5546474],[77.1487255,28.5545216],[77.1488629,28.5543994],[77.1491032,28.55406],[77.1492481,28.5536861],[77.1492939,28.5536404],[77.1496743,28.5536422],[77.1497411,28.5534641],[77.1496763,28.553384],[77.1495809,28.553033],[77.1493673,28.5525486],[77.149207,28.5519837],[77.1491651,28.55153],[77.1490559,28.5512811],[77.1490087,28.5507556],[77.148921,28.550214],[77.1487722,28.5496608],[77.1486921,28.5495807],[77.1479559,28.5495006],[77.1477613,28.5492641],[77.147582,28.5488559],[77.1475439,28.5486003],[77.1474752,28.5483829],[77.1473226,28.5480396],[77.1471777,28.5478221],[77.1471853,28.5475399],[77.1474332,28.547414],[77.1477766,28.5473491],[77.1480198,28.5471096],[77.1481466,28.5469295],[77.148241,28.5468805],[77.1480377,28.546404],[77.1479893,28.5462284],[77.1477814,28.5457378],[77.1478742,28.5457037],[77.1496655,28.5446785],[77.1506532,28.5440742],[77.1502753,28.5432463],[77.1504498,28.5429492],[77.1498016,28.5418855],[77.1501668,28.541908],[77.1508222,28.5419155],[77.1513177,28.541829],[77.1516538,28.5416258],[77.1518971,28.5414305],[77.1524773,28.5407843],[77.1527463,28.5403337],[77.1533795,28.539483],[77.1534889,28.5393964],[77.1544615,28.538824],[77.1552297,28.5383568],[77.1568251,28.5405078],[77.1588709,28.5432556],[77.160067,28.5448577],[77.1608906,28.5459742],[77.1639366,28.5500726],[77.1623045,28.5514968],[77.1629386,28.552554],[77.1632737,28.5530753],[77.1635043,28.5534978],[77.1643118,28.5541726],[77.1647803,28.5545197],[77.1654408,28.5531954],[77.1654816,28.5530638],[77.1657973,28.5528599],[77.1659646,28.5527773],[77.1662725,28.5532205],[77.1663352,28.5534204],[77.1663954,28.5536925],[77.1665629,28.5549397],[77.166722,28.5552266],[77.1685675,28.5570146],[77.16965,28.55816],[77.1699619,28.558382],[77.1702311,28.5586],[77.1707763,28.5590738],[77.1710224,28.5592709],[77.1711903,28.5593624],[77.1707211,28.5597706],[77.170351,28.5601215],[77.1694813,28.5609226],[77.1690006,28.5614605],[77.1685925,28.5620098],[77.1683712,28.5623417],[77.16791,28.56317],[77.1673603,28.5642109],[77.1672115,28.5645199],[77.1666317,28.5655918],[77.1663723,28.5659695],[77.1654415,28.5672626],[77.1650906,28.5677624],[77.1645908,28.5684299],[77.1640797,28.5691624],[77.1638393,28.5694714],[77.163702,28.5696812],[77.1631413,28.5704327],[77.1629391,28.5707417],[77.1625423,28.571291],[77.1621113,28.5719509],[77.1619192,28.5721897],[77.163,28.5726873],[77.1650208,28.5735918],[77.1671857,28.5745788],[77.1684521,28.5751442],[77.1698606,28.5757638],[77.1709768,28.576282],[77.1731456,28.5772552],[77.1759985,28.5785649]],[[77.1540095,28.5538911],[77.1543358,28.5542511],[77.1544104,28.5542789],[77.1545666,28.5545164],[77.1548774,28.5546203],[77.1549757,28.555213],[77.1551229,28.5552704],[77.15508,28.5554214],[77.1551465,28.5557009],[77.1546408,28.5558113],[77.1544263,28.5558362],[77.1542533,28.5559034],[77.1540932,28.5560243],[77.1538373,28.5563092],[77.1533748,28.5570766],[77.1542011,28.5574484],[77.1549648,28.5567474],[77.1555805,28.5561541],[77.1564153,28.5553665],[77.1564729,28.5552783],[77.1566032,28.5552949],[77.1572225,28.5557547],[77.1575219,28.5556651],[77.1579606,28.555473],[77.1587742,28.5550464],[77.1590427,28.5548653],[77.159169,28.5547165],[77.1588827,28.5542642],[77.1587034,28.5540795],[77.15842,28.5538697],[77.1583058,28.5539482],[77.1581715,28.5539289],[77.157913,28.553779],[77.1577845,28.5538455],[77.1576967,28.5541119],[77.15742,28.5540697],[77.1572519,28.5539793],[77.1571727,28.5538731],[77.156847,28.5536169],[77.1564689,28.5535692],[77.1562471,28.5536336],[77.156056,28.553608],[77.1559773,28.5535304],[77.155757,28.5530684],[77.1555582,28.5528638],[77.1553295,28.5525882],[77.1552852,28.5522057],[77.1552036,28.5519814],[77.1550545,28.5518333],[77.1549963,28.5515621],[77.1549286,28.5514271],[77.1545007,28.5509254],[77.1543701,28.5508845],[77.1541881,28.5509125],[77.1539749,28.5509982],[77.153868,28.5511252],[77.1538655,28.551401],[77.1540839,28.5519705],[77.1536508,28.5524071],[77.1535834,28.5528845],[77.1540095,28.5538911]]]},"properties":{"fill-opacity":0,"stroke-opacity":1,"stroke":"#ff0000","WNo_SEC":153,"AC_No":44,"AC_No_1":44,"AC_Name":"R K PURAM","Ward_No":153,"WardName":"VASANT VIHAR","TotalPop":55960,"SC_Pop":9430,"NW2022":"153, VASANT VIHAR"},"id":131},
{"type":"Feature","geometry":{"type":"Polygon","coordinates":[[[77.3246405,28.6866239],[77.3250764,28.6868416],[77.3256425,28.6871524],[77.3276516,28.6882214],[77.3262636,28.6902554],[77.3256621,28.6911259],[77.3252083,28.6917232],[77.3249615,28.6919497],[77.3247797,28.6918676],[77.3244284,28.6920938],[77.323987,28.6922068],[77.3231392,28.6923817],[77.3227133,28.6921385],[77.3219974,28.6916911],[77.3215882,28.6914654],[77.3212015,28.6912723],[77.3211556,28.6912],[77.3211399,28.690518],[77.3211219,28.6903423],[77.3210558,28.690246],[77.3207802,28.690044],[77.320492,28.6904163],[77.3202791,28.6902783],[77.3186546,28.6893227],[77.3173406,28.6910922],[77.3164815,28.6922192],[77.3182378,28.6924644],[77.3182544,28.6924452],[77.3190654,28.6925678],[77.3190664,28.6928347],[77.3191158,28.6931371],[77.3187225,28.6931949],[77.3184165,28.6932713],[77.3184792,28.693741],[77.318485,28.6939331],[77.3186078,28.6944163],[77.3193353,28.6943147],[77.3193957,28.6946192],[77.3180521,28.6948304],[77.3179335,28.6940704],[77.3178608,28.6938112],[77.3174705,28.693201],[77.3170461,28.6934397],[77.316676,28.6937012],[77.3166114,28.6936358],[77.3157768,28.6931437],[77.3149229,28.6942638],[77.3081,28.68997],[77.3072334,28.6898971],[77.3072877,28.6897517],[77.3074313,28.6895224],[77.3083504,28.6882207],[77.3085117,28.6879797],[77.3096454,28.6863734],[77.3102048,28.685568],[77.3103401,28.6853475],[77.3111401,28.6842085],[77.3118034,28.6832528],[77.3121359,28.6828218],[77.3111373,28.6822673],[77.3102339,28.6817807],[77.3084551,28.6808006],[77.3064318,28.6796967],[77.3063298,28.6799485],[77.3063953,28.6800045],[77.3068565,28.6802424],[77.3070654,28.6804164],[77.3070314,28.6806343],[77.3069393,28.6807771],[77.30695,28.6808887],[77.3063611,28.6808806],[77.3062489,28.6808545],[77.3046627,28.6808513],[77.303591,28.6808547],[77.3026874,28.6808446],[77.3026985,28.6804376],[77.3023533,28.6804322],[77.302366,28.6797641],[77.3020211,28.6797612],[77.3020489,28.6792425],[77.3025222,28.6786896],[77.3025395,28.6783224],[77.3017978,28.6782957],[77.3009407,28.6783043],[77.3008107,28.6779365],[77.300505,28.677413],[77.3001466,28.6765708],[77.2999985,28.6760164],[77.2998937,28.675743],[77.3008364,28.6757027],[77.3020015,28.6756905],[77.3032073,28.6757254],[77.3032204,28.6762912],[77.3032002,28.6766806],[77.3031953,28.6773912],[77.3031781,28.677693],[77.3034965,28.6776802],[77.3039595,28.6776994],[77.3050714,28.6777264],[77.3076263,28.6778194],[77.3076843,28.6779678],[77.3078056,28.678038],[77.3079474,28.6780445],[77.3080422,28.6781517],[77.3093906,28.6788656],[77.3103697,28.6793965],[77.3106289,28.6795283],[77.311814,28.6801636],[77.3135754,28.6810959],[77.3144222,28.6815499],[77.3153065,28.6820117],[77.3172103,28.6830325],[77.3187143,28.6838312],[77.3194535,28.6841965],[77.3213281,28.6851622],[77.3219968,28.6855169],[77.3232595,28.6861622],[77.3240149,28.6865606],[77.3245109,28.6868085],[77.3246405,28.6866239]]]},"properties":{"fill-opacity":0,"stroke-opacity":1,"stroke":"#ff0000","WNo_SEC":219,"AC_No":62,"AC_No_1":63,"AC_Name":"SEEMA PURI","Ward_No":219,"WardName":"DILSHAD GARDEN","TotalPop":79248,"SC_Pop":15189,"NW2022":"219, DILSHAD GARDEN"},"id":132},
{"type":"Feature","geometry":{"type":"Polygon","coordinates":[[[77.2298866,28.5240124],[77.2295461,28.5232834],[77.2292155,28.5226013],[77.2287669,28.5215129],[77.2284874,28.5208594],[77.2295228,28.5204921],[77.2300825,28.5202833],[77.2309051,28.5199541],[77.2308931,28.5199277],[77.2315267,28.5197097],[77.2323451,28.5196655],[77.2328847,28.5196631],[77.2334271,28.519633],[77.2349621,28.5195691],[77.2348897,28.5186743],[77.2348496,28.5184362],[77.2365046,28.5183998],[77.23662,28.51838],[77.23681,28.51827],[77.23719,28.51798],[77.2375064,28.5176858],[77.2379586,28.5173381],[77.2386986,28.5180882],[77.2392351,28.5176157],[77.2396479,28.517296],[77.240074,28.5169401],[77.2401726,28.5169675],[77.2404647,28.5172565],[77.2409868,28.5178663],[77.2405535,28.5181861],[77.2401627,28.5184974],[77.2395846,28.5189829],[77.2401424,28.5194969],[77.2403791,28.5197624],[77.2404541,28.519885],[77.2405555,28.5201956],[77.2405784,28.5203639],[77.2405726,28.5207446],[77.2405145,28.5209161],[77.2402404,28.5212053],[77.2396256,28.5218875],[77.23887,28.5226916],[77.2378361,28.5238444],[77.2375915,28.5241284],[77.2372298,28.5239029],[77.2360345,28.5230613],[77.2358405,28.5230097],[77.2331002,28.523123],[77.2324144,28.5231386],[77.2321335,28.5231824],[77.2314088,28.5234386],[77.2299976,28.5239639],[77.2298866,28.5240124]]]},"properties":{"fill-opacity":0,"stroke-opacity":1,"stroke":"#ff0000","WNo_SEC":165,"AC_No":48,"AC_No_1":48,"AC_Name":"AMBEDKAR NAGAR","Ward_No":165,"WardName":"MADANGIR","TotalPop":52695,"SC_Pop":23458,"NW2022":"165, MADANGIR"},"id":133},
{"type":"Feature","geometry":{"type":"Polygon","coordinates":[[[77.2378393,28.5165195],[77.2383445,28.5170171],[77.2379586,28.5173381],[77.2375064,28.5176858],[77.23719,28.51798],[77.23681,28.51827],[77.23662,28.51838],[77.2365046,28.5183998],[77.2348496,28.5184362],[77.2348897,28.5186743],[77.2349621,28.5195691],[77.2334271,28.519633],[77.2328847,28.5196631],[77.2323451,28.5196655],[77.2315267,28.5197097],[77.2308931,28.5199277],[77.2309051,28.5199541],[77.2300825,28.5202833],[77.2295228,28.5204921],[77.2284874,28.5208594],[77.2287669,28.5215129],[77.2292155,28.5226013],[77.2295461,28.5232834],[77.2298866,28.5240124],[77.2306281,28.5257625],[77.2308198,28.5261833],[77.2313996,28.5275698],[77.2315331,28.5279387],[77.2318632,28.5289453],[77.2319,28.52945],[77.23193,28.53023],[77.23195,28.53113],[77.23199,28.53248],[77.2320233,28.5330644],[77.2313178,28.5329939],[77.23086,28.53296],[77.23056,28.53292],[77.22999,28.53278],[77.22816,28.53236],[77.2250987,28.5316634],[77.2222708,28.5310286],[77.220683,28.5306707],[77.2209148,28.5298808],[77.2218072,28.5270882],[77.2213675,28.5269763],[77.2201722,28.5266438],[77.2183026,28.526174],[77.217094,28.5258767],[77.215958,28.5256355],[77.21622,28.52477],[77.21643,28.52412],[77.21654,28.52343],[77.21655,28.52308],[77.2165024,28.5224134],[77.2164385,28.5219897],[77.21633,28.52163],[77.21574,28.51945],[77.2153014,28.5179233],[77.2167692,28.5176397],[77.2199322,28.5169736],[77.2207074,28.5168171],[77.2212823,28.5167141],[77.22194,28.51658],[77.22286,28.51641],[77.22405,28.51615],[77.2243737,28.5160877],[77.2250014,28.515937],[77.2258392,28.5157514],[77.2267316,28.5155758],[77.226872,28.5165796],[77.229393,28.5160516],[77.2297222,28.5160058],[77.2312291,28.515694],[77.2327085,28.5153983],[77.2327433,28.5154909],[77.2330939,28.5154176],[77.2330792,28.5153594],[77.2340028,28.5151464],[77.2347792,28.5149875],[77.2363776,28.5147034],[77.2368987,28.5146324],[77.2372224,28.5159199],[77.2373127,28.5160441],[77.2378393,28.5165195]]]},"properties":{"fill-opacity":0,"stroke-opacity":1,"stroke":"#ff0000","WNo_SEC":166,"AC_No":48,"AC_No_1":48,"AC_Name":"AMBEDKAR NAGAR","Ward_No":166,"WardName":"PUSHP VIHAR","TotalPop":82509,"SC_Pop":29433,"NW2022":"166, PUSHP VIHAR"},"id":134},
{"type":"Feature","geometry":{"type":"Polygon","coordinates":[[[77.1048196,28.8701542],[77.1044969,28.8702418],[77.1042269,28.8703657],[77.1035968,28.8704947],[77.1032437,28.8705512],[77.1030106,28.8705394],[77.1021941,28.8704447],[77.1021844,28.8701997],[77.1016059,28.8702649],[77.1008984,28.8703641],[77.1005862,28.8704436],[77.0998612,28.8705446],[77.0996817,28.8705835],[77.0988738,28.8706431],[77.0984387,28.8706401],[77.0980392,28.8707028],[77.0974313,28.8707613],[77.0969451,28.8709119],[77.09677,28.8708051],[77.0964557,28.8708974],[77.0957701,28.8710409],[77.0954212,28.8711408],[77.0952451,28.8712289],[77.0948995,28.8712964],[77.094649,28.8713153],[77.0938474,28.871691],[77.0934923,28.8718061],[77.09301,28.8720762],[77.092841,28.8722211],[77.0926611,28.8723269],[77.0918109,28.8727114],[77.0912805,28.8731647],[77.0904461,28.8736615],[77.0900459,28.8739133],[77.089312,28.8744004],[77.0890417,28.8746204],[77.0884098,28.8750223],[77.0879151,28.8753748],[77.0879031,28.875633],[77.0877703,28.8757171],[77.0878515,28.8761034],[77.0879687,28.8760954],[77.088105,28.8762739],[77.0882623,28.8765425],[77.0882237,28.8768432],[77.0882527,28.8772126],[77.0881766,28.8772213],[77.0881742,28.8777425],[77.0880933,28.8778448],[77.0880678,28.8780068],[77.0879182,28.8784306],[77.0877873,28.8793051],[77.0877095,28.8799638],[77.0876193,28.8800031],[77.0876003,28.8807284],[77.087541,28.8808768],[77.0873142,28.8812681],[77.0869755,28.8815768],[77.0863644,28.8819066],[77.0860126,28.8820343],[77.0856219,28.8821288],[77.0854163,28.8821296],[77.0845324,28.8823211],[77.0845391,28.8824664],[77.0841373,28.8826028],[77.0841345,28.8827088],[77.0838893,28.8827355],[77.0834706,28.8829611],[77.0832073,28.8831553],[77.0830101,28.8833445],[77.0827908,28.8834983],[77.0826017,28.8835492],[77.0823916,28.8832228],[77.0823103,28.8829375],[77.0823007,28.8827252],[77.0822273,28.8820388],[77.0821682,28.8816625],[77.0818603,28.8811827],[77.0819059,28.8810983],[77.0817374,28.8808562],[77.0814761,28.8806368],[77.0812869,28.8804372],[77.0809199,28.879954],[77.0802257,28.8791959],[77.0798576,28.8789293],[77.0790093,28.8782264],[77.0783402,28.8776467],[77.0779859,28.8773586],[77.0776084,28.8773633],[77.0775837,28.8766326],[77.0775499,28.8766101],[77.0768923,28.8766049],[77.0768737,28.8757158],[77.0754828,28.8757408],[77.0754867,28.8746402],[77.0782159,28.8746088],[77.0781966,28.8730228],[77.0784205,28.8730224],[77.0784169,28.8725737],[77.0783853,28.8718006],[77.0785159,28.87143],[77.0782348,28.871175],[77.0780314,28.8709441],[77.0778985,28.8708379],[77.0775927,28.870504],[77.0774453,28.8704998],[77.0771872,28.8702202],[77.0769382,28.8699048],[77.0766539,28.8696073],[77.0763497,28.8694781],[77.0762073,28.8693169],[77.0759878,28.8691711],[77.0769425,28.8672358],[77.0773127,28.866496],[77.0779951,28.8651108],[77.0789617,28.863167],[77.0792632,28.8625409],[77.0796575,28.8616642],[77.0807358,28.8587973],[77.0807023,28.858763],[77.0813006,28.85721],[77.0820827,28.8551168],[77.0829035,28.8531175],[77.0860241,28.8445664],[77.0860182,28.8445589],[77.0869326,28.8421991],[77.0872964,28.8422986],[77.0881559,28.842469],[77.0884803,28.8425504],[77.0888089,28.8427181],[77.0889823,28.8428551],[77.0891747,28.8430663],[77.0892889,28.8432818],[77.0893901,28.8436942],[77.0895423,28.8436956],[77.0897055,28.8433369],[77.0899539,28.8426874],[77.0903804,28.8413371],[77.0905054,28.8409789],[77.090553,28.8410462],[77.090835,28.8417005],[77.091251,28.8415965],[77.0918084,28.8417614],[77.092666,28.8418281],[77.0930291,28.8418732],[77.0935178,28.8418811],[77.0939103,28.8418536],[77.0942949,28.8418045],[77.0947718,28.8417712],[77.0951727,28.8416047],[77.0954505,28.8413118],[77.0956796,28.8411782],[77.0982412,28.8420933],[77.0987085,28.8409317],[77.100806,28.8416223],[77.1000971,28.8432173],[77.0997946,28.8439339],[77.1004572,28.8441701],[77.0990257,28.8472752],[77.0980861,28.84944],[77.0977648,28.8502395],[77.0976934,28.8504465],[77.0976578,28.850782],[77.0977077,28.8517529],[77.0977536,28.8522576],[77.097786,28.8534802],[77.0977908,28.854715],[77.0979202,28.8575806],[77.0981671,28.8575662],[77.0994281,28.8575704],[77.1000844,28.8575602],[77.1000542,28.8576203],[77.0988169,28.8597618],[77.1015771,28.8610943],[77.1003398,28.8632358],[77.1014819,28.8638544],[77.1010536,28.8643303],[77.1014819,28.8646159],[77.1013408,28.8647955],[77.1014706,28.8649401],[77.0999708,28.86569],[77.100417,28.866065],[77.1017836,28.8671288],[77.1022485,28.8675098],[77.1022009,28.8675695],[77.1022935,28.8677208],[77.103805,28.8691884],[77.1039023,28.8691277],[77.1048196,28.8701542]]]},"properties":{"fill-opacity":0,"stroke-opacity":1,"stroke":"#ff0000","WNo_SEC":1,"AC_No":1,"AC_No_1":1,"AC_Name":"NARELA","Ward_No":1,"WardName":"NARELA","TotalPop":54908,"SC_Pop":11618,"NW2022":"1, NARELA"},"id":135},
{"type":"Feature","geometry":{"type":"Polygon","coordinates":[[[77.0556647,28.6626325],[77.0553027,28.6628914],[77.0546694,28.6634106],[77.0542914,28.6637008],[77.0532967,28.6643858],[77.0529825,28.6646369],[77.0528762,28.6645289],[77.0516906,28.6635461],[77.0513662,28.6638143],[77.051125,28.6638221],[77.0505586,28.6638775],[77.050479,28.6639538],[77.0503959,28.6642308],[77.0504543,28.6644145],[77.0511237,28.6647626],[77.051241,28.6647528],[77.05124,28.665558],[77.0515327,28.6655538],[77.051574,28.6664373],[77.0504733,28.6664481],[77.0504992,28.6677269],[77.0488861,28.6677614],[77.0488893,28.66869],[77.0462335,28.6687168],[77.0462452,28.6696829],[77.0464811,28.6696836],[77.0464961,28.6701728],[77.0464422,28.6701789],[77.0464452,28.670844],[77.0461991,28.6708867],[77.0464174,28.6711605],[77.0466071,28.6713523],[77.0463426,28.6714764],[77.0461013,28.6712459],[77.0457969,28.6710199],[77.0455757,28.6708851],[77.0445029,28.6703932],[77.0420813,28.6692329],[77.0418563,28.6691001],[77.0415352,28.6688624],[77.0404166,28.6678478],[77.0396688,28.6672332],[77.0390466,28.6667462],[77.038597,28.6663451],[77.0375326,28.6655629],[77.0359021,28.6643472],[77.034722,28.6634793],[77.0341638,28.663901],[77.032761,28.6649343],[77.0313143,28.6663442],[77.0307698,28.6668953],[77.0306056,28.6670415],[77.0299426,28.6675364],[77.0292577,28.6680004],[77.028641,28.6683834],[77.0280558,28.6686897],[77.0263676,28.6695873],[77.0259163,28.6698113],[77.0254721,28.6699874],[77.0241086,28.6706111],[77.023847,28.6707054],[77.0225213,28.671264],[77.0220942,28.6714705],[77.0210061,28.6719053],[77.0205566,28.6720527],[77.0198774,28.6722997],[77.0192415,28.6725598],[77.0187898,28.6726658],[77.0183418,28.6727328],[77.01758,28.6728072],[77.0166355,28.6729695],[77.0156566,28.6730486],[77.0142566,28.6731381],[77.0141675,28.6730943],[77.0135887,28.6730646],[77.0129104,28.6730626],[77.0117064,28.6730795],[77.0113916,28.6731285],[77.0109634,28.6732459],[77.0097606,28.6735043],[77.0092062,28.6735465],[77.008434,28.6736936],[77.0073638,28.6738807],[77.0070743,28.6739184],[77.0069095,28.6730177],[77.0067857,28.67241],[77.0064821,28.6713991],[77.0062629,28.6708063],[77.005854,28.6697688],[77.0045567,28.6670708],[77.0044645,28.6671014],[77.0039054,28.6665807],[77.0036769,28.6663354],[77.0029659,28.6650385],[77.0028571,28.664868],[77.0024893,28.6640128],[77.0017475,28.6627414],[77.0017061,28.6626233],[77.0012362,28.6616407],[77.000902,28.6610884],[77.0002714,28.6600076],[76.9999958,28.6594565],[76.9996401,28.6586837],[76.9994326,28.6583676],[76.9991194,28.6578511],[76.9987505,28.6572917],[76.9983653,28.6567361],[76.9982372,28.6565133],[76.997978,28.6562186],[76.9972471,28.6551886],[76.9967565,28.6545737],[76.9963201,28.6539749],[76.9960729,28.6537467],[76.9955964,28.6539393],[76.9953759,28.6541065],[76.9951676,28.6543771],[76.9949512,28.6547279],[76.9947252,28.6551419],[76.994435,28.6553658],[76.9941495,28.6554961],[76.9935361,28.6558088],[76.9932794,28.655973],[76.9927442,28.656263],[76.9926565,28.6560859],[76.9916805,28.6546766],[76.9911185,28.6538133],[76.9906874,28.6532018],[76.9906192,28.6529729],[76.990575,28.6524304],[76.9905759,28.651001],[76.9905602,28.6492346],[76.9905691,28.6481505],[76.9905652,28.6469883],[76.9904846,28.6465987],[76.9903254,28.646332],[76.9897755,28.6457474],[76.9887074,28.6446707],[76.9901583,28.6436869],[76.9903416,28.643538],[76.99062,28.64299],[76.99113,28.64108],[76.9914831,28.639967],[76.9926526,28.6390902],[76.9941854,28.6382201],[76.9954157,28.6372678],[76.9965513,28.636326],[76.9972405,28.6352086],[76.9979336,28.633942],[76.9998402,28.6339306],[76.9998691,28.6344286],[76.999196,28.6344405],[76.9991939,28.6350135],[76.9998349,28.6350212],[76.9999201,28.6351785],[76.999713,28.6354432],[76.9995178,28.6359943],[76.9993345,28.6361479],[76.9984902,28.6370618],[76.9973334,28.6382841],[77.0002613,28.6403839],[77.0013944,28.6391696],[77.0023353,28.6382121],[77.0025189,28.6376173],[77.0028011,28.6369733],[77.0031073,28.6363442],[77.0037198,28.6353095],[77.003937,28.634909],[77.0048672,28.6358138],[77.0055119,28.6363995],[77.0059191,28.6367532],[77.0063868,28.6371819],[77.0067195,28.6374669],[77.0076563,28.6382326],[77.0077752,28.6381586],[77.0078648,28.6384077],[77.0091392,28.6392483],[77.0101515,28.639971],[77.0103876,28.640115],[77.0102828,28.6402467],[77.0102655,28.6406453],[77.0103106,28.6418008],[77.0104977,28.6418999],[77.0109311,28.6418835],[77.0110063,28.6420892],[77.0120302,28.6420815],[77.0120298,28.6419459],[77.013371,28.6419197],[77.013373,28.6419646],[77.0137582,28.6421285],[77.0138858,28.6419502],[77.0144725,28.6422429],[77.0149683,28.6425562],[77.0149185,28.6426246],[77.0159586,28.6432789],[77.016017,28.6432685],[77.0167291,28.6437108],[77.0167163,28.6437433],[77.017458,28.644196],[77.0179399,28.6444759],[77.0186384,28.6448241],[77.0200885,28.6454869],[77.0211898,28.6460582],[77.0218741,28.6464292],[77.0219686,28.6464024],[77.0224,28.6466515],[77.0239103,28.6475484],[77.0251683,28.6483107],[77.0263691,28.649017],[77.0264903,28.6491341],[77.0269188,28.6493751],[77.0272187,28.6495153],[77.0277333,28.6497826],[77.028013,28.6498737],[77.0301876,28.6510068],[77.0302266,28.6511025],[77.0305328,28.6512486],[77.0312787,28.6516318],[77.0324322,28.6522044],[77.0337329,28.652773],[77.0342879,28.6530061],[77.0353546,28.6534918],[77.0364416,28.6539633],[77.0374886,28.6544305],[77.039658,28.6552679],[77.03993,28.6553649],[77.0402086,28.6555315],[77.0402243,28.6555866],[77.040793,28.6560688],[77.0412443,28.6557549],[77.0421389,28.6550901],[77.0422432,28.6550279],[77.0433609,28.6542287],[77.0438389,28.6539373],[77.0446113,28.6535667],[77.0452868,28.6532553],[77.0459624,28.6529563],[77.0462196,28.6528782],[77.0481259,28.6528505],[77.0500889,28.6528305],[77.0509397,28.6528098],[77.0528737,28.6527693],[77.0529039,28.6552858],[77.0529382,28.6567053],[77.0530306,28.6570574],[77.0535961,28.6580562],[77.0540671,28.6588702],[77.0550056,28.6604435],[77.0554119,28.6611567],[77.0565214,28.6609943],[77.0565449,28.6617181],[77.0565307,28.6621681],[77.0556647,28.6626325]]]},"properties":{"fill-opacity":0,"stroke-opacity":1,"stroke":"#ff0000","WNo_SEC":110,"AC_No":31,"AC_No_1":31,"AC_Name":"VIKASPURI","Ward_No":110,"WardName":"KUNWAR SINGH NAGAR","TotalPop":55270,"SC_Pop":10830,"NW2022":"110, KUNWAR SINGH NAGAR"},"id":136},
{"type":"Feature","geometry":{"type":"Polygon","coordinates":[[[77.0350347,28.6486233],[77.0339642,28.6478883],[77.0332326,28.6473065],[77.0342014,28.6466927],[77.0345344,28.6463297],[77.0348866,28.6459802],[77.0368336,28.6459326],[77.0368184,28.6438873],[77.0378571,28.6438796],[77.0378591,28.6432163],[77.0384261,28.6432015],[77.0388059,28.6432062],[77.0400372,28.6431836],[77.0400538,28.6435285],[77.0400554,28.644277],[77.04187650010884,28.644264506173784],[77.0418795,28.6447773],[77.0411922,28.6447876],[77.0412152,28.6458824],[77.0403944,28.6458971],[77.0404201,28.6468731],[77.0404074,28.6473533],[77.0406366,28.6473581],[77.0412599,28.6473334],[77.0412554,28.6471622],[77.0423024,28.647154],[77.0435,28.64711],[77.04389,28.6464],[77.04431,28.64572],[77.0449574,28.644734],[77.0452301,28.6442944],[77.0454102,28.6440776],[77.0462625,28.6432591],[77.0464198,28.6430947],[77.0461101,28.6431186],[77.0461054,28.6429361],[77.0465828,28.6424974],[77.047094,28.6419909],[77.0475461,28.6414914],[77.0478859,28.6414697],[77.0478813,28.6411009],[77.0479916,28.6410822],[77.0488227,28.6403133],[77.0490129,28.6403136],[77.0490048,28.6398224],[77.0490378,28.6396577],[77.0494928,28.6396506],[77.0494437,28.6394251],[77.04926410089945,28.639431688307248],[77.0492647,28.6388038],[77.0492517,28.6381476],[77.0499322,28.6381429],[77.0499185,28.6376523],[77.0488968,28.6376618],[77.0488802,28.6364312],[77.0488481,28.6353848],[77.0488207,28.6339023],[77.04883058973829,28.6338512481077],[77.0496277,28.6338357],[77.0506389,28.6338319],[77.0518258,28.6338072],[77.0533958,28.6337924],[77.0540548,28.6338077],[77.0540967,28.6343629],[77.0541318,28.6354316],[77.0539985,28.6356251],[77.0536097,28.6362728],[77.0531338,28.6370338],[77.0528136,28.6375751],[77.0527762,28.6377294],[77.0528441,28.6397571],[77.05285829966972,28.64093978048054],[77.053767,28.6409204],[77.0545712,28.6408926],[77.0558332,28.6408881],[77.0571116623931,28.64085010144642],[77.0571718,28.6417758],[77.0572427,28.6422831],[77.0572966,28.6425296],[77.0573498,28.6429812],[77.0574764,28.6438147],[77.057488,28.6440058],[77.0574217,28.6445722],[77.0572376,28.6453221],[77.0570085,28.6458863],[77.0566064,28.6465669],[77.056267,28.6470157],[77.0561551,28.6471243],[77.0550764,28.6480193],[77.0546783,28.6484205],[77.0543363,28.6487262],[77.053868,28.6490246],[77.0535591,28.6493224],[77.0531648,28.6497428],[77.0526954,28.6501372],[77.052219,28.6504941],[77.0518974,28.6506393],[77.0514791,28.6507728],[77.0506648,28.6509931],[77.0501885,28.6511048],[77.0483071,28.651335],[77.0468081,28.6514451],[77.0446661,28.651381],[77.0424311,28.6511985],[77.0417301,28.6511973],[77.0413546,28.6512356],[77.0409334,28.6510982],[77.0405728,28.6509484],[77.0399759,28.6508228],[77.0395371,28.6506776],[77.038385,28.6502423],[77.0373974,28.6499466],[77.0369701,28.649756],[77.0363487,28.649442],[77.0359824,28.6492433],[77.0353028,28.6488132],[77.0350347,28.6486233]]]},"properties":{"fill-opacity":0,"stroke-opacity":1,"stroke":"#ff0000","WNo_SEC":109,"AC_No":31,"AC_No_1":31,"AC_Name":"VIKASPURI","Ward_No":109,"WardName":"VIKAS NAGAR","TotalPop":51864,"SC_Pop":6999,"NW2022":"109, VIKAS NAGAR"},"id":137},
{"type":"Feature","geometry":{"type":"Polygon","coordinates":[[[77.0547931,28.6216124],[77.0548236,28.6214747],[77.0553075,28.621566],[77.0553039,28.6211953],[77.0560278,28.6211778],[77.0565541,28.6211806],[77.0565565,28.6218162],[77.0567146,28.6218466],[77.0566838,28.6219906],[77.0586328,28.6224516],[77.0603342,28.6229128],[77.06125,28.6232534],[77.0618571,28.6234943],[77.0617519,28.6237013],[77.0608252,28.625443],[77.0604637,28.6261322],[77.05965,28.62761],[77.05928,28.62888],[77.0590982,28.6296323],[77.05888,28.63041],[77.05869,28.63131],[77.05845,28.63198],[77.05955,28.63199],[77.0595827,28.6334818],[77.0595804,28.633734],[77.0604259,28.6340549],[77.0618876,28.6346454],[77.0619064,28.6346087],[77.0622691,28.6347381],[77.0619,28.63546],[77.0621226,28.6355529],[77.0619147,28.6359609],[77.0616051,28.6366187],[77.060871,28.6381116],[77.0606678,28.6384284],[77.060392,28.6387157],[77.060341,28.6387287],[77.0597713,28.6395732],[77.05908,28.63906],[77.0584,28.63872],[77.0581389,28.6387883],[77.057904,28.6389542],[77.0576911,28.6391389],[77.0572901,28.6396201],[77.0571617,28.6399742],[77.0571181,28.6404913],[77.0571116623931,28.64085010144642],[77.0558332,28.6408881],[77.0545712,28.6408926],[77.053767,28.6409204],[77.05285829966972,28.64093978048054],[77.0528441,28.6397571],[77.0527762,28.6377294],[77.0528136,28.6375751],[77.0531338,28.6370338],[77.0536097,28.6362728],[77.0539985,28.6356251],[77.0541318,28.6354316],[77.0540967,28.6343629],[77.0540548,28.6338077],[77.0533958,28.6337924],[77.0518258,28.6338072],[77.0506389,28.6338319],[77.0496277,28.6338357],[77.04883058973829,28.6338512481077],[77.0471865,28.6338587],[77.0471701,28.633351],[77.0471507,28.6320355],[77.0471587,28.631645],[77.0469655,28.6316423],[77.0469647,28.6311048],[77.0457696,28.6310969],[77.0449099,28.6311129],[77.044887,28.630381],[77.0439516,28.6304011],[77.0439183,28.62924],[77.044867,28.6292238],[77.0448489,28.6288018],[77.044634,28.6288069],[77.0446156,28.6278629],[77.0444604,28.6278521],[77.0444514,28.6273748],[77.0448409,28.62737],[77.0448489,28.6272502],[77.0450294,28.6272503],[77.0450228,28.6268378],[77.0449771,28.626025],[77.0462033,28.6259302],[77.0464985,28.6258884],[77.0469836,28.6257056],[77.0471786,28.6255798],[77.0474975,28.6254193],[77.0477106,28.6254049],[77.0480602,28.6251964],[77.0484114,28.6255473],[77.04889,28.6260021],[77.0492535,28.6263852],[77.0498179,28.6269523],[77.0501728,28.6272903],[77.0507022,28.6277392],[77.0508981,28.6279471],[77.0513053,28.6283206],[77.0519061,28.6283154],[77.0519101,28.62777],[77.0518919,28.6277509],[77.0512966,28.6277566],[77.0512916,28.6275555],[77.0518921,28.6275391],[77.0519111,28.6274549],[77.0518817,28.6269292],[77.0525697,28.6269157],[77.0525522,28.6266756],[77.052864,28.6266657],[77.0527776,28.6265823],[77.0527726,28.6264669],[77.0532378,28.6264569],[77.0532394,28.6263664],[77.0545963,28.6263618],[77.0545943,28.6262927],[77.0559569,28.6262756],[77.0559716,28.6272],[77.0566391,28.627192],[77.0566286,28.6267737],[77.0566344,28.6261855],[77.05661,28.62579],[77.05661,28.62479],[77.05662,28.62462],[77.0566103,28.6236499],[77.05662,28.62297],[77.0559,28.62296],[77.05539,28.62246],[77.05526,28.62229],[77.0552685,28.6217491],[77.0547846,28.6216507],[77.0547931,28.6216124]]]},"properties":{"fill-opacity":0,"stroke-opacity":1,"stroke":"#ff0000","WNo_SEC":108,"AC_No":31,"AC_No_1":31,"AC_Name":"VIKASPURI","Ward_No":108,"WardName":"HASTSAL","TotalPop":68864,"SC_Pop":9374,"NW2022":"108, HASTSAL"},"id":138},
{"type":"Feature","geometry":{"type":"Polygon","coordinates":[[[77.0618571,28.6234943],[77.0640806,28.6243777],[77.0641715,28.6242515],[77.0643159,28.6241421],[77.0648555,28.6238905],[77.0649756,28.6240161],[77.0653905,28.6241965],[77.0652617,28.6244377],[77.0653273,28.6245023],[77.066489,28.6249628],[77.0663314,28.6252975],[77.0672701,28.6256653],[77.0685693,28.6261344],[77.068434,28.6264272],[77.0676928,28.6278796],[77.0674622,28.6283182],[77.067306,28.6286762],[77.0671284,28.6289974],[77.0669155,28.6294307],[77.0656719,28.6295941],[77.0656348,28.6292225],[77.06561,28.628202],[77.0653595,28.6286459],[77.0651177,28.6292742],[77.0643884,28.6307172],[77.0640184,28.6314773],[77.0635724,28.6323568],[77.0628378,28.6338489],[77.0627036,28.6341006],[77.0624041,28.6347266],[77.0641947,28.6354082],[77.064452,28.6354838],[77.0645902,28.6354918],[77.0652735,28.635457],[77.0654176,28.6354955],[77.0661058,28.6344856],[77.06599,28.63277],[77.06692,28.63272],[77.0677,28.63266],[77.06875,28.63261],[77.0686609,28.6317517],[77.0689393,28.6317396],[77.0704279,28.6316438],[77.0714228,28.631594],[77.0731938,28.6314696],[77.0737254,28.6314419],[77.0739091,28.6314591],[77.074264,28.6316388],[77.0749433,28.6320148],[77.0761509,28.6327129],[77.0764603,28.6329332],[77.0764896,28.6329882],[77.0767508,28.6349788],[77.0768778,28.6360749],[77.0784613,28.6359167],[77.0783987,28.6352698],[77.0782655,28.6342614],[77.0782253,28.6338861],[77.0801299,28.6336633],[77.0808539,28.6335981],[77.0807463,28.6340652],[77.0806479,28.6348023],[77.080642,28.6351164],[77.08067,28.63517],[77.08073,28.6357],[77.08082,28.63615],[77.08108,28.63712],[77.08135,28.63782],[77.0814305,28.6381639],[77.0807395,28.638396],[77.0804514,28.6384727],[77.0800319,28.6385418],[77.0789353,28.6385635],[77.0764159,28.6385742],[77.0762457,28.6385817],[77.0762999,28.6395804],[77.076214,28.6396478],[77.0762252,28.6403421],[77.074086,28.6403736],[77.0738307,28.6403652],[77.073837,28.6410222],[77.0738731,28.642043],[77.0739053,28.6420796],[77.0739028,28.6425277],[77.0739377,28.6431014],[77.0739504,28.6438557],[77.0739785,28.644644],[77.072636,28.6446674],[77.0724734,28.6446987],[77.0723714,28.6448182],[77.0721092,28.6450458],[77.0728611,28.6457075],[77.0737269,28.646444],[77.0734202,28.6466821],[77.072993,28.6470748],[77.072375,28.6476192],[77.0715265,28.6483331],[77.07103052565961,28.64884332317277],[77.06976,28.6477],[77.06786,28.64606],[77.06575,28.64418],[77.0643,28.64287],[77.06241,28.6414],[77.0604,28.64004],[77.0597713,28.6395732],[77.060341,28.6387287],[77.060392,28.6387157],[77.0606678,28.6384284],[77.060871,28.6381116],[77.0616051,28.6366187],[77.0619147,28.6359609],[77.0621226,28.6355529],[77.0619,28.63546],[77.0622691,28.6347381],[77.0619064,28.6346087],[77.0618876,28.6346454],[77.0604259,28.6340549],[77.0595804,28.633734],[77.0595827,28.6334818],[77.05955,28.63199],[77.05845,28.63198],[77.05869,28.63131],[77.05888,28.63041],[77.0590982,28.6296323],[77.05928,28.62888],[77.05965,28.62761],[77.0604637,28.6261322],[77.0608252,28.625443],[77.0617519,28.6237013],[77.0618571,28.6234943]]]},"properties":{"fill-opacity":0,"stroke-opacity":1,"stroke":"#ff0000","WNo_SEC":107,"AC_No":31,"AC_No_1":31,"AC_Name":"VIKASPURI","Ward_No":107,"WardName":"VIKAS PURI","TotalPop":74846,"SC_Pop":12043,"NW2022":"107, VIKAS PURI"},"id":139},
{"type":"Feature","geometry":{"type":"Polygon","coordinates":[[[77.0332326,28.6473065],[77.0329126,28.6470645],[77.0318045,28.646184],[77.0313232,28.6457527],[77.0311267,28.6455544],[77.0302607,28.6448004],[77.0288901,28.6438216],[77.0282535,28.6434021],[77.0276817,28.6430078],[77.02723,28.6434249],[77.0271461,28.6434579],[77.0262194,28.6428331],[77.0249877,28.6421114],[77.0245823,28.6417832],[77.0243261,28.6414767],[77.0241163,28.6411217],[77.023873,28.6404329],[77.0234164,28.6387056],[77.0232436,28.6381069],[77.0231444,28.636537],[77.0231173,28.6356168],[77.0232797,28.6351476],[77.0233609,28.6346965],[77.0234193,28.6344988],[77.0240583,28.6344426],[77.02429,28.63439],[77.0243059,28.634333],[77.0248617,28.6343598],[77.0256387,28.6343188],[77.0264523,28.6344358],[77.0270045,28.6343655],[77.0276964,28.6336394],[77.0286557,28.6335881],[77.0293431,28.6335608],[77.0293345,28.6332227],[77.02997,28.63322],[77.0303654,28.6332401],[77.0303519,28.6328676],[77.0320319,28.6328366],[77.0320135,28.6321002],[77.0320079,28.6313629],[77.0338229,28.6313276],[77.0338237,28.6313665],[77.0347397,28.6313476],[77.0360137,28.6313333],[77.0370099,28.6312895],[77.037885,28.6312762],[77.0389383,28.6312833],[77.0396101,28.6312875],[77.0396298,28.6318925],[77.03966,28.63444],[77.03968,28.63485],[77.03968,28.63537],[77.0397,28.63546],[77.0397,28.63599],[77.03974,28.63708],[77.0397406,28.6377776],[77.0410862,28.6377593],[77.0430148,28.6377271],[77.0449629,28.6376996],[77.0449476,28.6370384],[77.0449452,28.6363869],[77.0445393,28.6363946],[77.0445288,28.6360495],[77.0444795,28.6360501],[77.0444606,28.6350019],[77.0444756,28.6339097],[77.0461182,28.6338872],[77.0471865,28.6338587],[77.04883058973829,28.6338512481077],[77.0488207,28.6339023],[77.0488481,28.6353848],[77.0488802,28.6364312],[77.0488968,28.6376618],[77.0499185,28.6376523],[77.0499322,28.6381429],[77.0492517,28.6381476],[77.0492647,28.6388038],[77.04926410089945,28.639431688307248],[77.0494437,28.6394251],[77.0494928,28.6396506],[77.0490378,28.6396577],[77.0490048,28.6398224],[77.0490129,28.6403136],[77.0488227,28.6403133],[77.0479916,28.6410822],[77.0478813,28.6411009],[77.0478859,28.6414697],[77.0475461,28.6414914],[77.047094,28.6419909],[77.0465828,28.6424974],[77.0461054,28.6429361],[77.0461101,28.6431186],[77.0464198,28.6430947],[77.0462625,28.6432591],[77.0454102,28.6440776],[77.0452301,28.6442944],[77.0449574,28.644734],[77.04431,28.64572],[77.04389,28.6464],[77.0435,28.64711],[77.0423024,28.647154],[77.0412554,28.6471622],[77.0412599,28.6473334],[77.0406366,28.6473581],[77.0404074,28.6473533],[77.0404201,28.6468731],[77.0403944,28.6458971],[77.0412152,28.6458824],[77.0411922,28.6447876],[77.0418795,28.6447773],[77.04187650010884,28.644264506173784],[77.0400554,28.644277],[77.0400538,28.6435285],[77.0400372,28.6431836],[77.0388059,28.6432062],[77.0384261,28.6432015],[77.0378591,28.6432163],[77.0378571,28.6438796],[77.0368184,28.6438873],[77.0368336,28.6459326],[77.0348866,28.6459802],[77.0345344,28.6463297],[77.0342014,28.6466927],[77.0332326,28.6473065]]]},"properties":{"fill-opacity":0,"stroke-opacity":1,"stroke":"#ff0000","WNo_SEC":112,"AC_No":31,"AC_No_1":31,"AC_Name":"VIKASPURI","Ward_No":112,"WardName":"SAINIK ENCLAVE","TotalPop":88571,"SC_Pop":7262,"NW2022":"112, SAINIK ENCLAVE"},"id":140},
{"type":"Feature","geometry":{"type":"Polygon","coordinates":[[[77.0243059,28.634333],[77.02429,28.63439],[77.0240583,28.6344426],[77.0234193,28.6344988],[77.0233609,28.6346965],[77.0232797,28.6351476],[77.0231173,28.6356168],[77.0231444,28.636537],[77.0232436,28.6381069],[77.0234164,28.6387056],[77.023873,28.6404329],[77.0241163,28.6411217],[77.0243261,28.6414767],[77.0245823,28.6417832],[77.0249877,28.6421114],[77.0262194,28.6428331],[77.0271461,28.6434579],[77.02723,28.6434249],[77.0276817,28.6430078],[77.0282535,28.6434021],[77.0288901,28.6438216],[77.0302607,28.6448004],[77.0311267,28.6455544],[77.0313232,28.6457527],[77.0318045,28.646184],[77.0329126,28.6470645],[77.0332326,28.6473065],[77.0339642,28.6478883],[77.0350347,28.6486233],[77.0353028,28.6488132],[77.0359824,28.6492433],[77.0363487,28.649442],[77.0369701,28.649756],[77.0373974,28.6499466],[77.038385,28.6502423],[77.0395371,28.6506776],[77.0399759,28.6508228],[77.0405728,28.6509484],[77.0409334,28.6510982],[77.0413546,28.6512356],[77.0417301,28.6511973],[77.0424311,28.6511985],[77.0446661,28.651381],[77.0468081,28.6514451],[77.0483071,28.651335],[77.0501885,28.6511048],[77.0506648,28.6509931],[77.0507538,28.651071],[77.0508319,28.6513922],[77.0509001,28.6520156],[77.050918,28.6526488],[77.0509397,28.6528098],[77.0500889,28.6528305],[77.0481259,28.6528505],[77.0462196,28.6528782],[77.0459624,28.6529563],[77.0452868,28.6532553],[77.0446113,28.6535667],[77.0438389,28.6539373],[77.0433609,28.6542287],[77.0422432,28.6550279],[77.0421389,28.6550901],[77.0412443,28.6557549],[77.040793,28.6560688],[77.0402243,28.6555866],[77.0402086,28.6555315],[77.03993,28.6553649],[77.039658,28.6552679],[77.0374886,28.6544305],[77.0364416,28.6539633],[77.0353546,28.6534918],[77.0342879,28.6530061],[77.0337329,28.652773],[77.0324322,28.6522044],[77.0312787,28.6516318],[77.0305328,28.6512486],[77.0302266,28.6511025],[77.0301876,28.6510068],[77.028013,28.6498737],[77.0277333,28.6497826],[77.0272187,28.6495153],[77.0269188,28.6493751],[77.0264903,28.6491341],[77.0263691,28.649017],[77.0251683,28.6483107],[77.0239103,28.6475484],[77.0224,28.6466515],[77.0219686,28.6464024],[77.0218741,28.6464292],[77.0211898,28.6460582],[77.0200885,28.6454869],[77.0186384,28.6448241],[77.0179399,28.6444759],[77.017458,28.644196],[77.0167163,28.6437433],[77.0167291,28.6437108],[77.016017,28.6432685],[77.0159586,28.6432789],[77.0149185,28.6426246],[77.0149683,28.6425562],[77.0144725,28.6422429],[77.0138858,28.6419502],[77.0137582,28.6421285],[77.013373,28.6419646],[77.013371,28.6419197],[77.0120298,28.6419459],[77.0120302,28.6420815],[77.0110063,28.6420892],[77.0109311,28.6418835],[77.0104977,28.6418999],[77.0103106,28.6418008],[77.0102655,28.6406453],[77.0102828,28.6402467],[77.0103876,28.640115],[77.0101515,28.639971],[77.0091392,28.6392483],[77.0078648,28.6384077],[77.0077752,28.6381586],[77.0079098,28.6380749],[77.0081504,28.6381213],[77.0085095,28.6381329],[77.0106499,28.6381117],[77.0110577,28.6380976],[77.0110937,28.6381196],[77.0115696,28.6381202],[77.0115519,28.6366064],[77.0115287,28.635997],[77.0115254,28.6349348],[77.011511,28.6346255],[77.0114933,28.6331415],[77.0114544,28.6312609],[77.011451,28.6299117],[77.0099646,28.6299025],[77.0099617,28.629406],[77.0100647,28.6294029],[77.0100489,28.6288767],[77.0100596,28.6282385],[77.0085169,28.6282801],[77.008523,28.6279625],[77.0080225,28.6279667],[77.008019,28.627615],[77.0052475,28.6277258],[77.0052528,28.6270682],[77.0052231,28.6264677],[77.0051414,28.6262896],[77.004687,28.6257317],[77.0042652,28.6251112],[77.004242,28.6249179],[77.0045338,28.6247398],[77.0051862,28.6244837],[77.0058476,28.6242477],[77.0066195,28.6240751],[77.0071307,28.6240639],[77.0075765,28.62424],[77.0090058,28.6250001],[77.009562,28.6252211],[77.0101177,28.6252922],[77.01076,28.62529],[77.0126106,28.6254092],[77.0136042,28.6254858],[77.0139353,28.6255208],[77.0142644,28.625729],[77.0146531,28.6260921],[77.0151633,28.6266468],[77.015523,28.6270102],[77.0158776,28.6272091],[77.0164185,28.6273222],[77.0169413,28.6273652],[77.0174533,28.6273098],[77.0178577,28.6271904],[77.0192004,28.6267316],[77.0195479,28.6266548],[77.0198668,28.6265606],[77.0210824,28.6264565],[77.021378,28.6264163],[77.02224,28.626377],[77.022269,28.627892],[77.0224599,28.6288155],[77.0229213,28.629735],[77.0241585,28.6315978],[77.024463,28.6322331],[77.0245031,28.6324019],[77.0245605,28.6328692],[77.0245266,28.6332115],[77.02458,28.63335],[77.0243059,28.634333]]]},"properties":{"fill-opacity":0,"stroke-opacity":1,"stroke":"#ff0000","WNo_SEC":111,"AC_No":31,"AC_No_1":31,"AC_Name":"VIKASPURI","Ward_No":111,"WardName":"BAPROLA","TotalPop":54328,"SC_Pop":7657,"NW2022":"111, BAPROLA"},"id":141},
{"type":"Feature","geometry":{"type":"Polygon","coordinates":[[[77.0989275,28.6090985],[77.0983397,28.6090146],[77.0976329,28.608975],[77.0971533,28.6090324],[77.0967345,28.609193],[77.0948069,28.610038],[77.0937619,28.6104811],[77.0925491,28.6110207],[77.0893822,28.6124034],[77.0881337,28.612998],[77.0867502,28.6135875],[77.0865536,28.6132145],[77.0859013,28.6122646],[77.0857677,28.6121387],[77.0854282,28.6120129],[77.0851421,28.6119328],[77.0848751,28.6118145],[77.0845852,28.611639],[77.0842838,28.6113873],[77.0839228,28.6111278],[77.0837765,28.610899],[77.0837917,28.6106281],[77.0835781,28.6103115],[77.0830326,28.6095943],[77.0827808,28.6092434],[77.0824451,28.6086292],[77.0819187,28.6077785],[77.0815372,28.6072407],[77.0813329,28.6068874],[77.081328,28.6068125],[77.0811491,28.6064722],[77.0811228,28.6062882],[77.0811506,28.6061265],[77.081271,28.6057329],[77.0815828,28.60534],[77.0818194,28.6051378],[77.0821516,28.6048892],[77.0829653,28.6042113],[77.0830237,28.604289],[77.0833207,28.604123],[77.0839982,28.6037784],[77.0847295,28.6033481],[77.0851392,28.603135],[77.0854469,28.6028062],[77.0855365,28.6025841],[77.0858041,28.6021243],[77.0859314,28.6019663],[77.0863946,28.6019517],[77.0870129,28.6016894],[77.0873213,28.6015211],[77.0876532,28.6014254],[77.0879508,28.6014209],[77.0883259,28.6014666],[77.0885673,28.6014721],[77.0887096,28.6014253],[77.0897233,28.6007544],[77.0901957,28.6012232],[77.0899599,28.6013791],[77.0904214,28.6018011],[77.0911833,28.6025308],[77.0922695,28.6017256],[77.0925123,28.6020474],[77.0939045,28.6039278],[77.0941898,28.6043418],[77.0946762,28.604964],[77.0952254,28.6054757],[77.0954107,28.6056802],[77.095778,28.6063743],[77.0961033,28.6070437],[77.0969257,28.6067347],[77.0974478,28.6065212],[77.0981596,28.6062457],[77.0985115,28.6061237],[77.0996474,28.6056399],[77.0997955,28.6055374],[77.1000459,28.6059339],[77.1001309,28.6061007],[77.0996329,28.6063195],[77.0996568,28.6064325],[77.0996607,28.6073517],[77.099681,28.607745],[77.0996745,28.6081327],[77.0996284,28.6082886],[77.1000843,28.6082783],[77.1006069,28.6082249],[77.1013508,28.6080875],[77.1020298,28.6078739],[77.1023083,28.6076908],[77.1032887,28.6071148],[77.104269,28.6065273],[77.1049252,28.6061649],[77.1060505,28.6054974],[77.1066875,28.6051502],[77.1072025,28.6048222],[77.1080875,28.6042957],[77.1086553,28.6039704],[77.1089574,28.6042633],[77.1098547,28.6053059],[77.1098782,28.6053467],[77.1096897,28.605402],[77.1084805,28.6059513],[77.1070033,28.6065481],[77.1060619,28.6069546],[77.105032,28.6073589],[77.1044292,28.6076183],[77.1036739,28.6079197],[77.1031621,28.6081491],[77.1022159,28.6085292],[77.1006998,28.6091666],[77.1005453,28.6092149],[77.1001696,28.6092384],[77.0998501,28.6092185],[77.0989275,28.6090985]]]},"properties":{"fill-opacity":0,"stroke-opacity":1,"stroke":"#ff0000","WNo_SEC":117,"AC_No":33,"AC_No_1":33,"AC_Name":"DWARKA","Ward_No":117,"WardName":"DABRI","TotalPop":66907,"SC_Pop":8083,"NW2022":"117, DABRI"},"id":142},
{"type":"Feature","geometry":{"type":"Polygon","coordinates":[[[77.102644,28.5969249],[77.1030707,28.5974354],[77.1045236,28.5991182],[77.1061386,28.600965],[77.1064,28.60129],[77.1072796,28.6023203],[77.1078759,28.6030523],[77.1086553,28.6039704],[77.1080875,28.6042957],[77.1072025,28.6048222],[77.1066875,28.6051502],[77.1060505,28.6054974],[77.1049252,28.6061649],[77.104269,28.6065273],[77.1032887,28.6071148],[77.1023083,28.6076908],[77.1020298,28.6078739],[77.1013508,28.6080875],[77.1006069,28.6082249],[77.1000843,28.6082783],[77.0996284,28.6082886],[77.0996745,28.6081327],[77.099681,28.607745],[77.0996607,28.6073517],[77.0996568,28.6064325],[77.0996329,28.6063195],[77.1001309,28.6061007],[77.1000459,28.6059339],[77.0997955,28.6055374],[77.0996474,28.6056399],[77.0985115,28.6061237],[77.0981596,28.6062457],[77.0974478,28.6065212],[77.0969257,28.6067347],[77.0961033,28.6070437],[77.095778,28.6063743],[77.0954107,28.6056802],[77.0952254,28.6054757],[77.0946762,28.604964],[77.0941898,28.6043418],[77.0939045,28.6039278],[77.0925123,28.6020474],[77.0935932,28.6017483],[77.093967,28.6024068],[77.0945504,28.6021133],[77.0951184,28.6028163],[77.0951459,28.6028297],[77.0958416,28.6024034],[77.0968741,28.6017386],[77.0969244,28.6016781],[77.0972664,28.6015283],[77.0973664,28.6017843],[77.0976986,28.6016304],[77.0974117,28.6012305],[77.0971058,28.6007392],[77.0965191,28.5998351],[77.0967195,28.5997267],[77.0971115,28.5994408],[77.0961017,28.5989368],[77.0966779,28.5985931],[77.0961552,28.5979519],[77.0964626,28.5977841],[77.0969095,28.5974919],[77.0972582,28.597223],[77.097681,28.5976237],[77.0973233,28.5979122],[77.0974975,28.5980445],[77.0979229,28.5976847],[77.0982292,28.5974504],[77.0984483,28.5972523],[77.0986015,28.5971532],[77.0989198,28.5968589],[77.0994761,28.5961996],[77.1000843,28.596632],[77.1002369,28.5967579],[77.1004963,28.5970287],[77.1008015,28.5975399],[77.1010069,28.5979945],[77.1011959,28.5978568],[77.1019326,28.5974164],[77.1026332,28.596912],[77.102644,28.5969249]]]},"properties":{"fill-opacity":0,"stroke-opacity":1,"stroke":"#ff0000","WNo_SEC":118,"AC_No":33,"AC_No_1":33,"AC_Name":"DWARKA","Ward_No":118,"WardName":"SAGARPUR","TotalPop":78790,"SC_Pop":8447,"NW2022":"118, SAGARPUR"},"id":143},
{"type":"Feature","geometry":{"type":"Polygon","coordinates":[[[77.0654998,28.5862819],[77.0670158,28.5880639],[77.0683361,28.5896016],[77.0696443,28.5911358],[77.0703837,28.5920126],[77.0706254,28.5923384],[77.0710606,28.5930158],[77.0715072,28.5938541],[77.0718402,28.5948145],[77.0716785,28.5948509],[77.0702444,28.5953671],[77.0691549,28.5957458],[77.0678316,28.5962138],[77.0668335,28.5965755],[77.0651951,28.5971508],[77.06353676421624,28.59829435730364],[77.0619727,28.5964274],[77.0611916,28.5955039],[77.0606859,28.5949325],[77.0592787,28.5932789],[77.0584281,28.5923106],[77.057719,28.5914603],[77.0554191,28.5929899],[77.0539222,28.593928],[77.0539815,28.5940111],[77.0521431,28.5952406],[77.0518096,28.5954742],[77.0499792,28.5966805],[77.0499061,28.5965966],[77.046339,28.5923672],[77.0444469,28.5902195],[77.0428338,28.5882362],[77.0422115,28.5873966],[77.0414787,28.5866014],[77.040989,28.5862046],[77.040617,28.5858593],[77.0400639,28.5852985],[77.0398159,28.5851002],[77.0401745,28.5849094],[77.0407925,28.5846806],[77.0406399,28.5839596],[77.0400715,28.5814953],[77.0397587,28.5806141],[77.0391865,28.5798359],[77.0387211,28.5793705],[77.0380688,28.5790501],[77.0378089,28.5787517],[77.0374663,28.5787119],[77.0373799,28.5787683],[77.0374967,28.5780373],[77.0375453,28.5778398],[77.0369816,28.5773258],[77.0358944,28.575037],[77.0352192,28.5735302],[77.0348761,28.5728975],[77.0349064,28.5728931],[77.0339413,28.5720959],[77.0328083,28.5709667],[77.0306454,28.5695896],[77.0295658,28.5682621],[77.0292269,28.5676991],[77.0336269,28.5671926],[77.0339418,28.5671771],[77.0374172,28.5668468],[77.0398309,28.5666493],[77.039501,28.5640522],[77.0393324,28.5627773],[77.0391333,28.5611032],[77.0390502,28.5605257],[77.0402715,28.5601992],[77.041612,28.5597328],[77.0431881,28.5591221],[77.0439129,28.5587864],[77.0452099,28.5581036],[77.0462437,28.557478],[77.0468729,28.5570881],[77.047195,28.5580578],[77.0472521,28.5583036],[77.047289,28.5591856],[77.0499668,28.5581328],[77.0515264,28.5600515],[77.0527258,28.5572832],[77.0534504,28.5567779],[77.0542664,28.5562251],[77.0582061,28.5535932],[77.0591449,28.5547125],[77.0630927,28.5592627],[77.0639291,28.558776],[77.0639907,28.5588714],[77.0647259,28.5598431],[77.0653323,28.56073],[77.0656897,28.5613319],[77.0659425,28.561865],[77.0662648,28.5625952],[77.0664447,28.5630765],[77.0666607,28.5638883],[77.0668964,28.5646839],[77.0671139,28.566103],[77.0671368,28.5673389],[77.067194,28.5682125],[77.0671978,28.5690441],[77.067152,28.5696354],[77.0670223,28.5703449],[77.0667312,28.5712069],[77.0661716,28.571519],[77.065538,28.5719663],[77.0645844,28.5725685],[77.0630079,28.5736665],[77.0619443,28.5743677],[77.0607588,28.5751821],[77.0604724,28.5753904],[77.0577392,28.5771727],[77.0582593,28.5778145],[77.0592928,28.5790065],[77.0619628,28.5821567],[77.0633162,28.5837334],[77.0643045,28.5848929],[77.0654998,28.5862819]]]},"properties":{"fill-opacity":0,"stroke-opacity":1,"stroke":"#ff0000","WNo_SEC":120,"AC_No":34,"AC_No_1":34,"AC_Name":"MATIALA","Ward_No":120,"WardName":"DWARKA-B","TotalPop":62971,"SC_Pop":2683,"NW2022":"120, DWARKA-B"},"id":144},
{"type":"Feature","geometry":{"type":"Polygon","coordinates":[[[77.0328196,28.6144285],[77.0332787,28.6130597],[77.0333391,28.61308],[77.0344547,28.6096844],[77.0355495,28.6062473],[77.0357932,28.6060736],[77.038253,28.6044425],[77.0395303,28.6036067],[77.0401614,28.6031726],[77.04222683323307,28.60179714651759],[77.0424557,28.6021175],[77.0435276,28.6030588],[77.0448094,28.6038837],[77.0456317,28.6042987],[77.0461626,28.604508],[77.0469462,28.6048474],[77.0468302,28.6053692],[77.0468057,28.6059275],[77.0446923,28.6059777],[77.0419606622883,28.606054198869458],[77.0416761,28.6060372],[77.0405379,28.6067912],[77.0404815,28.6068094],[77.0404079,28.6072016],[77.0414219,28.6074577],[77.0417804,28.6075562],[77.0420453,28.6075568],[77.0424354,28.6096804],[77.0425631,28.6105072],[77.0440145,28.6104617],[77.0440391,28.6125975],[77.0442541,28.6126316],[77.0442917,28.6129555],[77.0449509,28.6125656],[77.0458654,28.6118621],[77.0465322,28.6117492],[77.0466098,28.611776],[77.0468197,28.6120033],[77.0475037,28.6120007],[77.047556,28.61184130281195],[77.0477266,28.6118461],[77.0492117,28.6118263],[77.0492348,28.6114504],[77.0491948,28.6113301],[77.0506814,28.6113177],[77.0508975,28.6112996],[77.050889,28.6109293],[77.0510668,28.6109252],[77.0510556,28.6103561],[77.0515894,28.6103371],[77.0515759,28.6097725],[77.0515484,28.6097429],[77.0515239,28.6092559],[77.0510831,28.6092527],[77.0510243,28.6092748],[77.050266299641,28.60927789959255],[77.0501492,28.609145],[77.05014,28.6086295],[77.0505969,28.6083631],[77.0513084,28.6077824],[77.0516707,28.6074685],[77.0520724,28.607079],[77.052846,28.6062679],[77.0532403,28.605904],[77.0533009,28.605848],[77.0547235,28.6047469],[77.0548882,28.6049118],[77.0549227,28.6050124],[77.0549525,28.6058116],[77.0549536,28.6070125],[77.0549899,28.6073979],[77.0556201,28.607385],[77.0556125,28.6076771],[77.0554463,28.6076776],[77.0554529,28.6089275],[77.055406,28.6092101],[77.0554037,28.6095308],[77.0554498,28.6113158],[77.0554855,28.6129852],[77.0543622,28.612993],[77.0543636,28.6130543],[77.0530411,28.6130833],[77.0530712,28.614272],[77.0530959,28.6147065],[77.0516731,28.6147172],[77.0505926,28.6147174],[77.050606,28.6153708],[77.0507551,28.6153708],[77.0507503,28.6155805],[77.0516049,28.6155904],[77.0530813,28.6155607],[77.0531257,28.6173798],[77.0524627,28.6173776],[77.052462,28.6174076],[77.051931,28.6174191],[77.0519376,28.6175586],[77.051221,28.6175567],[77.0511847,28.6175865],[77.0504735,28.6176053],[77.0496433,28.6176068],[77.0485071,28.6176202],[77.0482891,28.6176379],[77.0482844,28.6175072],[77.0476478,28.617533],[77.0476426,28.6169876],[77.0476729,28.6169656],[77.0476821,28.6160545],[77.0476158,28.6160556],[77.0475816,28.6158638],[77.0475766,28.6154126],[77.0468546,28.615422],[77.0468542,28.6153864],[77.0449735,28.6154091],[77.0448023,28.61539],[77.044805,28.6156688],[77.0448663,28.6168551],[77.044883,28.6177172],[77.0432765,28.6177199],[77.0432869,28.6183622],[77.0432844,28.6191641],[77.0421813,28.619188],[77.0421605,28.6192738],[77.0410676,28.6193195],[77.0410723,28.6194115],[77.0403079,28.6194659],[77.0389555,28.6195324],[77.0386884,28.6195121],[77.038403,28.6194486],[77.0376479,28.6192004],[77.0373736,28.6191239],[77.0373435,28.6182588],[77.0378799,28.6182537],[77.037864,28.6175913],[77.0373278,28.6175937],[77.0371082,28.6176135],[77.0364775,28.6176127],[77.0359327,28.6176279],[77.0359121,28.6165274],[77.0365967,28.6165119],[77.0367933,28.6165191],[77.0367931,28.6159847],[77.0367151,28.6159107],[77.0366837,28.615447],[77.0366782,28.6137953],[77.0358176,28.613791],[77.0338215,28.6138128],[77.0338257,28.6144146],[77.0328196,28.6144285]]]},"properties":{"fill-opacity":0,"stroke-opacity":1,"stroke":"#ff0000","WNo_SEC":122,"AC_No":34,"AC_No_1":34,"AC_Name":"MATIALA","Ward_No":122,"WardName":"MATIALA","TotalPop":54631,"SC_Pop":6093,"NW2022":"122, MATIALA"},"id":145},
{"type":"Feature","geometry":{"type":"Polygon","coordinates":[[[77.0219542,28.6206218],[77.0211216,28.6207867],[77.0209891,28.6208329],[77.0207001,28.6208081],[77.0201256,28.6206722],[77.0186413,28.6201586],[77.0182594,28.6200113],[77.0175778,28.6197973],[77.0165147,28.6194421],[77.0151766,28.618954],[77.0138618,28.6185024],[77.013492,28.6183509],[77.01164,28.6176935],[77.0106841,28.6173704],[77.0094744,28.6169531],[77.0089737,28.6167695],[77.0076933,28.6163193],[77.0075034,28.6162596],[77.0075727,28.6161974],[77.0065496,28.6158592],[77.0061023,28.6156895],[77.0053464,28.615381],[77.0039238,28.6147082],[77.0036053,28.614579],[77.0036736,28.6144322],[77.0036466,28.6141687],[77.0036349,28.6137253],[77.0040112,28.6130888],[77.0049387,28.6127206],[77.0054016,28.6125203],[77.0056249,28.6124543],[77.0065594,28.6122243],[77.0080367,28.6120463],[77.0101511,28.6114283],[77.0110676,28.6114298],[77.0121447,28.6116195],[77.0139461,28.6119113],[77.0142496,28.6120465],[77.0144897,28.6122965],[77.014831,28.6125543],[77.0151839,28.6126526],[77.0154551,28.6126894],[77.0156895,28.6126708],[77.0163031,28.6125269],[77.0162179,28.612351],[77.0157337,28.6117649],[77.015234,28.6112728],[77.0146388,28.6109739],[77.0138435,28.6104682],[77.0129067,28.609802],[77.0120207,28.6088564],[77.0118569,28.6086297],[77.0110149,28.6076412],[77.0106106,28.6070957],[77.0104883,28.6067242],[77.0105103,28.6060278],[77.0115548,28.6060041],[77.0120149,28.6060136],[77.0121538,28.6059837],[77.0121525,28.6062576],[77.0121836,28.6064814],[77.0123143,28.6067036],[77.0127205,28.6071583],[77.0133851,28.6079622],[77.013734,28.6083218],[77.0143669,28.6088888],[77.014487,28.6089677],[77.0146021,28.6086823],[77.0145368,28.6084242],[77.0145566,28.6076453],[77.0145027,28.6058051],[77.0144332,28.6050636],[77.0144958,28.6049234],[77.014997,28.6047537],[77.01609821901677,28.60428823423018],[77.0162593,28.604773],[77.0162855,28.6052128],[77.0163401,28.6053324],[77.0165667,28.6053364],[77.0168389,28.6055362],[77.016779,28.6056295],[77.0170763,28.6060079],[77.0172466,28.6060299],[77.01740278139535,28.606000602325583],[77.0175888,28.6060187],[77.0178374,28.6058285],[77.017936,28.6058221],[77.0186339,28.6058701],[77.0197817,28.6058352],[77.020739,28.6058141],[77.0206816,28.6044413],[77.0206146,28.6040792],[77.0205576,28.6039988],[77.020493,28.6019055],[77.0226243,28.6017765],[77.0229136,28.6017086],[77.0226248,28.6009402],[77.0223514,28.6000798],[77.022197,28.5994631],[77.0221243,28.5991028],[77.0220493,28.5984661],[77.0239093,28.5983733],[77.0247376,28.5982685],[77.025253,28.5981672],[77.025974,28.5979376],[77.0265992,28.5977187],[77.0270608,28.5975129],[77.0273309,28.5973677],[77.0277369,28.597113],[77.0288608,28.5984223],[77.028851,28.5984295],[77.0297873,28.5995222],[77.0297949379283,28.59951674433692],[77.0316821,28.6017228],[77.0326201,28.6028277],[77.0334784,28.6038197],[77.0344034,28.6049134],[77.0355495,28.6062473],[77.0344547,28.6096844],[77.0333391,28.61308],[77.0332787,28.6130597],[77.0328196,28.6144285],[77.0325882,28.6151058],[77.0318448,28.6174244],[77.0316319,28.6183335],[77.031411,28.6190143],[77.0313917,28.6190869],[77.0306536,28.6190649],[77.0301831,28.6190837],[77.028849,28.6191852],[77.0273172,28.6192929],[77.0264771,28.6193819],[77.0262254,28.6194267],[77.02498,28.61983],[77.0248,28.61991],[77.0242,28.62009],[77.02357,28.62026],[77.02312,28.62035],[77.0219521,28.6205455],[77.0219542,28.6206218]]]},"properties":{"fill-opacity":0,"stroke-opacity":1,"stroke":"#ff0000","WNo_SEC":123,"AC_No":34,"AC_No_1":34,"AC_Name":"MATIALA","Ward_No":123,"WardName":"KAKROLA","TotalPop":65930,"SC_Pop":10503,"NW2022":"123, KAKROLA"},"id":146},
{"type":"Feature","geometry":{"type":"Polygon","coordinates":[[[77.06353676421624,28.59829435730364],[77.0619221,28.5993519],[77.0618147,28.5994129],[77.0621161,28.5995786],[77.0625237,28.5997635],[77.0629172,28.5998923],[77.0635105,28.6000194],[77.0635035,28.600433],[77.0635122,28.601436],[77.0623735,28.6014435],[77.0623793,28.6017567],[77.0616261,28.6017688],[77.0616039,28.6015494],[77.0614474,28.6015492],[77.0613906,28.6009769],[77.0613055,28.6004643],[77.0611497,28.6001741],[77.06098645482912,28.599933628937592],[77.0607013,28.6001164],[77.055763,28.6034467],[77.0548188,28.6039971],[77.0546019,28.604113],[77.0539486,28.6044147],[77.0531761,28.6047004],[77.0527943,28.6048136],[77.0531046,28.6055269],[77.0532403,28.605904],[77.052846,28.6062679],[77.0520724,28.607079],[77.0516707,28.6074685],[77.0513084,28.6077824],[77.0505969,28.6083631],[77.05014,28.6086295],[77.0501492,28.609145],[77.050266299641,28.60927789959255],[77.0510243,28.6092748],[77.0510831,28.6092527],[77.0515239,28.6092559],[77.0515484,28.6097429],[77.0515759,28.6097725],[77.0515894,28.6103371],[77.0510556,28.6103561],[77.0510668,28.6109252],[77.050889,28.6109293],[77.0508975,28.6112996],[77.0506814,28.6113177],[77.0491948,28.6113301],[77.0492348,28.6114504],[77.0492117,28.6118263],[77.0477266,28.6118461],[77.047556,28.61184130281195],[77.0475037,28.6120007],[77.0468197,28.6120033],[77.0466098,28.611776],[77.0465322,28.6117492],[77.0458654,28.6118621],[77.0449509,28.6125656],[77.0442917,28.6129555],[77.0442541,28.6126316],[77.0440391,28.6125975],[77.0440145,28.6104617],[77.0425631,28.6105072],[77.0424354,28.6096804],[77.0420453,28.6075568],[77.0417804,28.6075562],[77.0414219,28.6074577],[77.0404079,28.6072016],[77.0404815,28.6068094],[77.0405379,28.6067912],[77.0416761,28.6060372],[77.0419606622883,28.606054198869458],[77.0446923,28.6059777],[77.0468057,28.6059275],[77.0468302,28.6053692],[77.0469462,28.6048474],[77.0461626,28.604508],[77.0456317,28.6042987],[77.0448094,28.6038837],[77.0435276,28.6030588],[77.0424557,28.6021175],[77.04222683323307,28.60179714651759],[77.0401614,28.6031726],[77.0395303,28.6036067],[77.038253,28.6044425],[77.0357932,28.6060736],[77.0355495,28.6062473],[77.0344034,28.6049134],[77.0334784,28.6038197],[77.0326201,28.6028277],[77.0316821,28.6017228],[77.0297949379283,28.59951674433692],[77.0297873,28.5995222],[77.028851,28.5984295],[77.0288608,28.5984223],[77.0277369,28.597113],[77.0273309,28.5973677],[77.0270608,28.5975129],[77.0265992,28.5977187],[77.025974,28.5979376],[77.025253,28.5981672],[77.0247376,28.5982685],[77.0239093,28.5983733],[77.0220493,28.5984661],[77.0221243,28.5991028],[77.022197,28.5994631],[77.0223514,28.6000798],[77.0226248,28.6009402],[77.0229136,28.6017086],[77.0226243,28.6017765],[77.020493,28.6019055],[77.0205576,28.6039988],[77.0206146,28.6040792],[77.0206816,28.6044413],[77.020739,28.6058141],[77.0197817,28.6058352],[77.0186339,28.6058701],[77.017936,28.6058221],[77.0178374,28.6058285],[77.0175888,28.6060187],[77.01740278139535,28.606000602325583],[77.0172466,28.6060299],[77.0170763,28.6060079],[77.016779,28.6056295],[77.0168389,28.6055362],[77.0165667,28.6053364],[77.0163401,28.6053324],[77.0162855,28.6052128],[77.0162593,28.604773],[77.01609821901677,28.60428823423018],[77.014997,28.6047537],[77.0144958,28.6049234],[77.0144332,28.6050636],[77.0145027,28.6058051],[77.0145566,28.6076453],[77.0145368,28.6084242],[77.0146021,28.6086823],[77.014487,28.6089677],[77.0143669,28.6088888],[77.013734,28.6083218],[77.0133851,28.6079622],[77.0127205,28.6071583],[77.0123143,28.6067036],[77.0121836,28.6064814],[77.0121525,28.6062576],[77.0121538,28.6059837],[77.0120149,28.6060136],[77.0115548,28.6060041],[77.0105103,28.6060278],[77.0105203,28.6057185],[77.0108399,28.6045964],[77.0110569,28.6040632],[77.0113554,28.6035431],[77.0118428,28.602911],[77.0122741,28.6025451],[77.0131702,28.6019726],[77.013834,28.6014576],[77.0147095,28.6006449],[77.0151394,28.6001068],[77.0152727,28.5996149],[77.0151882,28.5991955],[77.0150857,28.5987914],[77.0148606,28.5975352],[77.0144266,28.5963612],[77.0135556,28.5956477],[77.0110635,28.5944437],[77.0103548,28.5932435],[77.0103758,28.592547],[77.0107391,28.5918152],[77.01192868712293,28.591252706088895],[77.0137143,28.5913775],[77.014956,28.5917526],[77.0160589,28.5920388],[77.0171565,28.5920528],[77.0179422,28.5918898],[77.0185454,28.5911543],[77.0184108,28.5894916],[77.0175934,28.5879904],[77.0171949,28.5868764],[77.0171021,28.5856065],[77.0174305,28.5848449],[77.0183137,28.584408],[77.0200905,28.5840789],[77.0224112,28.5834995],[77.0246639,28.5829513],[77.0280112,28.5822656],[77.0297862,28.5818456],[77.0312899,28.5815809],[77.0347655,28.5804392],[77.0366718,28.5797144],[77.0373115,28.5790995],[77.0373799,28.5787683],[77.0374663,28.5787119],[77.0378089,28.5787517],[77.0380688,28.5790501],[77.0387211,28.5793705],[77.0391865,28.5798359],[77.0397587,28.5806141],[77.0400715,28.5814953],[77.0406399,28.5839596],[77.0407925,28.5846806],[77.0401745,28.5849094],[77.0398159,28.5851002],[77.0400639,28.5852985],[77.040617,28.5858593],[77.040989,28.5862046],[77.0414787,28.5866014],[77.0422115,28.5873966],[77.0428338,28.5882362],[77.0444469,28.5902195],[77.046339,28.5923672],[77.0499061,28.5965966],[77.0499792,28.5966805],[77.0518096,28.5954742],[77.0521431,28.5952406],[77.0539815,28.5940111],[77.0539222,28.593928],[77.0554191,28.5929899],[77.057719,28.5914603],[77.0584281,28.5923106],[77.0592787,28.5932789],[77.0606859,28.5949325],[77.0611916,28.5955039],[77.0619727,28.5964274],[77.06353676421624,28.59829435730364]]]},"properties":{"fill-opacity":0,"stroke-opacity":1,"stroke":"#ff0000","WNo_SEC":121,"AC_No":34,"AC_No_1":34,"AC_Name":"MATIALA","Ward_No":121,"WardName":"DWARKA-A","TotalPop":73208,"SC_Pop":6039,"NW2022":"121, DWARKA-A"},"id":147},
{"type":"Feature","geometry":{"type":"Polygon","coordinates":[[[77.024304,28.5604161],[77.0229684,28.5608544],[77.0204661,28.560766],[77.0203777,28.5601341],[77.011615,28.5602014],[77.0097689,28.5602386],[77.007979,28.5602425],[77.0068629,28.5602584],[77.0069109,28.5621339],[77.006928,28.563124],[77.0069207,28.5634389],[77.0069247,28.564691],[77.0066345,28.5649723],[77.0063177,28.5652467],[77.0049078,28.5652588],[77.0041965,28.5655346],[77.0034675,28.5657969],[77.0038782,28.5665575],[77.0040665,28.5669537],[77.0043046,28.5673802],[77.0047054,28.5682645],[77.0053344,28.5695397],[77.0063298,28.571529],[77.0066222,28.5721261],[77.0074775,28.5737891],[77.0078702,28.5745624],[77.0080902,28.5749594],[77.0084876,28.5757697],[77.0086782,28.576105],[77.00708,28.5764399],[77.005053,28.5768971],[77.0051216,28.5786948],[77.0047736,28.5787231],[77.0044463,28.5786609],[77.0037256,28.5785781],[77.0030756,28.5784512],[77.0030578,28.5785597],[77.0030894,28.5799625],[77.0031021,28.5809166],[77.0031222,28.5834576],[77.0021814,28.5835956],[77.0003934,28.5838785],[77.0008008,28.5843325],[76.9998711,28.5843521],[76.9998895,28.5848854],[76.9998334,28.5849261],[76.9983743,28.5849465],[76.9983889,28.585717],[76.9986694,28.585717],[76.998658,28.5865582],[76.9998226,28.5865293],[77.0011268,28.5865157],[77.001132,28.5870766],[77.0004399,28.5871038],[77.0004969,28.5885071],[77.0004986,28.5886908],[76.9980886,28.5887133],[76.9980993,28.5890819],[76.9981197,28.5909659],[76.9984396,28.5909786],[76.9989585,28.5911744],[76.9999991,28.5914094],[77.0004449,28.5914273],[77.0002039,28.5928909],[77.0000957,28.5934853],[76.9999167,28.5946618],[76.9997515,28.5955929],[76.9996544,28.5958038],[76.9996136,28.5964351],[76.9995662,28.5967475],[76.9979006,28.5967663],[76.9979018,28.5974404],[76.9967153,28.5974523],[76.9944762,28.5975108],[76.9944648,28.5967175],[76.9930074,28.5967383],[76.9930207,28.5975349],[76.9923647,28.5975366],[76.9906009,28.5975547],[76.9899468,28.5975109],[76.9896196,28.5983252],[76.9886411,28.5982825],[76.9876236,28.5982931],[76.9873445,28.5983155],[76.986402,28.5983324],[76.9864062,28.5978891],[76.9860874,28.5978955],[76.9860795,28.598307],[76.9856998,28.598309],[76.9857022,28.598428],[76.9852194,28.5984374],[76.9851801,28.5985949],[76.9847598,28.5986092],[76.9835781,28.5986282],[76.9835354,28.5986294],[76.9835227,28.5977461],[76.9835364,28.5972534],[76.9834975,28.5959367],[76.9834873,28.5947966],[76.9833,28.59494],[76.9831209,28.5949436],[76.9807247,28.5949227],[76.9798142,28.5949326],[76.9790992,28.5934204],[76.9787405,28.5926803],[76.9779865,28.592772],[76.9779634,28.592927],[76.9778551,28.5929191],[76.977926,28.5924329],[76.9771905,28.5922848],[76.9771853,28.592008],[76.9764074,28.5917635],[76.9751273,28.5912927],[76.975293,28.5911698],[76.9747035,28.5909872],[76.9725265,28.5901424],[76.9721329,28.5898774],[76.971777,28.5894909],[76.9713497,28.5891361],[76.9709492,28.5889339],[76.9707241,28.5887661],[76.9703922,28.5883961],[76.9700108,28.5878277],[76.9698315,28.5872631],[76.969656,28.5869465],[76.9694843,28.5867405],[76.9693175,28.5864802],[76.9689622,28.586505],[76.9689381,28.5870203],[76.9679588,28.5874504],[76.9675665,28.587466],[76.9675625,28.5884563],[76.9660317,28.5887954],[76.9662006,28.5892143],[76.9662704,28.5894451],[76.9648667,28.5894956],[76.9648833,28.5903866],[76.9635384,28.5904655],[76.963565,28.5913051],[76.9634858,28.5913582],[76.9622132,28.5918201],[76.9619296,28.5919363],[76.9611234,28.5908217],[76.9610305,28.5908203],[76.9593839,28.590892],[76.9586882,28.5908822],[76.9566238,28.5908823],[76.9553004,28.5909113],[76.9553571,28.5921582],[76.9549653,28.5922035],[76.9537859,28.5930508],[76.9535942,28.5932207],[76.9533624,28.5935583],[76.9532132,28.5936798],[76.9527415,28.5939206],[76.9521582,28.5942522],[76.9515434,28.5946637],[76.9508182,28.5951331],[76.9503544,28.5953206],[76.9499437,28.5954619],[76.949297,28.5957751],[76.94922,28.5957094],[76.9491874,28.5952574],[76.9491361,28.5924755],[76.9484684,28.5927723],[76.9484361,28.59102],[76.9471232,28.5910092],[76.9470722,28.5888348],[76.9449814,28.5888734],[76.9449033,28.5872296],[76.9429134,28.5872863],[76.9415272,28.587264],[76.9415491,28.587587],[76.9408492,28.5876392],[76.9408045,28.5878085],[76.9394836,28.5878696],[76.9394772,28.5875182],[76.938795,28.5874863],[76.9388429,28.5869498],[76.9374281,28.5869571],[76.9373923,28.5867467],[76.9366912,28.5867286],[76.9366814,28.5861945],[76.9366637,28.5860963],[76.9360272,28.5861335],[76.9358656,28.5851376],[76.9347549,28.5851436],[76.9346714,28.5851577],[76.9346811,28.5854446],[76.9339667,28.5854539],[76.9339713,28.585322],[76.9336428,28.5853267],[76.9336162,28.584633],[76.9346711,28.5843632],[76.9346474,28.5838099],[76.9346387,28.5826932],[76.9343164,28.5826796],[76.9343086,28.5819645],[76.9340014,28.5819646],[76.9339665,28.5808552],[76.9308116,28.578626],[76.9287056,28.5770515],[76.9273084,28.5754119],[76.9266324,28.5742619],[76.9258888,28.5728382],[76.9260587,28.5725283],[76.9264956,28.5721601],[76.9280833,28.5709001],[76.9282628,28.5707844],[76.9295967,28.5700772],[76.9296986,28.5699842],[76.9300564,28.5698229],[76.9308403,28.5693057],[76.9324772,28.5682377],[76.932024,28.5672779],[76.931448,28.5666828],[76.931097,28.5661259],[76.9308033,28.5656261],[76.9304295,28.5650768],[76.9302616,28.5648823],[76.9295109,28.5641607],[76.9287237,28.5635929],[76.9281729,28.5631668],[76.9281127,28.5631684],[76.9277744,28.5628948],[76.9274197,28.5623646],[76.9264507,28.5612965],[76.9261074,28.5607357],[76.9258709,28.5604801],[76.9255047,28.5602131],[76.9251003,28.5596676],[76.9247584,28.5593021],[76.9246424,28.5592041],[76.9237859,28.558204],[76.9234239,28.5577568],[76.923319,28.557511],[76.9230289,28.5567036],[76.9229144,28.5563375],[76.9224785,28.5555204],[76.921234,28.5559692],[76.9184205,28.5565339],[76.9184271,28.5557277],[76.9163534,28.5561132],[76.909062,28.5576743],[76.9089067,28.5576832],[76.9082436,28.5578601],[76.9074922,28.5581084],[76.9074494,28.5580195],[76.9069187,28.5580269],[76.902685,28.558102],[76.9026899,28.5556335],[76.9027203,28.5556171],[76.904732,28.5556324],[76.9047189,28.554009],[76.9046894,28.5523717],[76.9046756,28.5507129],[76.9040981,28.5507116],[76.9032594,28.5506938],[76.9032505,28.5502023],[76.9032591,28.5485308],[76.9019023,28.5485385],[76.9018895,28.5480872],[76.9018995,28.5473767],[76.9009222,28.5476274],[76.9003781,28.5476927],[76.8998257,28.5476898],[76.8995155,28.5475951],[76.8991558,28.5475374],[76.89907,28.5474993],[76.898934,28.5472464],[76.8972811,28.5478555],[76.8972105,28.5478891],[76.8965205,28.5480768],[76.8955423,28.5483789],[76.8950428,28.5486381],[76.8939177,28.5491358],[76.8937,28.54924],[76.8931343,28.5492084],[76.8929719,28.5492227],[76.892312,28.5491609],[76.8922934,28.5481205],[76.8922787,28.5479087],[76.8908822,28.5479282],[76.8908537,28.5475528],[76.8860972,28.5476286],[76.8860538,28.5464151],[76.8860373,28.5454869],[76.8860314,28.5446069],[76.8859967,28.5435263],[76.8856542,28.543606],[76.8852109,28.5428668],[76.8848298,28.5422868],[76.8846135,28.5423464],[76.8844617,28.5424983],[76.8841981,28.5420447],[76.8842707,28.5419659],[76.8845974,28.5418415],[76.8846393,28.5417169],[76.8845963,28.5406573],[76.8828617,28.5405893],[76.8828424,28.5385233],[76.8820706,28.5389797],[76.8805076,28.539817],[76.8802867,28.5398966],[76.8799716,28.5399151],[76.8792738,28.5396668],[76.8762619,28.5383098],[76.8762851,28.5377465],[76.8764007,28.5357684],[76.8763229,28.535531],[76.8762147,28.5354314],[76.8757918,28.5346567],[76.8754747,28.534307],[76.875279,28.5343458],[76.875123,28.5343191],[76.8748971,28.5340404],[76.8748514,28.5337664],[76.8748448,28.5333979],[76.8747827,28.5331241],[76.8746964,28.5328724],[76.8746717,28.532403],[76.8746876,28.5319114],[76.8750914,28.5316095],[76.8749386,28.5313009],[76.8749822,28.530527],[76.8744824,28.5305928],[76.8744404,28.5304366],[76.8741966,28.5298865],[76.8741775,28.529773],[76.874267,28.5292154],[76.8744273,28.5285732],[76.8747954,28.5279842],[76.8750886,28.5275878],[76.8759719,28.5265568],[76.8761629,28.5263094],[76.8762573,28.5261081],[76.8766932,28.5253283],[76.8772129,28.5247662],[76.8776204,28.5245923],[76.878142,28.5243376],[76.879497,28.5237374],[76.8799522,28.5235097],[76.8802472,28.5233307],[76.8803799,28.5232217],[76.8809705,28.5228941],[76.881481,28.5226633],[76.8820559,28.5223361],[76.8822887,28.5222186],[76.8825247,28.5221384],[76.8830221,28.5219101],[76.884002,28.5215095],[76.8846327,28.5212095],[76.8851568,28.5210041],[76.8860479,28.5208052],[76.8864361,28.5206693],[76.887059,28.5203762],[76.8871807,28.5202441],[76.8871626,28.5201185],[76.8870429,28.5197681],[76.8869093,28.5195299],[76.8861482,28.5182841],[76.8857552,28.5177022],[76.8853074,28.5170022],[76.8853554,28.5169164],[76.8852976,28.5167529],[76.8850185,28.5163419],[76.8849719,28.5162423],[76.8847943,28.5156038],[76.8846686,28.515214],[76.8845651,28.5150336],[76.8841867,28.5140878],[76.883564,28.5129008],[76.8833259,28.5124216],[76.8823818,28.5109732],[76.8820152,28.5103909],[76.8817446,28.5098632],[76.8816417,28.5097154],[76.8814598,28.5092774],[76.8814113,28.5090776],[76.8811966,28.5084256],[76.8811126,28.5080025],[76.8810427,28.5077797],[76.8810375,28.5074885],[76.8808459,28.5066543],[76.880608,28.5060376],[76.8805581,28.5056025],[76.8806687,28.5054401],[76.881434,28.5047],[76.8816716,28.5045036],[76.881903,28.5045933],[76.8821723,28.5044049],[76.8825345,28.504116],[76.8832403,28.503637],[76.8839399,28.5032211],[76.8844201,28.5029817],[76.8852836,28.5027585],[76.8857337,28.5025472],[76.8859822,28.5024646],[76.8859895,28.5023921],[76.8854837,28.501265],[76.8855044,28.5012334],[76.8859006,28.5012325],[76.8870064,28.5011752],[76.8875167,28.5011752],[76.8888554,28.501082],[76.8899983,28.5009305],[76.8906185,28.5008713],[76.8911381,28.500805],[76.8918194,28.5007712],[76.8921381,28.5007894],[76.8923698,28.5008903],[76.8927432,28.5011108],[76.8929989,28.5015621],[76.8932031,28.5018786],[76.8934124,28.5021535],[76.8936697,28.5025857],[76.8940352,28.5031344],[76.8942149,28.5032916],[76.8947216,28.5039338],[76.8948725,28.5042025],[76.8952082,28.5046197],[76.8956409,28.5051883],[76.8957824,28.5054102],[76.8958684,28.5056035],[76.8959553,28.5056799],[76.8960748,28.5058862],[76.8967296,28.5068924],[76.8972074,28.5075512],[76.8975131,28.5077845],[76.8976076,28.5078948],[76.8980646,28.5086286],[76.8983015,28.5088916],[76.898557,28.5090139],[76.8991763,28.5092617],[76.8994983,28.5094087],[76.8999438,28.5096821],[76.9009335,28.5095448],[76.9014703,28.5094603],[76.902069,28.5092957],[76.9026468,28.5089987],[76.9028413,28.5091008],[76.9032726,28.5094607],[76.9035211,28.509632],[76.9037089,28.5098043],[76.9040537,28.5102003],[76.9044102,28.510503],[76.9047433,28.5108293],[76.9052551,28.5114118],[76.9057849,28.5119661],[76.9064452,28.5125361],[76.9070451,28.5129403],[76.9074437,28.5131372],[76.9078676,28.5133839],[76.9093943,28.5125383],[76.9101615,28.5121255],[76.9108005,28.5121584],[76.911146,28.5122184],[76.9115908,28.51225],[76.9119914,28.5123219],[76.9121114,28.5123194],[76.9122969,28.5122175],[76.912722,28.5121017],[76.9129504,28.5120073],[76.9136471,28.5117862],[76.9144444,28.5114845],[76.9149181,28.5113314],[76.9154551,28.5110997],[76.91594,28.5108481],[76.9164922,28.5106047],[76.9167539,28.5104661],[76.9174269,28.5100221],[76.9182271,28.5094595],[76.9190474,28.5088578],[76.9192981,28.5086896],[76.9195728,28.5084136],[76.9199479,28.507825],[76.9201781,28.5076617],[76.9206243,28.5071408],[76.9207855,28.5068915],[76.9214742,28.5070349],[76.922854,28.5074385],[76.9238272,28.5078525],[76.924709,28.5083569],[76.9250078,28.5085563],[76.9257697,28.5090189],[76.9259823,28.509176],[76.9262804,28.5093364],[76.9268022,28.509695],[76.9269756,28.5098298],[76.9272314,28.5100846],[76.9275303,28.5104326],[76.927625,28.5105793],[76.9285779,28.5104677],[76.9293316,28.5103982],[76.9321044,28.5100983],[76.9324701,28.5100912],[76.9325784,28.5101136],[76.9338882,28.5100998],[76.934237,28.5100282],[76.9347748,28.509589],[76.9348997,28.509527],[76.9356198,28.5089814],[76.9362267,28.5085739],[76.9371544,28.5078938],[76.9376005,28.5075997],[76.9381428,28.5073044],[76.938691,28.5069238],[76.9389273,28.5067154],[76.9404815,28.5057463],[76.9424058,28.5047995],[76.9432223,28.504431],[76.9435002,28.5043902],[76.9438406,28.5043853],[76.9447058,28.5044682],[76.9452369,28.5045004],[76.9460279,28.5045228],[76.9463987,28.5045113],[76.9467656,28.5045288],[76.9488923,28.5045215],[76.9490208,28.5045068],[76.9513025,28.5046034],[76.9522432,28.5046585],[76.9532012,28.5048025],[76.9535222,28.5049419],[76.9547714,28.5055229],[76.9549878,28.5056498],[76.9557184,28.5061692],[76.9559423,28.5063516],[76.9565082,28.5067164],[76.9566311,28.5068345],[76.9570899,28.5071849],[76.9586014,28.5083059],[76.9589712,28.5085613],[76.9593715,28.5088929],[76.9598277,28.5091952],[76.9611771,28.5102514],[76.9622542,28.5109562],[76.9635433,28.5117814],[76.9635968,28.5117921],[76.9644081,28.5123452],[76.9651716,28.5128898],[76.9657473,28.5131176],[76.9659399,28.5131668],[76.9667331,28.5135146],[76.9678386,28.5138871],[76.9687002,28.5142726],[76.9693841,28.5147154],[76.9699983,28.5151526],[76.9703344,28.5150952],[76.9706501,28.5152986],[76.9714474,28.5158457],[76.9716986,28.5159608],[76.9719367,28.5161126],[76.9722895,28.5162734],[76.9735216,28.5169626],[76.9738204,28.5173375],[76.9742136,28.5176921],[76.975657,28.5185646],[76.9759734,28.5186125],[76.9762,28.5186846],[76.9763239,28.5187834],[76.9765182,28.5190394],[76.9772232,28.5198428],[76.9778921,28.5205746],[76.9784647,28.5211337],[76.9786708,28.520987],[76.9802839,28.5197757],[76.9804956,28.5195955],[76.9811035,28.5191617],[76.981466,28.5188537],[76.9816014,28.5186875],[76.9818664,28.5184357],[76.9827213,28.5175637],[76.9831109,28.5171491],[76.9833592,28.5169813],[76.9836163,28.5168874],[76.9845119,28.5164397],[76.985887,28.515708],[76.9861401,28.5155949],[76.986951,28.5152996],[76.9872983,28.5151594],[76.9882305,28.5147207],[76.9893844,28.5141023],[76.9899103,28.513896],[76.9904947,28.5136964],[76.9909339,28.5134899],[76.991076,28.5134878],[76.9913343,28.5138478],[76.9918299,28.5142333],[76.9923018,28.5147094],[76.9923551,28.5148278],[76.9927298,28.5153631],[76.9931195,28.5157375],[76.9936048,28.5163484],[76.9939461,28.5168585],[76.9945214,28.5176002],[76.9948434,28.5172799],[76.9949803,28.517191],[76.9954612,28.5169875],[76.9955702,28.517163],[76.9958729,28.5177509],[76.9959977,28.5179438],[76.9963825,28.5190126],[76.9966183,28.5193676],[76.9968252,28.5195964],[76.9974067,28.519281],[76.9976733,28.5191128],[76.9980849,28.5189133],[76.9989667,28.5184508],[76.9991211,28.5183839],[76.9993918,28.5181943],[76.9997759,28.5179691],[77.0001458,28.5178127],[77.0015123,28.5175667],[77.002669,28.5173006],[77.0030461,28.517169],[77.0037269,28.5168907],[77.0041783,28.5166853],[77.0044343,28.5165367],[77.0054422,28.5160582],[77.0058257,28.5159012],[77.0064449,28.5156892],[77.0081535,28.5152519],[77.0098201,28.5147153],[77.0099885,28.5146557],[77.0104877,28.5146483],[77.010497,28.5150498],[77.010735,28.5152974],[77.0113664,28.5159158],[77.0117755,28.5163412],[77.0119151,28.5164494],[77.0126472,28.517189],[77.0132936,28.5177771],[77.0136339,28.5180393],[77.014105,28.518467],[77.0144157,28.5187006],[77.0144792,28.5187834],[77.0147075,28.5189055],[77.0148779,28.5190511],[77.0155867,28.519707],[77.015995,28.520097],[77.016525,28.5205527],[77.0169367,28.5209265],[77.0169585,28.5211999],[77.01694,28.5215513],[77.0168743,28.5216995],[77.0165636,28.5221171],[77.0164357,28.5224084],[77.016221,28.522687],[77.0156044,28.5232795],[77.015414,28.5234467],[77.0150692,28.523795],[77.0144723,28.5242707],[77.0140609,28.5244846],[77.0134114,28.5246459],[77.0126196,28.5249234],[77.0123072,28.5250538],[77.0120228,28.5251382],[77.0119063,28.5251439],[77.011507,28.5252628],[77.0111879,28.5253164],[77.0108079,28.5254587],[77.0106516,28.5255398],[77.0102922,28.5258253],[77.0100629,28.5261364],[77.009806,28.5264151],[77.0096584,28.5264844],[77.0095284,28.5266152],[77.0092014,28.5267212],[77.0089768,28.526734],[77.0087123,28.5267947],[77.0081835,28.5270354],[77.0079535,28.5272341],[77.0070913,28.5277558],[77.0066335,28.5279834],[77.0057691,28.5284345],[77.0051796,28.5287018],[77.0049229,28.528861],[77.0043587,28.5291567],[77.0042355,28.5292872],[77.0037741,28.5295614],[77.003475,28.5298472],[77.0029478,28.5303959],[77.0026927,28.5304873],[77.0013612,28.531311],[77.0011485,28.5314021],[77.0009246,28.531655],[77.0008337,28.5320709],[77.0008894,28.5324426],[77.0010878,28.5334997],[77.0013075,28.5339692],[77.0016413,28.5344656],[77.0020914,28.5351036],[77.0028793,28.5364529],[77.0036035,28.5378603],[77.0041403,28.5387979],[77.0045547,28.5392645],[77.0056521,28.5398212],[77.0061281,28.540115],[77.0069328,28.5406332],[77.0074602,28.5410694],[77.0081142,28.5424485],[77.0083248,28.542939],[77.0087602,28.5435054],[77.0095043,28.5440731],[77.010806,28.5447602],[77.0119648,28.5454502],[77.0129452,28.5463352],[77.0137844,28.5476131],[77.0145702,28.5490894],[77.0156613,28.5508361],[77.0164113,28.5515985],[77.0177839,28.5526763],[77.019912,28.5542395],[77.0206745,28.5548583],[77.0219011,28.5562878],[77.0222317,28.5567773],[77.022337,28.5569057],[77.0237141,28.5591183],[77.024304,28.5604161]]]},"properties":{"fill-opacity":0,"stroke-opacity":1,"stroke":"#ff0000","WNo_SEC":125,"AC_No":34,"AC_No_1":34,"AC_Name":"MATIALA","Ward_No":125,"WardName":"CHHAWALA","TotalPop":81500,"SC_Pop":14750,"NW2022":"125, CHHAWALA"},"id":148},
{"type":"Feature","geometry":{"type":"Polygon","coordinates":[[[76.9835781,28.5986282],[76.9835354,28.5986297],[76.9835653,28.5996714],[76.983583,28.599814],[76.9835756,28.6009026],[76.9835884,28.6022168],[76.9836219,28.6030059],[76.9836136,28.6032127],[76.9836473,28.6043751],[76.9836513,28.6049558],[76.9836929,28.6061465],[76.9834835,28.6061572],[76.9833746,28.6061202],[76.9829816,28.6061232],[76.9824558,28.6061707],[76.9816364,28.6061945],[76.9816278,28.6065082],[76.9816453,28.6070738],[76.9816647,28.6082864],[76.9816956,28.6088039],[76.98189,28.6090936],[76.9823624,28.6097502],[76.9824427,28.6098303],[76.9818144,28.6101603],[76.9805285,28.6108127],[76.9791355,28.6114629],[76.9790584,28.6113553],[76.9789495,28.6109971],[76.9788741,28.610839],[76.9783078,28.6102386],[76.9772587,28.6090986],[76.9768789,28.6086622],[76.9762702,28.60802],[76.9754999,28.6070797],[76.9750212,28.6075549],[76.9746176,28.6082286],[76.9744501,28.6085593],[76.9743369,28.6087284],[76.973943,28.6089164],[76.9742025,28.6094211],[76.9745171,28.609981],[76.9750309,28.6109736],[76.9751059,28.6112151],[76.9746659,28.6111152],[76.9740547,28.6109411],[76.9732604,28.6107615],[76.9728204,28.6106406],[76.9718256,28.6104028],[76.9710927,28.6101781],[76.9698651,28.6098786],[76.9687498,28.6095609],[76.968305,28.6094563],[76.9673964,28.6092684],[76.9667028,28.6091694],[76.9661924,28.6091354],[76.9651357,28.6090425],[76.9633598,28.6089084],[76.9627714,28.6088869],[76.9618226,28.608826],[76.9617792,28.6088524],[76.9604243,28.6087623],[76.9594762,28.6087087],[76.9590346,28.6086748],[76.9577959,28.6086014],[76.9577978,28.6085643],[76.956859,28.6085098],[76.9553623,28.6084044],[76.9553669,28.6072879],[76.9552046,28.6072902],[76.955201,28.6067297],[76.9539904,28.6067352],[76.953996,28.6081318],[76.9537254,28.6081298],[76.9537318,28.6077477],[76.9531028,28.6077448],[76.9530131,28.6072865],[76.9535204,28.6072852],[76.9535204,28.6065983],[76.9528445,28.6066223],[76.9528468,28.6067464],[76.9512172,28.6067546],[76.9512258,28.6065611],[76.9510067,28.6065643],[76.9510022,28.6067613],[76.9500974,28.6067707],[76.9495962,28.6052169],[76.9490239,28.6035252],[76.9489352,28.6034119],[76.9459,28.6034221],[76.9458912,28.6024069],[76.9456415,28.6023934],[76.9456394,28.6017191],[76.944325,28.6021314],[76.9441616,28.6021935],[76.94434,28.6034355],[76.9419915,28.6034215],[76.9423949,28.6038789],[76.9424764,28.6056032],[76.9418238,28.6056096],[76.9418272,28.6063467],[76.9411682,28.6063323],[76.9411742,28.606622],[76.9412137,28.6069288],[76.94067,28.6069724],[76.940652,28.6067694],[76.940198,28.6067938],[76.9401505,28.6059791],[76.9397664,28.6059823],[76.9397542,28.6058586],[76.9393823,28.605864],[76.9393081,28.6048021],[76.9390581,28.6048176],[76.9376404,28.6059182],[76.9384503,28.6064391],[76.9397065,28.6071005],[76.94001,28.6072364],[76.9406126,28.6073939],[76.940782,28.6077818],[76.9412077,28.6077578],[76.9413421,28.6080066],[76.9415449,28.6079965],[76.9418267,28.6085368],[76.942221,28.6083521],[76.9427198,28.6090369],[76.94332,28.6087227],[76.9436216,28.6092341],[76.9433193,28.6094219],[76.9439904,28.610421],[76.944276,28.6109409],[76.9452817,28.6109014],[76.945318,28.6113271],[76.9459873,28.6113103],[76.9460593,28.6116837],[76.9462108,28.6116863],[76.9463928,28.6115786],[76.9473802,28.6110973],[76.9474201,28.6117516],[76.9474602,28.6135794],[76.9474651,28.6147851],[76.9474836,28.6153307],[76.9474967,28.6165191],[76.9476096,28.6166274],[76.9480177,28.6166272],[76.9481468,28.6166957],[76.9481587,28.6173916],[76.9481509,28.6182062],[76.9481978,28.6191074],[76.9482388,28.6193649],[76.9482052,28.6197864],[76.9481997,28.6203474],[76.9482376,28.622078],[76.9482861,28.6223456],[76.9483129,28.6244558],[76.9483328,28.6255471],[76.9483272,28.625736],[76.9483479,28.6267581],[76.9483723,28.6273435],[76.9483932,28.6285657],[76.9484004,28.6298034],[76.9484317,28.6311904],[76.9484376,28.6319416],[76.948261,28.6319689],[76.9452647,28.6330699],[76.9444546,28.6332731],[76.9443917,28.6331136],[76.9444468,28.6330891],[76.9443097,28.6327265],[76.9442431,28.6324714],[76.9440894,28.6321009],[76.9438988,28.6317245],[76.9437749,28.6313827],[76.9437026,28.6312476],[76.9436045,28.6309119],[76.9433376,28.6301768],[76.9432517,28.6299026],[76.9431262,28.629671],[76.9430684,28.6294793],[76.9429355,28.6286885],[76.9427857,28.6281365],[76.94271,28.6280143],[76.9424701,28.6273567],[76.942358,28.6270128],[76.9423001,28.6269132],[76.9418987,28.6264436],[76.9413444,28.6257289],[76.9411524,28.6255233],[76.9409006,28.6251629],[76.9403,28.6244028],[76.9399044,28.6239937],[76.9395679,28.6235358],[76.9393146,28.6231497],[76.9390196,28.6228882],[76.9381322,28.6221684],[76.9376874,28.6217502],[76.9370504,28.6210625],[76.93682,28.6207222],[76.9366343,28.6204073],[76.9363229,28.6200487],[76.9355951,28.619088],[76.9353536,28.6186657],[76.9352272,28.6183889],[76.9350779,28.6183258],[76.9349128,28.6184513],[76.9344007,28.6187205],[76.934075,28.6188477],[76.9337376,28.6189465],[76.9334533,28.619129],[76.9327432,28.6196869],[76.9326339,28.6198114],[76.9317385,28.6205244],[76.9314913,28.6206674],[76.9306686,28.6212357],[76.9304253,28.6213683],[76.9299033,28.6217059],[76.9296572,28.621932],[76.928614,28.6226525],[76.9279522,28.6230478],[76.9277634,28.6232948],[76.9276464,28.6233726],[76.9272144,28.6238253],[76.9264484,28.6247699],[76.9261913,28.625159],[76.9259416,28.6254773],[76.9257501,28.6257631],[76.9252418,28.6263571],[76.9248892,28.6268245],[76.9239241,28.6280171],[76.9230134,28.6287587],[76.9227666,28.6289914],[76.9223275,28.6294937],[76.9213868,28.6303592],[76.9207713,28.6309002],[76.9206056,28.6309881],[76.9196096,28.6313712],[76.9192861,28.6314856],[76.9182559,28.6316832],[76.9174634,28.6318213],[76.9165737,28.6318105],[76.9162528,28.6318423],[76.915507,28.6319965],[76.914194,28.6322016],[76.9139602,28.6319368],[76.9136643,28.6316496],[76.9131054,28.6311796],[76.9125869,28.6307976],[76.9124407,28.6306568],[76.911635,28.6299921],[76.9113439,28.6297242],[76.910657,28.6290273],[76.9100729,28.6285283],[76.9096817,28.6281273],[76.9090235,28.6274158],[76.9087173,28.6270454],[76.9085551,28.6269228],[76.9083183,28.6265526],[76.9080339,28.6262299],[76.9078323,28.6259135],[76.9077294,28.6256709],[76.9075589,28.62567],[76.9073667,28.6252443],[76.9070232,28.6243271],[76.9065968,28.6236099],[76.9064502,28.6236693],[76.9059781,28.6239341],[76.9053036,28.6243963],[76.904951,28.6246041],[76.9040907,28.6251472],[76.9027967,28.625864],[76.9021245,28.6261909],[76.9014574,28.6263434],[76.9002643,28.6269399],[76.8996522,28.6273166],[76.8995016,28.6272659],[76.8994176,28.6273117],[76.8991655,28.6275715],[76.8987501,28.6279297],[76.898574,28.6281095],[76.8982231,28.6284164],[76.897557,28.6289222],[76.8969548,28.6293319],[76.8960568,28.6299774],[76.8949295,28.630651],[76.8945717,28.6308339],[76.8929572,28.6315308],[76.8918962,28.6314849],[76.891285,28.6316379],[76.890749,28.631838],[76.8900614,28.6319442],[76.8894374,28.6319936],[76.8893648,28.6319484],[76.8888849,28.631931],[76.8883887,28.6319751],[76.8881394,28.6316725],[76.8879428,28.6314677],[76.8874039,28.6311137],[76.8872908,28.6309315],[76.8872781,28.6305128],[76.886674,28.6306292],[76.8866371,28.6305989],[76.8862244,28.6298781],[76.8859658,28.6294582],[76.8856203,28.6288383],[76.8851022,28.6281438],[76.8845065,28.6266461],[76.8841993,28.6259705],[76.8842141,28.6255662],[76.8840745,28.6251408],[76.8840333,28.6246734],[76.883822,28.6241338],[76.883844,28.6239344],[76.8840432,28.6237847],[76.8840767,28.6236008],[76.8840473,28.6231992],[76.8839922,28.6230415],[76.8837398,28.6227818],[76.8831523,28.621623],[76.8828006,28.6205983],[76.8826947,28.6202663],[76.8825332,28.6199352],[76.8821439,28.6192933],[76.8817097,28.6186073],[76.881595,28.6181412],[76.881613,28.6179834],[76.8815246,28.6175957],[76.8809974,28.6160732],[76.8807393,28.6153119],[76.8805078,28.6147954],[76.8803911,28.6144832],[76.8801449,28.6139505],[76.8797675,28.6130087],[76.8796119,28.6126767],[76.8786609,28.610452],[76.8782983,28.6096217],[76.8781756,28.6094019],[76.8779405,28.6090555],[76.8777153,28.608775],[76.8771058,28.6079209],[76.8763211,28.6071236],[76.8758939,28.6066206],[76.8755129,28.6059886],[76.8753824,28.6058312],[76.8752238,28.6057658],[76.8748475,28.6055153],[76.8745907,28.605321],[76.8743222,28.6050602],[76.8741382,28.6049814],[76.8739903,28.6048644],[76.8734444,28.6042962],[76.8731089,28.6039775],[76.8726373,28.6034886],[76.8721818,28.6030864],[76.8719785,28.6030799],[76.8718056,28.6029561],[76.871547,28.6025402],[76.8714069,28.6022446],[76.8710598,28.6011129],[76.8708279,28.600315],[76.8705791,28.5993683],[76.8704217,28.598643],[76.8703287,28.5979887],[76.8702974,28.5975975],[76.8700209,28.5967398],[76.8698749,28.5963377],[76.8696666,28.5956913],[76.869514,28.5951774],[76.8690602,28.5940318],[76.868892,28.5934967],[76.8688198,28.5931587],[76.8686833,28.5928031],[76.8684019,28.5923289],[76.8682653,28.5919206],[76.8681775,28.5913967],[76.8680493,28.5910445],[76.8678404,28.5906092],[76.8676371,28.5902425],[76.8670749,28.589353],[76.8668548,28.5889515],[76.8664846,28.5886169],[76.8660339,28.5883833],[76.8657751,28.5879486],[76.865284,28.5874127],[76.8651133,28.5871927],[76.8648846,28.5868275],[76.8646172,28.5861427],[76.86449,28.5855552],[76.8642959,28.5855526],[76.863686,28.5856339],[76.8635892,28.585584],[76.8634791,28.5852901],[76.8634292,28.5852416],[76.8630887,28.5852896],[76.8627562,28.5852882],[76.8624008,28.5852498],[76.8611858,28.5850557],[76.8608018,28.5850453],[76.8604296,28.5850681],[76.8599811,28.5850624],[76.8595338,28.5850036],[76.8591383,28.5849735],[76.8584068,28.5849875],[76.8576703,28.5851039],[76.8570899,28.5852143],[76.8567367,28.5851758],[76.8562683,28.5851881],[76.8550167,28.5853214],[76.8543745,28.585342],[76.8539103,28.5853366],[76.8529387,28.585277],[76.8513827,28.5851013],[76.8506823,28.5849848],[76.8499474,28.5849338],[76.8486685,28.5847819],[76.8481685,28.5847709],[76.8472015,28.5847211],[76.8462037,28.5846953],[76.8458567,28.5846291],[76.8451192,28.5844343],[76.8446745,28.5842651],[76.8441366,28.5841267],[76.8420796,28.5833496],[76.8420179,28.5832876],[76.8413392,28.5829275],[76.8411275,28.5828894],[76.8406676,28.582744],[76.8404146,28.5826943],[76.8400886,28.582679],[76.8394626,28.5826858],[76.8394123,28.5826638],[76.8392724,28.5813278],[76.8392605,28.5808967],[76.8392167,28.5804038],[76.8392422,28.5803569],[76.8391531,28.579278],[76.8390745,28.5785525],[76.8389889,28.5779398],[76.8390032,28.5774966],[76.8390422,28.5771388],[76.8390711,28.5765904],[76.8390447,28.5755766],[76.8389432,28.5742959],[76.8387761,28.5738008],[76.8387801,28.5736034],[76.8389176,28.5733097],[76.8389098,28.572791],[76.8393238,28.5723947],[76.8394573,28.5722219],[76.8398677,28.5717851],[76.8400799,28.5715841],[76.8401697,28.5714352],[76.8402227,28.5711897],[76.8402258,28.5708672],[76.8401722,28.5695508],[76.8403038,28.5692731],[76.8404055,28.5687977],[76.8406939,28.5681683],[76.8408411,28.5677778],[76.8410556,28.5669589],[76.8411961,28.5666851],[76.8413276,28.5661471],[76.8414196,28.5656174],[76.8416134,28.5648689],[76.8417104,28.564378],[76.8418657,28.5639445],[76.8419984,28.5634766],[76.8422958,28.562756],[76.8423231,28.5626601],[76.8422281,28.5622612],[76.8420925,28.5617936],[76.8418924,28.5609253],[76.8418391,28.5606424],[76.8418803,28.5599775],[76.8419176,28.5595923],[76.8420695,28.5587122],[76.8421553,28.5580815],[76.842053,28.5572632],[76.8420516,28.556929],[76.8422571,28.5569764],[76.8422454,28.5565855],[76.8422845,28.5563378],[76.8424161,28.5561068],[76.8424528,28.5559696],[76.8426231,28.55576],[76.8430107,28.5555682],[76.8430467,28.5551621],[76.8431052,28.5549486],[76.8433716,28.55461],[76.8436475,28.5543675],[76.8437016,28.5542877],[76.8438392,28.5538661],[76.844067,28.5536015],[76.844356,28.5530612],[76.8445972,28.55296],[76.8447151,28.5527533],[76.8447731,28.5525398],[76.8449656,28.5523301],[76.8450784,28.5520697],[76.8452211,28.5513847],[76.8451689,28.5503542],[76.845375,28.5502924],[76.8456596,28.5501352],[76.8459761,28.549883],[76.8460466,28.5497109],[76.8462447,28.5495784],[76.8470625,28.5493312],[76.8476607,28.5491401],[76.8480204,28.5490762],[76.8483141,28.5490486],[76.8486528,28.5489318],[76.8490188,28.5488384],[76.8494585,28.5487557],[76.8502516,28.5486327],[76.8512306,28.5483568],[76.8518434,28.548141],[76.8522611,28.5480364],[76.8531163,28.5477262],[76.8540475,28.5474715],[76.8556062,28.5471728],[76.8563312,28.5469741],[76.8571478,28.5466678],[76.8577397,28.5465004],[76.8583557,28.5462434],[76.8587749,28.5461024],[76.8596166,28.5458847],[76.8603366,28.5457543],[76.8609485,28.5454931],[76.8613166,28.545387],[76.861596,28.545247],[76.8620009,28.5449809],[76.8623761,28.5447775],[76.8627564,28.5446167],[76.8637235,28.5440162],[76.8645545,28.5435624],[76.8651303,28.5430825],[76.865441,28.542802],[76.8655249,28.5426896],[76.8654672,28.5424043],[76.8656468,28.5420644],[76.8660293,28.5415383],[76.8662021,28.5412083],[76.8664899,28.5399426],[76.8665902,28.5397432],[76.8667187,28.5393355],[76.8667267,28.5391593],[76.8668729,28.5387343],[76.8669788,28.5383025],[76.8670991,28.5379011],[76.8671946,28.5375061],[76.8674588,28.5360425],[76.8677335,28.5358448],[76.8684881,28.5354707],[76.8688835,28.5352454],[76.8689258,28.5351544],[76.8686877,28.534816],[76.8687193,28.5347103],[76.8689424,28.534554],[76.8691278,28.5342725],[76.869351,28.5341273],[76.8697417,28.5339852],[76.8700978,28.5339009],[76.8704506,28.5339114],[76.8718746,28.5332049],[76.8720942,28.533362],[76.872252,28.5333537],[76.8727973,28.5331279],[76.872843,28.5330715],[76.8727182,28.53277],[76.8732022,28.5325729],[76.873221,28.5325472],[76.8729925,28.5320519],[76.8726586,28.5313672],[76.8724736,28.5309223],[76.8727908,28.5308005],[76.8730892,28.5307855],[76.8734295,28.5306908],[76.8736175,28.5305352],[76.8744824,28.5305928],[76.8749822,28.530527],[76.8749386,28.5313009],[76.8750914,28.5316095],[76.8746876,28.5319114],[76.8746717,28.532403],[76.8746964,28.5328724],[76.8747827,28.5331241],[76.8748448,28.5333979],[76.8748514,28.5337664],[76.8748971,28.5340404],[76.875123,28.5343191],[76.875279,28.5343458],[76.8754747,28.534307],[76.8757918,28.5346567],[76.8762147,28.5354314],[76.8763229,28.535531],[76.8764007,28.5357684],[76.8762851,28.5377465],[76.8762619,28.5383098],[76.8792738,28.5396668],[76.8799716,28.5399151],[76.8802867,28.5398966],[76.8805076,28.539817],[76.8820706,28.5389797],[76.8828424,28.5385233],[76.8828617,28.5405893],[76.8845963,28.5406573],[76.8846393,28.5417169],[76.8845974,28.5418415],[76.8842707,28.5419659],[76.8841981,28.5420447],[76.8844617,28.5424983],[76.8846135,28.5423464],[76.8848298,28.5422868],[76.8852109,28.5428668],[76.8856542,28.543606],[76.8859967,28.5435263],[76.8860314,28.5446069],[76.8860373,28.5454869],[76.8860538,28.5464151],[76.8860972,28.5476286],[76.8908537,28.5475528],[76.8908822,28.5479282],[76.8922787,28.5479087],[76.8922934,28.5481205],[76.892312,28.5491609],[76.8929719,28.5492227],[76.8931343,28.5492084],[76.8937,28.54924],[76.8939177,28.5491358],[76.8950428,28.5486381],[76.8955423,28.5483789],[76.8965205,28.5480768],[76.8972105,28.5478891],[76.8972811,28.5478555],[76.898934,28.5472464],[76.89907,28.5474993],[76.8991558,28.5475374],[76.8995155,28.5475951],[76.8998257,28.5476898],[76.9003781,28.5476927],[76.9009222,28.5476274],[76.9018995,28.5473767],[76.9018895,28.5480872],[76.9019023,28.5485385],[76.9032591,28.5485308],[76.9032505,28.5502023],[76.9032594,28.5506938],[76.9040981,28.5507116],[76.9046756,28.5507129],[76.9046894,28.5523717],[76.9047189,28.554009],[76.904732,28.5556324],[76.9027203,28.5556171],[76.9026899,28.5556335],[76.902685,28.558102],[76.9069187,28.5580269],[76.9074494,28.5580195],[76.9074922,28.5581084],[76.9082436,28.5578601],[76.9089067,28.5576832],[76.909062,28.5576743],[76.9163534,28.5561132],[76.9184271,28.5557277],[76.9184205,28.5565339],[76.921234,28.5559692],[76.9224785,28.5555204],[76.9229144,28.5563375],[76.9230289,28.5567036],[76.923319,28.557511],[76.9234239,28.5577568],[76.9237859,28.558204],[76.9246424,28.5592041],[76.9247584,28.5593021],[76.9251003,28.5596676],[76.9255047,28.5602131],[76.9258709,28.5604801],[76.9261074,28.5607357],[76.9264507,28.5612965],[76.9274197,28.5623646],[76.9277744,28.5628948],[76.9281127,28.5631684],[76.9281729,28.5631668],[76.9287237,28.5635929],[76.9295109,28.5641607],[76.9302616,28.5648823],[76.9304295,28.5650768],[76.9308033,28.5656261],[76.931097,28.5661259],[76.931448,28.5666828],[76.932024,28.5672779],[76.9324772,28.5682377],[76.9308403,28.5693057],[76.9300564,28.5698229],[76.9296986,28.5699842],[76.9295967,28.5700772],[76.9282628,28.5707844],[76.9280833,28.5709001],[76.9264956,28.5721601],[76.9260587,28.5725283],[76.9258888,28.5728382],[76.9266324,28.5742619],[76.9273084,28.5754119],[76.9287056,28.5770515],[76.9308116,28.578626],[76.9339665,28.5808552],[76.9340014,28.5819646],[76.9343086,28.5819645],[76.9343164,28.5826796],[76.9346387,28.5826932],[76.9346474,28.5838099],[76.9346711,28.5843632],[76.9336162,28.584633],[76.9336428,28.5853267],[76.9339713,28.585322],[76.9339667,28.5854539],[76.9346811,28.5854446],[76.9346714,28.5851577],[76.9347549,28.5851436],[76.9358656,28.5851376],[76.9360272,28.5861335],[76.9366637,28.5860963],[76.9366814,28.5861945],[76.9366912,28.5867286],[76.9373923,28.5867467],[76.9374281,28.5869571],[76.9388429,28.5869498],[76.938795,28.5874863],[76.9394772,28.5875182],[76.9394836,28.5878696],[76.9408045,28.5878085],[76.9408492,28.5876392],[76.9415491,28.587587],[76.9415272,28.587264],[76.9429134,28.5872863],[76.9449033,28.5872296],[76.9449814,28.5888734],[76.9470722,28.5888348],[76.9471232,28.5910092],[76.9484361,28.59102],[76.9484684,28.5927723],[76.9491361,28.5924755],[76.9491874,28.5952574],[76.94922,28.5957094],[76.949297,28.5957751],[76.9499437,28.5954619],[76.9503544,28.5953206],[76.9508182,28.5951331],[76.9515434,28.5946637],[76.9521582,28.5942522],[76.9527415,28.5939206],[76.9532132,28.5936798],[76.9533624,28.5935583],[76.9535942,28.5932207],[76.9537859,28.5930508],[76.9549653,28.5922035],[76.9553571,28.5921582],[76.9553004,28.5909113],[76.9566238,28.5908823],[76.9586882,28.5908822],[76.9593839,28.590892],[76.9610305,28.5908203],[76.9611234,28.5908217],[76.9619296,28.5919363],[76.9622132,28.5918201],[76.9634858,28.5913582],[76.963565,28.5913051],[76.9635384,28.5904655],[76.9648833,28.5903866],[76.9648667,28.5894956],[76.9662704,28.5894451],[76.9662006,28.5892143],[76.9660317,28.5887954],[76.9675625,28.5884563],[76.9675665,28.587466],[76.9679588,28.5874504],[76.9689381,28.5870203],[76.9689622,28.586505],[76.9693175,28.5864802],[76.9694843,28.5867405],[76.969656,28.5869465],[76.9698315,28.5872631],[76.9700108,28.5878277],[76.9703922,28.5883961],[76.9707241,28.5887661],[76.9709492,28.5889339],[76.9713497,28.5891361],[76.971777,28.5894909],[76.9721329,28.5898774],[76.9725265,28.5901424],[76.9747035,28.5909872],[76.975293,28.5911698],[76.9751273,28.5912927],[76.9764074,28.5917635],[76.9771853,28.592008],[76.9771905,28.5922848],[76.977926,28.5924329],[76.9778551,28.5929191],[76.9779634,28.592927],[76.9779865,28.592772],[76.9787405,28.5926803],[76.9790992,28.5934204],[76.9798142,28.5949326],[76.9807247,28.5949227],[76.9831209,28.5949436],[76.9833,28.59494],[76.9834873,28.5947966],[76.9834975,28.5959367],[76.9835364,28.5972534],[76.9835227,28.5977461],[76.9835354,28.5986294],[76.9835781,28.5986282]]]},"properties":{"fill-opacity":0,"stroke-opacity":1,"stroke":"#ff0000","WNo_SEC":126,"AC_No":35,"AC_No_1":35,"AC_Name":"NAJAFGARH","Ward_No":126,"WardName":"ISAPUR","TotalPop":76423,"SC_Pop":12170,"NW2022":"126, ISAPUR"},"id":149},
{"type":"Feature","geometry":{"type":"Polygon","coordinates":[[[76.9836929,28.6061465],[76.983727,28.6062212],[76.9840899,28.6065531],[76.9842696,28.6066626],[76.9843623,28.6067792],[76.9846422,28.6072601],[76.9847978,28.6074712],[76.9851864,28.6078393],[76.9855725,28.6080988],[76.9854457,28.6089023],[76.9853785,28.6091618],[76.985423,28.6094871],[76.9854997,28.6097108],[76.9855898,28.6101409],[76.9857057,28.6109695],[76.9856538,28.6112785],[76.9856453,28.6116092],[76.9856091,28.6118528],[76.9856068,28.612131],[76.9856385,28.6122753],[76.9857993,28.6125751],[76.985841,28.6127722],[76.9858522,28.6132762],[76.9858286,28.613436],[76.9857413,28.6135982],[76.9854771,28.6138212],[76.9852473,28.6140511],[76.9849877,28.6143549],[76.9846746,28.6145827],[76.9840559,28.6148681],[76.9836897,28.6150661],[76.9832817,28.61517],[76.9827776,28.615335],[76.9823642,28.6155129],[76.9820396,28.6151778],[76.9815008,28.6146744],[76.9813684,28.6145831],[76.9800454,28.6134117],[76.9799505,28.6134881],[76.9792764,28.6139054],[76.9785276,28.6142659],[76.9778381,28.6146205],[76.9777473,28.6146242],[76.9767973,28.6151069],[76.9765456,28.6152888],[76.9761915,28.6155982],[76.9755801,28.61618],[76.9754296,28.6163791],[76.9753701,28.6165259],[76.9753024,28.6168578],[76.9752568,28.6176989],[76.975143,28.6180538],[76.9749082,28.6183943],[76.9741605,28.6190894],[76.9729316,28.6201763],[76.972715,28.6204424],[76.9725963,28.6206384],[76.9725189,28.6208626],[76.9722427,28.6215302],[76.9721424,28.621722],[76.9717155,28.6222731],[76.9710747,28.6230193],[76.9703518,28.6238843],[76.9701748,28.6240309],[76.9698025,28.6244734],[76.9676521,28.6272205],[76.9673261,28.6276548],[76.9665816,28.6288236],[76.9655027,28.6305286],[76.9647245,28.631807],[76.9636828,28.6335617],[76.9630529,28.634591],[76.9627712,28.6350662],[76.9621582,28.6360632],[76.9615699,28.6370488],[76.9616543,28.6370865],[76.9612584,28.6377152],[76.9611846,28.6377728],[76.9604348,28.6390322],[76.9588908,28.6416755],[76.958298,28.642696],[76.957677,28.6437844],[76.9571007,28.6447815],[76.9570445,28.6447831],[76.9563579,28.6459556],[76.9560082,28.6465234],[76.9559314,28.6467245],[76.9553446,28.6476395],[76.9550112,28.6481867],[76.9545051,28.6489317],[76.9547227,28.6490341],[76.954749,28.6491898],[76.9548732,28.6492578],[76.9549096,28.649787],[76.955044,28.6498707],[76.9553244,28.6499174],[76.9555274,28.6497466],[76.9558615,28.6507722],[76.9558773,28.6516255],[76.9558572,28.65273],[76.9562012,28.6530354],[76.9565287,28.653544],[76.956874,28.6545739],[76.9575358,28.654938],[76.9574147,28.6556759],[76.9542899,28.6556744],[76.9542969,28.6557285],[76.9540208,28.6557296],[76.9540634,28.6562734],[76.953609,28.6562942],[76.9536767,28.6590687],[76.9531717,28.6576722],[76.9522718,28.6577496],[76.9522857,28.65755],[76.9520535,28.657434],[76.9519209,28.6572151],[76.9518453,28.6567864],[76.9518905,28.6566724],[76.9522353,28.6562914],[76.9507324,28.65632],[76.949095,28.6563316],[76.948743,28.6567961],[76.9484944,28.6572592],[76.9479017,28.6584641],[76.9489229,28.6593173],[76.9502197,28.6603036],[76.9508224,28.6608515],[76.9521374,28.6613994],[76.952868,28.6617099],[76.9537446,28.6617829],[76.9537629,28.6632806],[76.9544387,28.6633536],[76.9544546,28.6650991],[76.9544363,28.6650994],[76.9544356,28.6660136],[76.9544077,28.6667282],[76.9544613,28.6668092],[76.9534948,28.6675532],[76.9537431,28.6684333],[76.9538086,28.6688887],[76.9537962,28.6689484],[76.9526777,28.6693971],[76.9524163,28.6694912],[76.9516388,28.669511],[76.9510008,28.6694308],[76.9506983,28.6694421],[76.9505231,28.6694782],[76.9501154,28.6696182],[76.9498783,28.6696453],[76.9495808,28.669739],[76.9488629,28.6698975],[76.948541,28.6699523],[76.9482826,28.6699505],[76.948076,28.6699101],[76.9476602,28.6697806],[76.9475084,28.6697088],[76.9472092,28.669632],[76.9466993,28.6695583],[76.9459841,28.6694199],[76.9453792,28.6692739],[76.9449574,28.6692529],[76.9447272,28.6692211],[76.944469,28.6691451],[76.9441187,28.668998],[76.9437277,28.668783],[76.9434271,28.6685094],[76.9431469,28.6682238],[76.9429562,28.6680675],[76.9425971,28.66818],[76.9424389,28.6681953],[76.9418057,28.6682036],[76.9415554,28.6681268],[76.9411951,28.6681667],[76.9408328,28.6681802],[76.9404072,28.6681395],[76.9393574,28.6680125],[76.9390601,28.667966],[76.9382845,28.6679296],[76.9378374,28.6678501],[76.9373317,28.6677956],[76.9369874,28.6677897],[76.9365586,28.6678152],[76.9360477,28.6677741],[76.9358489,28.6677794],[76.9354992,28.6677033],[76.9350923,28.6675011],[76.9348113,28.6672887],[76.934545,28.6669738],[76.9343902,28.6668362],[76.9334673,28.6656423],[76.9331913,28.6650959],[76.9331375,28.6647096],[76.9331281,28.6642695],[76.9328884,28.6635387],[76.932829,28.6632154],[76.9326369,28.6624634],[76.9325928,28.6622258],[76.9324874,28.6619382],[76.9322521,28.6614469],[76.9321519,28.6612935],[76.9318547,28.6609372],[76.9316301,28.66058],[76.9315322,28.6602512],[76.9311738,28.659325],[76.9309587,28.6589616],[76.9306994,28.6586556],[76.9303211,28.6581421],[76.930058,28.6577056],[76.9297007,28.6572862],[76.929296,28.6566763],[76.9291485,28.6565908],[76.9288883,28.6561968],[76.9286699,28.6555798],[76.9285716,28.6554019],[76.9279453,28.6544745],[76.9273177,28.6536133],[76.9269082,28.6529449],[76.9265559,28.6524519],[76.9261224,28.6517928],[76.9257458,28.6512413],[76.9256833,28.6511861],[76.9253543,28.6506301],[76.9250743,28.6500885],[76.9248855,28.6496072],[76.9248886,28.6494277],[76.924975,28.6492901],[76.9252871,28.6489811],[76.925529,28.6487702],[76.9258413,28.6485864],[76.9262722,28.6482869],[76.9265218,28.6481525],[76.9267643,28.6479771],[76.9271764,28.6475695],[76.9274422,28.6472835],[76.92783,28.6469436],[76.9281235,28.6466535],[76.9285542,28.645883],[76.9287241,28.645675],[76.9293636,28.6451988],[76.929501,28.6450698],[76.9297887,28.6447013],[76.9300123,28.6443038],[76.9305683,28.6434325],[76.9306385,28.6432166],[76.9307709,28.6429269],[76.9313918,28.6422472],[76.9318534,28.6417791],[76.9326164,28.6412226],[76.933297,28.640684],[76.933714,28.6403174],[76.934324,28.6397368],[76.9349355,28.6391245],[76.9350821,28.6389187],[76.9353105,28.6386688],[76.9357452,28.6383468],[76.9359517,28.6381738],[76.9364441,28.637651],[76.9366803,28.6373673],[76.9369003,28.6372316],[76.9371736,28.6370053],[76.9375255,28.6366435],[76.9382274,28.6360768],[76.9384497,28.6359648],[76.9388656,28.6357039],[76.9392392,28.6354314],[76.9396552,28.6351779],[76.9401726,28.6349429],[76.9406108,28.6346726],[76.9412848,28.6343399],[76.9420012,28.6340521],[76.9426771,28.6336969],[76.9432001,28.6334796],[76.9443917,28.6331136],[76.9444546,28.6332731],[76.9452647,28.6330699],[76.948261,28.6319689],[76.9484376,28.6319416],[76.9484317,28.6311904],[76.9484004,28.6298034],[76.9483932,28.6285657],[76.9483723,28.6273435],[76.9483479,28.6267581],[76.9483272,28.625736],[76.9483328,28.6255471],[76.9483129,28.6244558],[76.9482861,28.6223456],[76.9482376,28.622078],[76.9481997,28.6203474],[76.9482052,28.6197864],[76.9482388,28.6193649],[76.9481978,28.6191074],[76.9481509,28.6182062],[76.9481587,28.6173916],[76.9481468,28.6166957],[76.9480177,28.6166272],[76.9476096,28.6166274],[76.9474967,28.6165191],[76.9474836,28.6153307],[76.9474651,28.6147851],[76.9474602,28.6135794],[76.9474201,28.6117516],[76.9473802,28.6110973],[76.9463928,28.6115786],[76.9462108,28.6116863],[76.9460593,28.6116837],[76.9459873,28.6113103],[76.945318,28.6113271],[76.9452817,28.6109014],[76.944276,28.6109409],[76.9439904,28.610421],[76.9433193,28.6094219],[76.9436216,28.6092341],[76.94332,28.6087227],[76.9427198,28.6090369],[76.942221,28.6083521],[76.9418267,28.6085368],[76.9415449,28.6079965],[76.9413421,28.6080066],[76.9412077,28.6077578],[76.940782,28.6077818],[76.9406126,28.6073939],[76.94001,28.6072364],[76.9397065,28.6071005],[76.9384503,28.6064391],[76.9376404,28.6059182],[76.9390581,28.6048176],[76.9393081,28.6048021],[76.9393823,28.605864],[76.9397542,28.6058586],[76.9397664,28.6059823],[76.9401505,28.6059791],[76.940198,28.6067938],[76.940652,28.6067694],[76.94067,28.6069724],[76.9412137,28.6069288],[76.9411742,28.606622],[76.9411682,28.6063323],[76.9418272,28.6063467],[76.9418238,28.6056096],[76.9424764,28.6056032],[76.9423949,28.6038789],[76.9419915,28.6034215],[76.94434,28.6034355],[76.9441616,28.6021935],[76.944325,28.6021314],[76.9456394,28.6017191],[76.9456415,28.6023934],[76.9458912,28.6024069],[76.9459,28.6034221],[76.9489352,28.6034119],[76.9490239,28.6035252],[76.9495962,28.6052169],[76.9500974,28.6067707],[76.9510022,28.6067613],[76.9510067,28.6065643],[76.9512258,28.6065611],[76.9512172,28.6067546],[76.9528468,28.6067464],[76.9528445,28.6066223],[76.9535204,28.6065983],[76.9535204,28.6072852],[76.9530131,28.6072865],[76.9531028,28.6077448],[76.9537318,28.6077477],[76.9537254,28.6081298],[76.953996,28.6081318],[76.9539904,28.6067352],[76.955201,28.6067297],[76.9552046,28.6072902],[76.9553669,28.6072879],[76.9553623,28.6084044],[76.956859,28.6085098],[76.9577978,28.6085643],[76.9577959,28.6086014],[76.9590346,28.6086748],[76.9594762,28.6087087],[76.9604243,28.6087623],[76.9617792,28.6088524],[76.9618226,28.608826],[76.9627714,28.6088869],[76.9633598,28.6089084],[76.9651357,28.6090425],[76.9661924,28.6091354],[76.9667028,28.6091694],[76.9673964,28.6092684],[76.968305,28.6094563],[76.9687498,28.6095609],[76.9698651,28.6098786],[76.9710927,28.6101781],[76.9718256,28.6104028],[76.9728204,28.6106406],[76.9732604,28.6107615],[76.9740547,28.6109411],[76.9746659,28.6111152],[76.9751059,28.6112151],[76.9750309,28.6109736],[76.9745171,28.609981],[76.9742025,28.6094211],[76.973943,28.6089164],[76.9743369,28.6087284],[76.9744501,28.6085593],[76.9746176,28.6082286],[76.9750212,28.6075549],[76.9754999,28.6070797],[76.9762702,28.60802],[76.9768789,28.6086622],[76.9772587,28.6090986],[76.9783078,28.6102386],[76.9788741,28.610839],[76.9789495,28.6109971],[76.9790584,28.6113553],[76.9791355,28.6114629],[76.9805285,28.6108127],[76.9818144,28.6101603],[76.9824427,28.6098303],[76.9823624,28.6097502],[76.98189,28.6090936],[76.9816956,28.6088039],[76.9816647,28.6082864],[76.9816453,28.6070738],[76.9816278,28.6065082],[76.9816364,28.6061945],[76.9824558,28.6061707],[76.9829816,28.6061232],[76.9833746,28.6061202],[76.9834835,28.6061572],[76.9836929,28.6061465]]]},"properties":{"fill-opacity":0,"stroke-opacity":1,"stroke":"#ff0000","WNo_SEC":127,"AC_No":35,"AC_No_1":35,"AC_Name":"NAJAFGARH","Ward_No":127,"WardName":"NAJAFGARH","TotalPop":68559,"SC_Pop":11316,"NW2022":"127, NAJAFGARH"},"id":150},
{"type":"Feature","geometry":{"type":"Polygon","coordinates":[[[77.0075034,28.6162596],[77.0073407,28.6163869],[77.0067672,28.6165212],[77.0063168,28.6166432],[77.0056669,28.6167962],[77.004792,28.6169867],[77.0038618,28.617237],[77.0038652,28.6170523],[76.9996908,28.6168984],[76.999566,28.6168958],[76.9995438,28.6155967],[76.9995146,28.6134905],[76.9989516,28.6134422],[76.9982528,28.6134532],[76.9978146,28.6134456],[76.9973557,28.6133624],[76.9962074,28.6130957],[76.9952402,28.6128398],[76.9947593,28.6127668],[76.9933939,28.6126781],[76.9926388,28.6126008],[76.9913679,28.6124905],[76.9903675,28.6124472],[76.9893889,28.6124356],[76.9887522,28.6124479],[76.9879803,28.6124762],[76.9875053,28.6125049],[76.9860682,28.6126587],[76.9857993,28.6125751],[76.9856385,28.6122753],[76.9856068,28.612131],[76.9856091,28.6118528],[76.9856453,28.6116092],[76.9856538,28.6112785],[76.9857057,28.6109695],[76.9855898,28.6101409],[76.9854997,28.6097108],[76.985423,28.6094871],[76.9853785,28.6091618],[76.9854457,28.6089023],[76.9855725,28.6080988],[76.9851864,28.6078393],[76.9847978,28.6074712],[76.9846422,28.6072601],[76.9843623,28.6067792],[76.9842696,28.6066626],[76.9840899,28.6065531],[76.983727,28.6062212],[76.9836929,28.6061465],[76.9836513,28.6049558],[76.9836473,28.6043751],[76.9836136,28.6032127],[76.9836219,28.6030059],[76.9835884,28.6022168],[76.9835756,28.6009026],[76.983583,28.599814],[76.9835653,28.5996714],[76.9835354,28.5986297],[76.9835781,28.5986282],[76.9847598,28.5986092],[76.9851801,28.5985949],[76.9852194,28.5984374],[76.9857022,28.598428],[76.9856998,28.598309],[76.9860795,28.598307],[76.9860874,28.5978955],[76.9864062,28.5978891],[76.986402,28.5983324],[76.9873445,28.5983155],[76.9876236,28.5982931],[76.9886411,28.5982825],[76.9896196,28.5983252],[76.9899468,28.5975109],[76.9906009,28.5975547],[76.9923647,28.5975366],[76.9930207,28.5975349],[76.9930074,28.5967383],[76.9944648,28.5967175],[76.9944762,28.5975108],[76.9967153,28.5974523],[76.9979018,28.5974404],[76.9979006,28.5967663],[76.9995662,28.5967475],[76.9995662,28.5968971],[77.0001703,28.5968954],[77.0006171,28.5968774],[77.0006442,28.5979466],[76.9999549,28.5979544],[76.9999269,28.5980317],[76.9999513,28.5985153],[76.9992857,28.5985299],[76.9991793,28.5990946],[76.9979125,28.599081],[76.9979535,28.6001652],[76.9990022,28.600171],[76.9989356,28.6007447],[76.9988674,28.6009898],[76.9987343,28.6017351],[76.9985154,28.6031204],[76.9987271,28.6030342],[76.9993269,28.6030231],[76.9993303,28.602835],[76.9999007,28.602595],[77.0012912,28.6020404],[77.0020305,28.6017088],[77.0027323,28.6013427],[77.0034306,28.6011646],[77.0034239,28.6009965],[77.0051866,28.6009722],[77.0077569,28.6009517],[77.0078247,28.6009424],[77.0078678,28.6006537],[77.0081414,28.6006043],[77.0085931,28.6006],[77.0085908,28.600737],[77.0096283,28.6007053],[77.0096307,28.6005759],[77.0103594,28.60056],[77.0123311,28.6004976],[77.0127224,28.6005253],[77.0134151,28.6005251],[77.0147095,28.6006449],[77.013834,28.6014576],[77.0131702,28.6019726],[77.0122741,28.6025451],[77.0118428,28.602911],[77.0113554,28.6035431],[77.0110569,28.6040632],[77.0108399,28.6045964],[77.0105203,28.6057185],[77.0105103,28.6060278],[77.0104883,28.6067242],[77.0106106,28.6070957],[77.0110149,28.6076412],[77.0118569,28.6086297],[77.0120207,28.6088564],[77.0129067,28.609802],[77.0138435,28.6104682],[77.0146388,28.6109739],[77.015234,28.6112728],[77.0157337,28.6117649],[77.0162179,28.612351],[77.0163031,28.6125269],[77.0156895,28.6126708],[77.0154551,28.6126894],[77.0151839,28.6126526],[77.014831,28.6125543],[77.0144897,28.6122965],[77.0142496,28.6120465],[77.0139461,28.6119113],[77.0121447,28.6116195],[77.0110676,28.6114298],[77.0101511,28.6114283],[77.0080367,28.6120463],[77.0065594,28.6122243],[77.0056249,28.6124543],[77.0054016,28.6125203],[77.0049387,28.6127206],[77.0040112,28.6130888],[77.0036349,28.6137253],[77.0036466,28.6141687],[77.0036736,28.6144322],[77.0036053,28.614579],[77.0039238,28.6147082],[77.0053464,28.615381],[77.0061023,28.6156895],[77.0065496,28.6158592],[77.0075727,28.6161974],[77.0075034,28.6162596]]]},"properties":{"fill-opacity":0,"stroke-opacity":1,"stroke":"#ff0000","WNo_SEC":129,"AC_No":35,"AC_No_1":35,"AC_Name":"NAJAFGARH","Ward_No":129,"WardName":"ROSHAN PURA","TotalPop":69828,"SC_Pop":10462,"NW2022":"129, ROSHAN PURA"},"id":151},
{"type":"Feature","geometry":{"type":"Polygon","coordinates":[[[77.2198135,28.7170953],[77.2199633,28.7170605],[77.2204482,28.7168156],[77.2208898,28.7167659],[77.2211962,28.7167622],[77.2218757,28.7188538],[77.2221846,28.7193739],[77.2223839,28.7199249],[77.2218194,28.7201848],[77.2188895,28.7212236],[77.21644,28.72211],[77.2162324,28.7221792],[77.21362,28.72318],[77.21336,28.72327],[77.20535,28.72622],[77.20382,28.72679],[77.2036,28.72688],[77.20135,28.72773],[77.19991,28.72813],[77.19803,28.72854],[77.1974,28.72867],[77.1958086,28.7290545],[77.1937021,28.7295761],[77.190855,28.7302623],[77.1887189,28.7307831],[77.1863801,28.7313484],[77.1857749,28.7314999],[77.1833565,28.7321305],[77.1831921,28.732165],[77.1831294,28.7312206],[77.1830288,28.7299057],[77.1829322,28.7284674],[77.1827322,28.725726],[77.1826212,28.7243649],[77.1825415,28.7229554],[77.1823156,28.7196264],[77.1822404,28.7186055],[77.1821918,28.7181581],[77.1821127,28.7177804],[77.1820285,28.7175111],[77.18175,28.71692],[77.18109,28.71574],[77.1806,28.71485],[77.18022,28.71514],[77.17974,28.71553],[77.1795531,28.7157],[77.1785513,28.7147787],[77.17793,28.7154],[77.1777169,28.7152273],[77.17722,28.7149],[77.17677,28.71428],[77.17669,28.71415],[77.17657,28.71369],[77.17661,28.71343],[77.17674,28.71301],[77.1767616,28.7128648],[77.17694,28.7123],[77.17698,28.71187],[77.17697,28.71171],[77.1768378,28.7108405],[77.1765404,28.7106364],[77.1760894,28.7102869],[77.1757733,28.7106632],[77.1750012,28.7114482],[77.1738503,28.7126889],[77.1735833,28.713042],[77.173067,28.7135588],[77.17191,28.71486],[77.1712,28.71438],[77.17053,28.71387],[77.17026,28.71371],[77.17001,28.71353],[77.16996,28.7136],[77.16942,28.71419],[77.1693175,28.7142368],[77.1687377,28.7148866],[77.1679784,28.7143473],[77.1679246,28.7142399],[77.1674443,28.7138122],[77.1735213,28.7071732],[77.1751879,28.7053743],[77.1761538,28.7041622],[77.1764836,28.7038064],[77.1768596,28.7039928],[77.1771058,28.7040896],[77.1767347,28.704605],[77.1767286,28.7048251],[77.1771867,28.7048927],[77.1771581,28.7053605],[77.17646,28.7058178],[77.1766749,28.7062153],[77.1765643,28.7062766],[77.1768047,28.7066267],[77.1770642,28.7069124],[77.1776646,28.7065489],[77.1777507,28.7065204],[77.1782067,28.7069572],[77.178538,28.7072266],[77.1777146,28.7084197],[77.1786412,28.7091145],[77.1791459,28.7089681],[77.1793043,28.7092091],[77.1794117,28.7092784],[77.180398,28.7096332],[77.180553,28.7096605],[77.1806192,28.7097914],[77.1809003,28.7099738],[77.181299,28.7102725],[77.1817314,28.7106453],[77.1816428,28.7107349],[77.18196,28.71101],[77.1827582,28.7115836],[77.1824392,28.711877],[77.183232,28.7124824],[77.1833648,28.7124778],[77.1836611,28.7121287],[77.1839178,28.7116284],[77.1843406,28.7117189],[77.1848685,28.711753],[77.1856801,28.7115436],[77.1857619,28.7117547],[77.186263,28.7115989],[77.1863029,28.711641],[77.1867217,28.7115],[77.1867916,28.7114554],[77.1867216,28.7112811],[77.1875011,28.7110394],[77.18752,28.7110849],[77.1879462,28.7109274],[77.1885204,28.7107609],[77.1887013,28.710749],[77.1891238,28.7106304],[77.189195,28.7107937],[77.1897382,28.7106138],[77.1915697,28.7101761],[77.1955395,28.7094592],[77.1985976,28.7083195],[77.1987514,28.7082806],[77.1998425,28.70751],[77.2001322,28.707266],[77.2006839,28.7137064],[77.2037778,28.713665],[77.2041858,28.7136736],[77.2040233,28.715289],[77.2047523,28.7153414],[77.2060247,28.7154591],[77.2065095,28.7155132],[77.2069178,28.7155224],[77.207901,28.7154076],[77.2083114,28.7153724],[77.2090133,28.7152614],[77.2109961,28.7148734],[77.2115073,28.7147826],[77.2117044,28.7147885],[77.2135401,28.7150337],[77.215743,28.7153909],[77.2156493,28.7155837],[77.2153985,28.7159238],[77.2151708,28.7164232],[77.2150185,28.7168334],[77.2150708,28.7170692],[77.2151573,28.7176512],[77.2152684,28.7181196],[77.2154708,28.7185139],[77.21632,28.71852],[77.2176541,28.7189026],[77.2178543,28.7185172],[77.2181249,28.7180566],[77.2183102,28.7176507],[77.2185505,28.7172871],[77.2189109,28.7174083],[77.2191652,28.7174297],[77.2193159,28.7173816],[77.2198135,28.7170953]]]},"properties":{"fill-opacity":0,"stroke-opacity":1,"stroke":"#ff0000","WNo_SEC":14,"AC_No":4,"AC_No_1":4,"AC_Name":"ADARSH NAGAR","Ward_No":14,"WardName":"DHIRPUR","TotalPop":59858,"SC_Pop":10544,"NW2022":"14, DHIRPUR"},"id":152},
{"type":"Feature","geometry":{"type":"Polygon","coordinates":[[[77.1674443,28.7138122],[77.1679246,28.7142399],[77.1679784,28.7143473],[77.1687377,28.7148866],[77.1693175,28.7142368],[77.16942,28.71419],[77.16996,28.7136],[77.17001,28.71353],[77.17026,28.71371],[77.17053,28.71387],[77.1712,28.71438],[77.17191,28.71486],[77.173067,28.7135588],[77.1735833,28.713042],[77.1738503,28.7126889],[77.1750012,28.7114482],[77.1757733,28.7106632],[77.1760894,28.7102869],[77.1765404,28.7106364],[77.1768378,28.7108405],[77.17697,28.71171],[77.17698,28.71187],[77.17694,28.7123],[77.1767616,28.7128648],[77.17674,28.71301],[77.17661,28.71343],[77.17657,28.71369],[77.17669,28.71415],[77.17677,28.71428],[77.17722,28.7149],[77.1777169,28.7152273],[77.17793,28.7154],[77.1785513,28.7147787],[77.1795531,28.7157],[77.17974,28.71553],[77.18022,28.71514],[77.1806,28.71485],[77.18109,28.71574],[77.18175,28.71692],[77.1820285,28.7175111],[77.1821127,28.7177804],[77.1821918,28.7181581],[77.1822404,28.7186055],[77.1823156,28.7196264],[77.1825415,28.7229554],[77.1826212,28.7243649],[77.1827322,28.725726],[77.1829322,28.7284674],[77.1830288,28.7299057],[77.1831294,28.7312206],[77.1831921,28.732165],[77.1819785,28.7324565],[77.1805173,28.7329234],[77.1801116,28.7320748],[77.1796153,28.7313514],[77.1793524,28.7310778],[77.1791096,28.730972],[77.1786725,28.7306807],[77.1774598,28.7298994],[77.1765627,28.729386],[77.1757782,28.7288973],[77.1751237,28.7285252],[77.1753016,28.7282985],[77.1755818,28.7284608],[77.1760921,28.7278116],[77.1758764,28.7276647],[77.1751324,28.7272161],[77.175611,28.7265783],[77.1755534,28.7264645],[77.175649,28.726409],[77.1754897,28.7261501],[77.1753443,28.7260221],[77.1752386,28.7260094],[77.1751708,28.7258963],[77.1742699,28.7253694],[77.1747427,28.7247608],[77.1751243,28.724402],[77.17559,28.7236],[77.17452,28.72326],[77.17372,28.72303],[77.17352,28.72295],[77.17295,28.7228],[77.17236,28.72257],[77.17198,28.72244],[77.17166,28.72227],[77.1709188,28.7218032],[77.17019,28.7212],[77.17004,28.72109],[77.16968,28.72077],[77.16952,28.72065],[77.16927,28.72039],[77.16865,28.71985],[77.16837,28.71963],[77.1680171,28.7193832],[77.1677571,28.7196876],[77.1669866,28.7205517],[77.166014,28.7216187],[77.1652101,28.7225472],[77.1616262,28.7202086],[77.1674443,28.7138122]]]},"properties":{"fill-opacity":0,"stroke-opacity":1,"stroke":"#ff0000","WNo_SEC":15,"AC_No":4,"AC_No_1":4,"AC_Name":"ADARSH NAGAR","Ward_No":15,"WardName":"ADARSH NAGAR","TotalPop":59139,"SC_Pop":7578,"NW2022":"15, ADARSH NAGAR"},"id":153},
{"type":"Feature","geometry":{"type":"Polygon","coordinates":[[[77.1602455,28.7216353],[77.1610249,28.7208159],[77.1616262,28.7202086],[77.1652101,28.7225472],[77.166014,28.7216187],[77.1669866,28.7205517],[77.1677571,28.7196876],[77.1680171,28.7193832],[77.16837,28.71963],[77.16865,28.71985],[77.16927,28.72039],[77.16952,28.72065],[77.16968,28.72077],[77.17004,28.72109],[77.17019,28.7212],[77.1709188,28.7218032],[77.17166,28.72227],[77.17198,28.72244],[77.17236,28.72257],[77.17295,28.7228],[77.17352,28.72295],[77.17372,28.72303],[77.17452,28.72326],[77.17559,28.7236],[77.1751243,28.724402],[77.1747427,28.7247608],[77.1742699,28.7253694],[77.1751708,28.7258963],[77.1752386,28.7260094],[77.1753443,28.7260221],[77.1754897,28.7261501],[77.175649,28.726409],[77.1755534,28.7264645],[77.175611,28.7265783],[77.1751324,28.7272161],[77.1758764,28.7276647],[77.1760921,28.7278116],[77.1755818,28.7284608],[77.1753016,28.7282985],[77.1751237,28.7285252],[77.1744748,28.728127],[77.1744712,28.7281156],[77.1715285,28.7264504],[77.1698443,28.7254652],[77.1697308,28.7254098],[77.1690062,28.7264055],[77.1682239,28.7274146],[77.1679824,28.7277112],[77.1671693,28.7288469],[77.1666196,28.7295941],[77.1653236,28.7288454],[77.1645986,28.7284358],[77.1640119,28.7280754],[77.1639028,28.7280359],[77.1635426,28.7278279],[77.1631067,28.7284041],[77.1627103,28.7289597],[77.162138,28.7297388],[77.1616975,28.7303221],[77.1603456,28.7321529],[77.1601595,28.7323471],[77.1588772,28.7340394],[77.1586119,28.7338627],[77.1585947,28.7341231],[77.1585428,28.7342705],[77.1580629,28.7350373],[77.1578423,28.7353717],[77.1576198,28.7355371],[77.1572519,28.7356575],[77.1568584,28.735459],[77.1554638,28.7346221],[77.1544797,28.734016],[77.1533817,28.7333054],[77.1517123,28.7321834],[77.15086,28.73164],[77.1545363,28.7276377],[77.1602455,28.7216353]]]},"properties":{"fill-opacity":0,"stroke-opacity":1,"stroke":"#ff0000","WNo_SEC":16,"AC_No":4,"AC_No_1":4,"AC_Name":"ADARSH NAGAR","Ward_No":16,"WardName":"AZADPUR","TotalPop":69220,"SC_Pop":15031,"NW2022":"16, AZADPUR"},"id":154},
{"type":"Feature","geometry":{"type":"Polygon","coordinates":[[[77.0759878,28.8691711],[77.0756201,28.8689584],[77.0754485,28.868886],[77.0755081,28.8687694],[77.0754443,28.8686349],[77.0751047,28.8682496],[77.0749286,28.8678515],[77.0747117,28.8675165],[77.0745867,28.8672849],[77.074489,28.867257],[77.0740627,28.8674053],[77.0733638,28.8677747],[77.0728789,28.8681565],[77.0721134,28.8685697],[77.0721327,28.8687388],[77.0712499,28.8687248],[77.0709162,28.8683246],[77.0704983,28.8678713],[77.070183,28.8676519],[77.0699065,28.8674287],[77.0696199,28.8675014],[77.0694801,28.8674783],[77.0692501,28.867098],[77.0690717,28.8671499],[77.0687124,28.8673222],[77.0679558,28.8676121],[77.066296,28.868231],[77.064392,28.8690104],[77.0635694,28.8693759],[77.063137,28.8696433],[77.0629512,28.8697862],[77.0622479,28.8702225],[77.061225,28.8708054],[77.0610955,28.8707912],[77.0602889,28.8699839],[77.0602445,28.8698576],[77.0600464,28.8698766],[77.0599738,28.8697938],[77.0597078,28.8693688],[77.059255,28.868959],[77.058898,28.8685859],[77.0586106,28.868362],[77.0582261,28.8678502],[77.0579491,28.8674438],[77.0578551,28.8672708],[77.0576646,28.8670246],[77.0572958,28.8666345],[77.0569764,28.8662074],[77.0567465,28.8658308],[77.0564197,28.865178],[77.0559315,28.8644849],[77.0554837,28.8638975],[77.0553066,28.863585],[77.0550665,28.8632902],[77.0545235,28.8626589],[77.0543477,28.8624125],[77.0542777,28.8623746],[77.0536226,28.8618432],[77.0533383,28.8613447],[77.0532521,28.8613338],[77.0532559,28.8611027],[77.0530593,28.8611068],[77.0529006,28.8608231],[77.052742,28.8603482],[77.0524789,28.8598151],[77.052357,28.8596029],[77.0520499,28.8591716],[77.0519513,28.8586984],[77.0518383,28.8580685],[77.0519604,28.8580628],[77.0519191,28.8576438],[77.0519362,28.8575017],[77.0520699,28.8574058],[77.0519962,28.8571174],[77.0517984,28.8568979],[77.0517482,28.8567104],[77.0517424,28.8563922],[77.0515807,28.8560855],[77.0515078,28.855874],[77.0512725,28.8553882],[77.051134,28.8551377],[77.0510419,28.8550374],[77.0511438,28.8549249],[77.0510791,28.8547719],[77.0512363,28.854654],[77.0510419,28.8543829],[77.0508428,28.8540044],[77.0507097,28.85384],[77.0505673,28.8537255],[77.0504408,28.8535078],[77.0502655,28.8532908],[77.0498818,28.8528732],[77.0496537,28.8526502],[77.0494423,28.8523647],[77.0493583,28.8521497],[77.0490944,28.8517416],[77.0489225,28.8515653],[77.0485462,28.8508691],[77.0483812,28.8506519],[77.0482676,28.8505653],[77.0481297,28.8503568],[77.0479788,28.8502029],[77.0477756,28.8500712],[77.0474893,28.8497642],[77.0472085,28.8493496],[77.0470339,28.8491677],[77.0467936,28.8487852],[77.0466598,28.8483887],[77.0465902,28.8482494],[77.0462978,28.8480274],[77.0459587,28.8477155],[77.0457937,28.8474983],[77.0456602,28.8471822],[77.0455589,28.8468067],[77.0455592,28.8465565],[77.0454875,28.8462462],[77.0452733,28.845915],[77.0452534,28.845781],[77.045062,28.8453355],[77.0451178,28.8452283],[77.0452435,28.8451471],[77.0451408,28.8448248],[77.0451838,28.8447212],[77.0454823,28.8445907],[77.0454977,28.8440475],[77.0455213,28.8437684],[77.0454889,28.842921],[77.045429,28.842153],[77.0453397,28.8417687],[77.0452079,28.8414286],[77.0452172,28.841306],[77.0450396,28.8404857],[77.0448953,28.8402237],[77.0446588,28.8402156],[77.0443729,28.8399815],[77.0436742,28.8393786],[77.0427129,28.8386205],[77.0425962,28.8384515],[77.0424379,28.8383382],[77.0421512,28.8379634],[77.0420172,28.8377499],[77.0419551,28.8375442],[77.0419648,28.8370151],[77.0422259,28.8364506],[77.0422682,28.8361299],[77.0423934,28.835979],[77.0427383,28.8352937],[77.0427583,28.8350576],[77.0427075,28.8348138],[77.0425592,28.8344572],[77.042407,28.8340258],[77.0423614,28.8338286],[77.0422558,28.8336965],[77.0418243,28.8334251],[77.0415256,28.8331924],[77.0412835,28.833076],[77.0407307,28.8325345],[77.0404722,28.8322577],[77.0401751,28.8318619],[77.0401821,28.8318258],[77.0407668,28.8313877],[77.0409137,28.831294],[77.0414018,28.8310784],[77.0412462,28.8307798],[77.0410505,28.8304821],[77.0410142,28.8299214],[77.0415086,28.8299154],[77.0415489,28.8298131],[77.0414664,28.8288157],[77.0416551,28.8288166],[77.0416445,28.8282763],[77.0426853,28.8282769],[77.0427465,28.8282582],[77.0430981,28.8278625],[77.0434294,28.8270348],[77.0438966,28.8267953],[77.0441618,28.8265436],[77.044347,28.8264477],[77.0449608,28.8262283],[77.0452309,28.8261765],[77.0454554,28.8260821],[77.0459665,28.8258096],[77.0462063,28.825732],[77.0464171,28.8256977],[77.0467125,28.8256956],[77.0473561,28.8257479],[77.047616,28.8255936],[77.0478907,28.8253602],[77.048072,28.8252793],[77.04841,28.8253323],[77.0486548,28.8252111],[77.0490555,28.8249071],[77.0492908,28.8247946],[77.0501569,28.8245838],[77.0509275,28.8243655],[77.0510972,28.824286],[77.0511284,28.8240954],[77.0512217,28.8240004],[77.0520917,28.8236804],[77.0529918,28.8234004],[77.0532038,28.8231947],[77.0535011,28.8229679],[77.0543281,28.8223036],[77.0545787,28.8221213],[77.0546195,28.8210579],[77.0546352,28.8209755],[77.055078,28.8198878],[77.0553386,28.819346],[77.0559824,28.8193701],[77.0569588,28.8193223],[77.0578894,28.8193259],[77.0580569,28.8188759],[77.0582169,28.8186037],[77.0586632,28.8182779],[77.0589051,28.8182284],[77.0595832,28.8176413],[77.0597258,28.8175054],[77.05997,28.8173932],[77.0601504,28.8172519],[77.0603732,28.8174391],[77.0612488,28.8180466],[77.0621198,28.8172429],[77.0675453,28.8123625],[77.0723381,28.8080013],[77.070995,28.8069715],[77.0709393,28.806052],[77.0710508,28.8059587],[77.0710982,28.8053899],[77.0710932,28.8047637],[77.071036,28.8040893],[77.0714602,28.8042754],[77.0720099,28.8046608],[77.0738646,28.8056935],[77.0744466,28.8067741],[77.0742711,28.8068585],[77.0742735,28.8071875],[77.0746929,28.8081562],[77.0758859,28.8087512],[77.0769545,28.8091793],[77.0771355,28.8093635],[77.0773973,28.8094822],[77.0775899,28.8093757],[77.0779313,28.809512],[77.0796896,28.8102735],[77.0802881,28.8105265],[77.0807781,28.8109291],[77.0812127,28.8112566],[77.0816153,28.811346],[77.081934,28.8113499],[77.0825771,28.8114438],[77.082999,28.811442],[77.0834538,28.8114736],[77.0839557,28.8115396],[77.0846215,28.8115006],[77.0853035,28.8114268],[77.0858351,28.8113946],[77.0860401,28.8113652],[77.0866608,28.8118711],[77.0870918,28.8120195],[77.0873293,28.8119664],[77.0882761,28.8118274],[77.0885593,28.8117562],[77.0899036,28.811729],[77.0919297,28.813097],[77.0932621,28.8140248],[77.0956298,28.8156872],[77.0938269,28.816298],[77.0932102,28.8159055],[77.0929514,28.8158438],[77.0923544,28.8158113],[77.0918109,28.8157148],[77.0905602,28.8155253],[77.0902459,28.8153989],[77.0890867,28.8147006],[77.0888584,28.8146293],[77.0878183,28.8146693],[77.0875141,28.8146406],[77.0870118,28.8144622],[77.0867833,28.8144227],[77.0861549,28.8145518],[77.0861706,28.8162389],[77.0854797,28.8162568],[77.0854912,28.8173436],[77.0844828,28.8173401],[77.0841368,28.8173932],[77.082521,28.81738],[77.0825804,28.8190325],[77.0793548,28.8190464],[77.0784373,28.821781],[77.0785673,28.8218387],[77.0777931,28.8238625],[77.0777268,28.8238759],[77.0771172,28.8238013],[77.0764133,28.8235175],[77.0757976,28.8232813],[77.0757679,28.8234913],[77.0750768,28.8235457],[77.0743907,28.8236182],[77.0738895,28.823619],[77.0738516,28.823182],[77.0738693,28.8231299],[77.07296,28.8231954],[77.0725049,28.8231958],[77.0720686,28.8232547],[77.0708364,28.823382],[77.0706528,28.8234517],[77.0707108,28.823797],[77.0704244,28.8239873],[77.0699353,28.8246651],[77.0695887,28.8249559],[77.0701073,28.8255275],[77.0703682,28.8258715],[77.0711973,28.8268015],[77.0726523,28.8284213],[77.0735165,28.8293322],[77.0733744,28.8293432],[77.0751391,28.8312694],[77.0756965,28.8318987],[77.0763503,28.8325919],[77.0779742,28.8344246],[77.0787108,28.8352621],[77.0794282,28.8361053],[77.0797175,28.836405],[77.0825213,28.8363262],[77.0837961,28.8362992],[77.0837579,28.8358349],[77.084686,28.8358204],[77.0847204,28.8367998],[77.0857202,28.8363617],[77.0864602,28.8361498],[77.0869661,28.8360238],[77.0852688,28.8409839],[77.0850691,28.8415609],[77.085221,28.8416652],[77.086366,28.842006],[77.0863775,28.8420363],[77.0869326,28.8421991],[77.0860182,28.8445589],[77.0860241,28.8445664],[77.0829035,28.8531175],[77.0820827,28.8551168],[77.0813006,28.85721],[77.0807023,28.858763],[77.0807358,28.8587973],[77.0796575,28.8616642],[77.0792632,28.8625409],[77.0789617,28.863167],[77.0779951,28.8651108],[77.0773127,28.866496],[77.0769425,28.8672358],[77.0759878,28.8691711]]]},"properties":{"fill-opacity":0,"stroke-opacity":1,"stroke":"#ff0000","WNo_SEC":2,"AC_No":1,"AC_No_1":1,"AC_Name":"NARELA","Ward_No":2,"WardName":"BANKNER","TotalPop":52874,"SC_Pop":12650,"NW2022":"2, BANKNER"},"id":155},
{"type":"Feature","geometry":{"type":"Polygon","coordinates":[[[77.06117898380998,28.71289187746001],[77.0618889,28.7124111],[77.0623412,28.7121504],[77.062514,28.7120017],[77.0627286,28.7116916],[77.0629706,28.7114635],[77.0652779,28.7098837],[77.0668895,28.708799],[77.0693347,28.707143],[77.0704481,28.7063767],[77.0710678,28.7059762],[77.0711934,28.7058278],[77.0714809,28.7056807],[77.07225,28.7052265],[77.0723897,28.7051666],[77.0736229,28.7045255],[77.0743432,28.704123],[77.0748524,28.7038254],[77.075069,28.703678],[77.076322,28.7036838],[77.0771924,28.7036752],[77.0786761,28.7036329],[77.0807984,28.7035953],[77.0814091,28.7035926],[77.0828387,28.7035581],[77.0848198,28.7035275],[77.0863412,28.7035302],[77.0877487,28.7034995],[77.0878298,28.7034978],[77.08800145314001,28.703697828516773],[77.0880275,28.7037274],[77.0871944,28.7042021],[77.0861505,28.7048588],[77.0854836,28.7053924],[77.084843,28.7059695],[77.0835373,28.7071656],[77.0831958,28.7074597],[77.0824931,28.7081074],[77.0819045,28.7087514],[77.0812805,28.7094138],[77.0810638,28.7097406],[77.0809275,28.7101858],[77.080877,28.7104807],[77.0807333,28.7118675],[77.0806239,28.7123582],[77.0804779,28.712645],[77.0803377,28.7127847],[77.0801555,28.7128983],[77.0799051,28.7130396],[77.0788632,28.7134853],[77.0773843,28.7140557],[77.0769384,28.7142444],[77.0769264,28.7151192],[77.0768769,28.7157136],[77.076861,28.7161024],[77.0768834,28.7165086],[77.076961,28.7171983],[77.0770443,28.7176801],[77.0771696,28.7182353],[77.0776657,28.7200284],[77.0777683,28.72045],[77.0779813,28.7211779],[77.0789892,28.7204838],[77.0799929,28.7198009],[77.0808441,28.719212],[77.0830211,28.717728],[77.0831994,28.7177897],[77.0834216,28.7180239],[77.0841555,28.7188682],[77.0850087,28.719833],[77.0856313,28.720555],[77.0856355,28.7213121],[77.0856608,28.7216064],[77.0859184,28.7218326],[77.0859903,28.7221069],[77.0861621,28.7222695],[77.085418,28.7227847],[77.0851154,28.7230146],[77.0829486,28.7244745],[77.082057,28.7251057],[77.0823546,28.7254412],[77.0806522,28.7265979],[77.080754,28.7267543],[77.0766922,28.7296032],[77.0764904,28.7297356],[77.0740695,28.7259318],[77.0737077,28.7255294],[77.0715071,28.7230034],[77.068426,28.719531],[77.0663794,28.7208517],[77.0656657,28.7212539],[77.0648735,28.7217223],[77.0632695,28.722696],[77.0627814,28.7229585],[77.060682,28.7238733],[77.0590108,28.7245894],[77.0583069,28.7238098],[77.0570998,28.7224198],[77.0563527,28.7215498],[77.0558973,28.720792],[77.0555727,28.7202804],[77.0551574,28.7197183],[77.0547095,28.7191518],[77.053676,28.7180701],[77.0536344,28.7180111],[77.0538976,28.7178098],[77.0551687,28.7169578],[77.0581086,28.714965],[77.06117898380998,28.71289187746001]]]},"properties":{"fill-opacity":0,"stroke-opacity":1,"stroke":"#ff0000","WNo_SEC":26,"AC_No":7,"AC_No_1":7,"AC_Name":"BAWANA","Ward_No":26,"WardName":"POOTH KALAN","TotalPop":70203,"SC_Pop":16038,"NW2022":"26, POOTH KALAN"},"id":156},
{"type":"Feature","geometry":{"type":"Polygon","coordinates":[[[77.1015718,28.736666],[77.1019614,28.7370634],[77.1035818,28.738108],[77.1042024,28.738445],[77.1048284,28.7386842],[77.1050571,28.7387583],[77.1056679,28.7388973],[77.1066525,28.7390498],[77.1081355,28.7392203],[77.1088609,28.73934],[77.1086035,28.7395799],[77.1080283,28.7399006],[77.1051923,28.7414596],[77.1043304,28.7419211],[77.1041617,28.7420317],[77.1040858,28.7421497],[77.1041906,28.7451795],[77.1041952,28.745504],[77.1031714,28.7455126],[77.1016886,28.7455909],[77.1016908,28.7456619],[77.1006708,28.7457178],[77.0989068,28.7458788],[77.0986435,28.7458891],[77.098076,28.7458767],[77.0977608,28.7459192],[77.0975254,28.7459988],[77.0969478,28.7462508],[77.0965639,28.7463677],[77.0957025,28.7466811],[77.0956048,28.7467589],[77.0950842,28.7469433],[77.094739,28.747034],[77.0942893,28.7471022],[77.093796,28.7471118],[77.092909,28.7470857],[77.0919928,28.7470871],[77.0917171,28.7471107],[77.09132,28.747176],[77.0909976,28.7472972],[77.0904194,28.7475459],[77.0895739,28.7478632],[77.0888506,28.7480871],[77.0883243,28.7482294],[77.0880593,28.7477385],[77.0876831,28.747165],[77.0872307,28.74645],[77.0864913,28.7453267],[77.0856144,28.7439765],[77.0849978,28.7430037],[77.0843509,28.7420144],[77.083718,28.7410218],[77.0824899,28.7391248],[77.0827009,28.7389911],[77.0833739,28.7388449],[77.083725,28.7383658],[77.0844374,28.7376965],[77.0847401,28.737345],[77.0853242,28.736881],[77.0854536,28.7366833],[77.0859783,28.7362071],[77.0867773,28.7352752],[77.0877051,28.7345209],[77.0876888,28.7345026],[77.0893647,28.7333875],[77.0940637,28.7301423],[77.0941537,28.7300883],[77.0962561,28.728653],[77.0987896,28.7268815],[77.09886081984207,28.72685342866949],[77.0990041,28.7273246],[77.0991338,28.7275088],[77.0992405,28.727765],[77.0994493,28.7289661],[77.099498,28.7291904],[77.0995418,28.7295756],[77.0995645,28.7302081],[77.0994976,28.7306688],[77.0992773,28.7317752],[77.0992742,28.7318946],[77.0995114,28.7331896],[77.099738,28.7336827],[77.0999573,28.7340851],[77.1001386,28.7344834],[77.1002149,28.7347782],[77.1003002,28.7349822],[77.1008774,28.7359425],[77.1010602,28.736145],[77.1015718,28.736666]]]},"properties":{"fill-opacity":0,"stroke-opacity":1,"stroke":"#ff0000","WNo_SEC":28,"AC_No":7,"AC_No_1":7,"AC_Name":"BAWANA","Ward_No":28,"WardName":"SHAHBAAD DAIRY","TotalPop":54537,"SC_Pop":18554,"NW2022":"28, SHAHBAAD DAIRY"},"id":157},
{"type":"Feature","geometry":{"type":"Polygon","coordinates":[[[77.1190696,28.7530761],[77.1184956,28.7535407],[77.1164944,28.7550652],[77.1127767,28.7579774],[77.1114028,28.759024],[77.1106052,28.7597123],[77.1083931,28.7618371],[77.1071888,28.7630467],[77.1054007,28.7647398],[77.1040221,28.7659072],[77.1030584,28.7665902],[77.1022836,28.7671247],[77.1013606,28.7676615],[77.1007209,28.7679622],[77.0976487,28.7695205],[77.0950957,28.7707619],[77.0947977,28.7702954],[77.0947581,28.7702035],[77.0938871,28.7687938],[77.09327,28.7677553],[77.0930873,28.7674623],[77.0924668,28.7664021],[77.091931,28.7655152],[77.0913077,28.7645573],[77.0910391,28.7640887],[77.0903154,28.7628722],[77.0900697,28.7629939],[77.0900185,28.7631308],[77.0895774,28.7633031],[77.0892267,28.7635243],[77.0889042,28.7636683],[77.0885918,28.7637777],[77.0886089,28.7641036],[77.0885744,28.7641334],[77.0880132,28.7642782],[77.0878735,28.7642878],[77.0874932,28.7641454],[77.0867913,28.7636653],[77.0860759,28.7636597],[77.0856489,28.7634442],[77.0850891,28.763223],[77.0846923,28.7632192],[77.0845475,28.7631833],[77.0842043,28.7630099],[77.0840792,28.7630372],[77.0837618,28.7631909],[77.082993,28.762914],[77.0826952,28.7626323],[77.0826741,28.7623538],[77.082602,28.7622238],[77.0823029,28.7619323],[77.0819333,28.7615358],[77.0814775,28.7609331],[77.0813709,28.7608512],[77.0803072,28.7609122],[77.0794581,28.7602021],[77.0790376,28.7597337],[77.0784893,28.7595044],[77.078126,28.759424],[77.0779316,28.7594592],[77.0778197,28.7595541],[77.0776493,28.760358],[77.077726,28.7604887],[77.0776854,28.7607925],[77.0776041,28.7609738],[77.0770002,28.7619766],[77.0768911,28.7622127],[77.0769419,28.7623029],[77.0772863,28.7627069],[77.0772915,28.7627993],[77.0776828,28.7636471],[77.0777698,28.7638633],[77.0779231,28.7640818],[77.0782688,28.7644346],[77.0783483,28.764687],[77.0784623,28.7657702],[77.0783623,28.7659043],[77.0784346,28.7660864],[77.0787879,28.7667005],[77.0785196,28.7668843],[77.0785127,28.7672283],[77.0784306,28.7673499],[77.078066,28.7676563],[77.0779221,28.7678591],[77.0776949,28.7683249],[77.0774488,28.7685209],[77.0770945,28.7687202],[77.0763579,28.7689361],[77.0762768,28.7689445],[77.075716,28.7693578],[77.0755642,28.769489],[77.0754857,28.7698714],[77.0757733,28.7704026],[77.0757709,28.7704885],[77.075665,28.7706835],[77.0753083,28.7709361],[77.0742851,28.7713995],[77.074935,28.7724422],[77.0748255,28.773135],[77.0747563,28.7734302],[77.0745889,28.7739503],[77.0743179,28.7745076],[77.0742311,28.774859],[77.0742141,28.7755684],[77.0741778,28.7757149],[77.0741076,28.7762893],[77.0736905,28.7771218],[77.0730004,28.7778534],[77.072666,28.7781019],[77.0725206,28.7783112],[77.0721485,28.7786435],[77.0718283,28.7791462],[77.0715123,28.7795348],[77.0710432,28.7800081],[77.0707901,28.7803984],[77.0704481,28.780598],[77.0702045,28.7807095],[77.0700062,28.780873],[77.0697774,28.7810019],[77.069552,28.7812036],[77.0690784,28.7811178],[77.0685871,28.7811134],[77.068436,28.7811784],[77.0680014,28.7814685],[77.0674231,28.7819233],[77.0657782,28.7828674],[77.0632484,28.7843468],[77.0632351,28.7843546],[77.0624221,28.7835591],[77.0604737,28.7816397],[77.0575382,28.7787364],[77.057392,28.7785772],[77.0558648,28.778591],[77.045231,28.778697],[77.044506,28.7786931],[77.0440818,28.7793159],[77.0439842,28.7795894],[77.0439249,28.779592],[77.0438138,28.7795968],[77.0407872,28.7798971],[77.0383759,28.7800531],[77.0381074,28.7799001],[77.0360235,28.7803007],[77.03533,28.7804663],[77.0352855,28.7806213],[77.0345994,28.7806652],[77.0339223,28.7807441],[77.0332662,28.7808567],[77.0325719,28.7808881],[77.0318767,28.7808671],[77.0312106,28.780832],[77.0305182,28.7808459],[77.0298399,28.7809102],[77.0277819,28.7813145],[77.0260221,28.781639],[77.0258119,28.7816657],[77.0250549,28.7821605],[77.0249025,28.7822102],[77.0244444,28.7825143],[77.0239328,28.7828109],[77.0237258,28.7828079],[77.0235948,28.7828505],[77.0233141,28.7822324],[77.0232112,28.7822688],[77.0228819,28.7817567],[77.0224102,28.7809037],[77.0224725,28.7807821],[77.022033,28.7799184],[77.0218361,28.7795082],[77.0215851,28.7790368],[77.0209987,28.7778529],[77.0206757,28.7772348],[77.0193785,28.7751636],[77.0186093,28.7739432],[77.018402,28.7735988],[77.0182342,28.7732764],[77.0179378,28.7726429],[77.0171769,28.7710707],[77.0168869,28.7703847],[77.0167027,28.769766],[77.0165795,28.768926],[77.0164648,28.766705],[77.0164461,28.7661862],[77.0163987,28.7656481],[77.0162884,28.76461],[77.0162476,28.7641221],[77.0161125,28.7629541],[77.0159393,28.7613067],[77.0158179,28.7602593],[77.0156468,28.7586619],[77.015529,28.757405],[77.0154095,28.7563414],[77.0153447,28.755996],[77.0153399,28.7551632],[77.0152214,28.7551538],[77.0151615,28.7548478],[77.0151982,28.7547112],[77.0152513,28.7550224],[77.0153901,28.7550217],[77.0161993,28.7550781],[77.016197,28.7551969],[77.0164011,28.7551972],[77.0168535,28.7550973],[77.0176554,28.7545476],[77.0184336,28.7542213],[77.0190368,28.7538553],[77.0209234,28.7523365],[77.0211071,28.7522511],[77.0218301,28.7520801],[77.0224985,28.7517838],[77.0230626,28.7515654],[77.023547,28.7518057],[77.023898,28.7516786],[77.0245575,28.7515291],[77.0249132,28.7514271],[77.0253366,28.7512596],[77.0259277,28.7509143],[77.0270926,28.7506531],[77.0273809,28.7506452],[77.0279222,28.7504759],[77.0282464,28.7504317],[77.0287174,28.7504103],[77.0291813,28.750235],[77.029551,28.7502294],[77.0299592,28.7503272],[77.0302396,28.7503229],[77.0307094,28.7502443],[77.0315454,28.7501858],[77.0320651,28.750163],[77.033068,28.7498163],[77.033579,28.7496532],[77.03395,28.7496026],[77.0342583,28.7496286],[77.0346556,28.7495828],[77.0349969,28.7495089],[77.0352452,28.7494191],[77.0354675,28.7492648],[77.0364675,28.748632],[77.0367581,28.748497],[77.0375468,28.748306],[77.0377007,28.7483843],[77.03845,28.7482566],[77.0388747,28.7481547],[77.0390302,28.7481434],[77.0398721,28.7477852],[77.0404277,28.7475672],[77.0410119,28.7472586],[77.0411747,28.7471501],[77.0426654,28.746668],[77.0429012,28.7466193],[77.0437206,28.7464045],[77.0441694,28.746172],[77.0448539,28.7459325],[77.0458041,28.74554],[77.046102,28.7453712],[77.0466909,28.7451178],[77.0469578,28.7450259],[77.0472362,28.7449813],[77.0483997,28.7442788],[77.0490543,28.7438204],[77.0500119,28.7432026],[77.0502133,28.7432286],[77.0504107,28.7435644],[77.0504835,28.7437733],[77.0507166,28.7437563],[77.0519859,28.743743],[77.0544327,28.7437063],[77.0559656,28.7436928],[77.0584858,28.7436572],[77.0594043,28.7436336],[77.0607241,28.7436127],[77.0609961,28.7436155],[77.0628825,28.7435885],[77.0628753,28.7443003],[77.0628867,28.7449418],[77.0629155,28.7456644],[77.0629314,28.7472654],[77.0631042,28.7471654],[77.0649619,28.7461933],[77.067331,28.7449387],[77.069025,28.7440663],[77.0700202,28.7435872],[77.0714572,28.7429551],[77.0729387,28.7423226],[77.0785286,28.7399983],[77.0795273,28.7395911],[77.0801188,28.7393654],[77.0813776,28.7388449],[77.0821068,28.7385351],[77.0824899,28.7391248],[77.083718,28.7410218],[77.0843509,28.7420144],[77.0849978,28.7430037],[77.0856144,28.7439765],[77.0864913,28.7453267],[77.0872307,28.74645],[77.0876831,28.747165],[77.0880593,28.7477385],[77.0883243,28.7482294],[77.0888506,28.7480871],[77.0895739,28.7478632],[77.0904194,28.7475459],[77.0909976,28.7472972],[77.09132,28.747176],[77.0917171,28.7471107],[77.0919928,28.7470871],[77.092909,28.7470857],[77.093796,28.7471118],[77.0942893,28.7471022],[77.094739,28.747034],[77.0950842,28.7469433],[77.0956048,28.7467589],[77.0957025,28.7466811],[77.0965639,28.7463677],[77.0969478,28.7462508],[77.0975254,28.7459988],[77.0977608,28.7459192],[77.098076,28.7458767],[77.0986435,28.7458891],[77.0989068,28.7458788],[77.1006708,28.7457178],[77.1016908,28.7456619],[77.1016886,28.7455909],[77.1031714,28.7455126],[77.1041952,28.745504],[77.1041906,28.7451795],[77.1040858,28.7421497],[77.1041617,28.7420317],[77.1043304,28.7419211],[77.1051923,28.7414596],[77.1080283,28.7399006],[77.1086035,28.7395799],[77.1088609,28.73934],[77.1091159,28.7393821],[77.1100806,28.7394824],[77.110782,28.7395293],[77.1113546,28.7395881],[77.1117233,28.7395733],[77.1123583,28.7394022],[77.1126598,28.739848],[77.1129647,28.7403742],[77.1132838,28.7409657],[77.1136585,28.7414777],[77.1137996,28.7417883],[77.1140488,28.742005],[77.11486538423806,28.74286878800845],[77.1151714,28.7427883],[77.1153088,28.7429333],[77.1159039,28.7436428],[77.1162167,28.7434559],[77.1173916,28.7443252],[77.1179152,28.744254],[77.1180113,28.7448112],[77.1182259,28.7447305],[77.1185716,28.7451352],[77.1193677,28.7459002],[77.1195381,28.7460426],[77.1202237,28.7454917],[77.1207527,28.7450465],[77.1219419,28.7450221],[77.1215195,28.744226],[77.1225722,28.7442094],[77.1225767,28.7439259],[77.1232199,28.7439187],[77.123224,28.7441433],[77.1235666,28.7441283],[77.1243725,28.7441167],[77.124352,28.7437448],[77.1247401,28.7437521],[77.1247335,28.7440897],[77.1246914,28.7440894],[77.1246866,28.7444309],[77.1253037,28.744404],[77.1254639,28.7436832],[77.1264836,28.7439021],[77.1269045,28.7439805],[77.1274599,28.7440634],[77.1279385,28.7441552],[77.1281436,28.7442236],[77.1285113,28.7443884],[77.12819,28.74482],[77.1272869,28.7462265],[77.1268973,28.7467357],[77.126379,28.7472668],[77.1261921,28.747427],[77.1253834,28.7481747],[77.125391,28.7481861],[77.1243954,28.7488689],[77.1232621,28.749809],[77.12081,28.7517039],[77.1192775,28.7528968],[77.1190696,28.7530761]]]},"properties":{"fill-opacity":0,"stroke-opacity":1,"stroke":"#ff0000","WNo_SEC":29,"AC_No":7,"AC_No_1":7,"AC_Name":"BAWANA","Ward_No":29,"WardName":"POOTH KHURD","TotalPop":57630,"SC_Pop":11704,"NW2022":"29, POOTH KHURD"},"id":158},
{"type":"Feature","geometry":{"type":"Polygon","coordinates":[[[77.0869326,28.8421991],[77.0863775,28.8420363],[77.086366,28.842006],[77.085221,28.8416652],[77.0850691,28.8415609],[77.0852688,28.8409839],[77.0869661,28.8360238],[77.0864602,28.8361498],[77.0857202,28.8363617],[77.0847204,28.8367998],[77.084686,28.8358204],[77.0837579,28.8358349],[77.0837961,28.8362992],[77.0825213,28.8363262],[77.0797175,28.836405],[77.0794282,28.8361053],[77.0787108,28.8352621],[77.0779742,28.8344246],[77.0763503,28.8325919],[77.0756965,28.8318987],[77.0751391,28.8312694],[77.0733744,28.8293432],[77.0735165,28.8293322],[77.0726523,28.8284213],[77.0711973,28.8268015],[77.0703682,28.8258715],[77.0701073,28.8255275],[77.0695887,28.8249559],[77.0699353,28.8246651],[77.0704244,28.8239873],[77.0707108,28.823797],[77.0706528,28.8234517],[77.0708364,28.823382],[77.0720686,28.8232547],[77.0725049,28.8231958],[77.07296,28.8231954],[77.0738693,28.8231299],[77.0738516,28.823182],[77.0738895,28.823619],[77.0743907,28.8236182],[77.0750768,28.8235457],[77.0757679,28.8234913],[77.0757976,28.8232813],[77.0764133,28.8235175],[77.0771172,28.8238013],[77.0777268,28.8238759],[77.0777931,28.8238625],[77.0785673,28.8218387],[77.0784373,28.821781],[77.0793548,28.8190464],[77.0825804,28.8190325],[77.082521,28.81738],[77.0841368,28.8173932],[77.0844828,28.8173401],[77.0854912,28.8173436],[77.0854797,28.8162568],[77.0861706,28.8162389],[77.0861549,28.8145518],[77.0867833,28.8144227],[77.0870118,28.8144622],[77.0875141,28.8146406],[77.0878183,28.8146693],[77.0888584,28.8146293],[77.0890867,28.8147006],[77.0902459,28.8153989],[77.0905602,28.8155253],[77.0918109,28.8157148],[77.0923544,28.8158113],[77.0929514,28.8158438],[77.0932102,28.8159055],[77.0938269,28.816298],[77.0956298,28.8156872],[77.0932621,28.8140248],[77.0919297,28.813097],[77.0899036,28.811729],[77.0885593,28.8117562],[77.0882761,28.8118274],[77.0873293,28.8119664],[77.0870918,28.8120195],[77.0866608,28.8118711],[77.0860401,28.8113652],[77.0858351,28.8113946],[77.0853035,28.8114268],[77.0846215,28.8115006],[77.0839557,28.8115396],[77.0834538,28.8114736],[77.082999,28.811442],[77.0825771,28.8114438],[77.081934,28.8113499],[77.0816153,28.811346],[77.0812127,28.8112566],[77.0807781,28.8109291],[77.0802881,28.8105265],[77.0796896,28.8102735],[77.0779313,28.809512],[77.0775899,28.8093757],[77.0773973,28.8094822],[77.0771355,28.8093635],[77.0769545,28.8091793],[77.0758859,28.8087512],[77.0746929,28.8081562],[77.0742735,28.8071875],[77.0742711,28.8068585],[77.0744466,28.8067741],[77.0738646,28.8056935],[77.0720099,28.8046608],[77.0714602,28.8042754],[77.071036,28.8040893],[77.0710932,28.8047637],[77.0710982,28.8053899],[77.0710508,28.8059587],[77.0709393,28.806052],[77.0686847,28.803988],[77.0663518,28.8018334],[77.0618461,28.7977184],[77.0602434,28.7961698],[77.0596232,28.7956053],[77.0634294,28.7926193],[77.0674024,28.7895373],[77.0677978,28.7892353],[77.066441,28.7877128],[77.0656117,28.7867309],[77.0648598,28.785937],[77.0637712,28.7848726],[77.0632484,28.7843468],[77.0657782,28.7828674],[77.0674231,28.7819233],[77.0680014,28.7814685],[77.068436,28.7811784],[77.0685871,28.7811134],[77.0690784,28.7811178],[77.069552,28.7812036],[77.0697774,28.7810019],[77.0700062,28.780873],[77.0702045,28.7807095],[77.0704481,28.780598],[77.0707901,28.7803984],[77.0710432,28.7800081],[77.0715123,28.7795348],[77.0718283,28.7791462],[77.0721485,28.7786435],[77.0725206,28.7783112],[77.072666,28.7781019],[77.0730004,28.7778534],[77.0736905,28.7771218],[77.0741076,28.7762893],[77.0741778,28.7757149],[77.0742141,28.7755684],[77.0742311,28.774859],[77.0743179,28.7745076],[77.0745889,28.7739503],[77.0747563,28.7734302],[77.0748255,28.773135],[77.074935,28.7724422],[77.0742851,28.7713995],[77.0753083,28.7709361],[77.075665,28.7706835],[77.0757709,28.7704885],[77.0757733,28.7704026],[77.0754857,28.7698714],[77.0755642,28.769489],[77.075716,28.7693578],[77.0762768,28.7689445],[77.0763579,28.7689361],[77.0770945,28.7687202],[77.0774488,28.7685209],[77.0776949,28.7683249],[77.0779221,28.7678591],[77.078066,28.7676563],[77.0784306,28.7673499],[77.0785127,28.7672283],[77.0785196,28.7668843],[77.0787879,28.7667005],[77.0784346,28.7660864],[77.0783623,28.7659043],[77.0784623,28.7657702],[77.0783483,28.764687],[77.0782688,28.7644346],[77.0779231,28.7640818],[77.0777698,28.7638633],[77.0776828,28.7636471],[77.0772915,28.7627993],[77.0772863,28.7627069],[77.0769419,28.7623029],[77.0768911,28.7622127],[77.0770002,28.7619766],[77.0776041,28.7609738],[77.0776854,28.7607925],[77.077726,28.7604887],[77.0776493,28.760358],[77.0778197,28.7595541],[77.0779316,28.7594592],[77.078126,28.759424],[77.0784893,28.7595044],[77.0790376,28.7597337],[77.0794581,28.7602021],[77.0803072,28.7609122],[77.0813709,28.7608512],[77.0814775,28.7609331],[77.0819333,28.7615358],[77.0823029,28.7619323],[77.082602,28.7622238],[77.0826741,28.7623538],[77.0826952,28.7626323],[77.082993,28.762914],[77.0837618,28.7631909],[77.0840792,28.7630372],[77.0842043,28.7630099],[77.0845475,28.7631833],[77.0846923,28.7632192],[77.0850891,28.763223],[77.0856489,28.7634442],[77.0860759,28.7636597],[77.0867913,28.7636653],[77.0874932,28.7641454],[77.0878735,28.7642878],[77.0880132,28.7642782],[77.0885744,28.7641334],[77.0886089,28.7641036],[77.0885918,28.7637777],[77.0889042,28.7636683],[77.0892267,28.7635243],[77.0895774,28.7633031],[77.0900185,28.7631308],[77.0900697,28.7629939],[77.0903154,28.7628722],[77.0910391,28.7640887],[77.0913077,28.7645573],[77.091931,28.7655152],[77.0924668,28.7664021],[77.0930873,28.7674623],[77.09327,28.7677553],[77.0938871,28.7687938],[77.0947581,28.7702035],[77.0947977,28.7702954],[77.0950957,28.7707619],[77.0920652,28.7722355],[77.0923763,28.7727008],[77.0923368,28.7728348],[77.0923207,28.7733233],[77.0923343,28.7738278],[77.0922823,28.7740685],[77.0922506,28.7747206],[77.0922684,28.7749501],[77.0923931,28.7752093],[77.093024,28.7762544],[77.0935171,28.7770182],[77.0940039,28.7775215],[77.0949652,28.7786662],[77.0953885,28.7792047],[77.0958757,28.7797751],[77.0964743,28.7805367],[77.0971519,28.7814475],[77.0966883,28.7834593],[77.0965835,28.7834595],[77.0959549,28.7833379],[77.0953551,28.7831163],[77.0945391,28.7827559],[77.0943473,28.7826209],[77.0937492,28.7825107],[77.0927544,28.7830546],[77.0923267,28.7832095],[77.0915006,28.783474],[77.0913862,28.7835371],[77.090682,28.7838272],[77.0896975,28.7845888],[77.0897586,28.7868415],[77.0930962,28.786785],[77.0931137,28.7871882],[77.0931772,28.7873126],[77.0933277,28.7873174],[77.095379,28.7872982],[77.0951416,28.7887525],[77.095315,28.7928292],[77.0955479,28.7927962],[77.0956489,28.7935109],[77.0955993,28.7935277],[77.0956317,28.7942693],[77.095673,28.794963],[77.0974604,28.7949772],[77.0981915,28.7957537],[77.0985021,28.7961069],[77.0986379,28.796234],[77.0971892,28.7965492],[77.097502,28.7972844],[77.0976663,28.7980458],[77.098164,28.7980631],[77.0983154,28.8000134],[77.0982126,28.8000143],[77.098213,28.800709],[77.0982276,28.8007613],[77.0989072,28.8007292],[77.0989205,28.8008532],[77.0975441,28.8008722],[77.0975355,28.8003065],[77.0960529,28.8003033],[77.0960303,28.7997856],[77.0958358,28.7997895],[77.0960884,28.8023659],[77.0958333,28.8024056],[77.0957924,28.8025256],[77.0940953,28.8025089],[77.0941352,28.8031481],[77.094667,28.8037176],[77.094726,28.8039554],[77.0947053,28.8045478],[77.0947075,28.8051971],[77.094258,28.8052184],[77.0942265,28.8074391],[77.094249,28.8080213],[77.0967305,28.8079589],[77.0967211,28.8083012],[77.0969757,28.8082925],[77.0970131,28.8085354],[77.0971113,28.8085625],[77.0972205,28.808876],[77.0972478,28.8091525],[77.0971973,28.8093395],[77.0969856,28.8095614],[77.0970284,28.81009],[77.0987224,28.8100852],[77.0987354,28.8097866],[77.0988137,28.8095685],[77.0992814,28.8095604],[77.0990359,28.8102021],[77.0981199,28.8126512],[77.0971704,28.8151728],[77.0971508,28.8151779],[77.096752,28.816138],[77.0950001,28.8207011],[77.0933574,28.8253103],[77.0930222,28.8261749],[77.0927356,28.8273562],[77.0927082,28.8274153],[77.0915925,28.8302953],[77.0906801,28.8324316],[77.0898058,28.8347107],[77.0924119,28.8354095],[77.092956,28.8355625],[77.0939079,28.8358559],[77.0952108,28.8362331],[77.0967369,28.836689],[77.0990676,28.8373775],[77.0989215,28.8377265],[77.1019515,28.8386193],[77.10275,28.838866],[77.1028429,28.8386461],[77.1029367,28.8386741],[77.1030111,28.8385411],[77.1036664,28.8370322],[77.1046119,28.8348971],[77.1050687,28.833839],[77.1051628,28.8336718],[77.105382,28.8334229],[77.1061876,28.8327269],[77.1062767,28.832526],[77.1065672,28.832287],[77.1079194,28.8312035],[77.1097382,28.8295244],[77.1101939,28.828995],[77.1111531,28.8278045],[77.1123934,28.826132],[77.1136441,28.8244212],[77.1139271,28.8240165],[77.1146218,28.8230806],[77.1146882,28.8230513],[77.1142201,28.8253783],[77.11312,28.8289564],[77.1094568,28.8396742],[77.1091833,28.8404878],[77.1090883,28.8408145],[77.1099271,28.8410454],[77.1110915,28.8413307],[77.1119704,28.8415391],[77.1122168,28.8415868],[77.1126616,28.8416166],[77.1139468,28.8416114],[77.1145483,28.8416308],[77.1166574,28.8417725],[77.1174369,28.8418129],[77.1181137,28.8418182],[77.1185207,28.8423322],[77.118868,28.8426718],[77.1193152,28.843016],[77.1198445,28.8434834],[77.1201498,28.8436266],[77.1199723,28.8437996],[77.119816,28.8441172],[77.1199583,28.8441818],[77.1202667,28.8444157],[77.1205366,28.8444393],[77.121095,28.8447219],[77.1211866,28.8448352],[77.1215635,28.8451622],[77.1218455,28.8456256],[77.1222019,28.8461563],[77.1219724,28.8462986],[77.1229541,28.8462784],[77.1229818,28.846815],[77.1237983,28.8467961],[77.1237968,28.8462202],[77.1237746,28.8457968],[77.1239475,28.8457971],[77.1239428,28.8455674],[77.1244073,28.845578],[77.1267104,28.8456609],[77.1269059,28.8456598],[77.1265538,28.8475821],[77.1264432,28.8481479],[77.1259188,28.8510374],[77.1258619,28.8511932],[77.1257831,28.851609],[77.12572,28.85161],[77.1252805,28.8540152],[77.1248025,28.8571939],[77.1246293,28.8582008],[77.1245412,28.8586521],[77.1245113,28.8585881],[77.1230859,28.8585461],[77.1232076,28.8582144],[77.1212978,28.8582276],[77.1208961,28.858265],[77.1208795,28.8586865],[77.1208167,28.8589999],[77.1208054,28.8594362],[77.1208581,28.8594563],[77.1209086,28.8597792],[77.1208673,28.8599539],[77.1205223,28.8599694],[77.1199268,28.859963],[77.1199188,28.8603157],[77.1196314,28.8603164],[77.1195948,28.860568],[77.1190295,28.8611163],[77.1185685,28.8614802],[77.1183132,28.8616601],[77.1177279,28.8621269],[77.1174053,28.8623283],[77.1170068,28.8624861],[77.1168163,28.8626659],[77.1166512,28.8626899],[77.1166585,28.8631686],[77.1164978,28.8632387],[77.1162076,28.8634546],[77.1159463,28.8637385],[77.1156589,28.8639334],[77.1155219,28.8639986],[77.115519,28.8643265],[77.1156219,28.8647018],[77.1151013,28.864942],[77.1144749,28.8651075],[77.1139884,28.8652049],[77.1141577,28.8656238],[77.1138109,28.8657171],[77.1137843,28.8658557],[77.1131139,28.865869],[77.1131225,28.8663586],[77.1124532,28.8663716],[77.1124527,28.8664809],[77.1121251,28.8664958],[77.1121147,28.8665606],[77.1121931,28.8671402],[77.112184,28.8672212],[77.111804,28.867314],[77.111286,28.8677616],[77.1110843,28.8679582],[77.1109828,28.868315],[77.1111173,28.8685677],[77.1110904,28.8687889],[77.1104778,28.8688154],[77.1104431,28.8690378],[77.1103189,28.8690406],[77.1101592,28.8697165],[77.1100435,28.8697329],[77.1097954,28.8700171],[77.1097244,28.8700433],[77.1090667,28.8698146],[77.1090063,28.8697468],[77.1086498,28.8697309],[77.1083294,28.8696822],[77.1073636,28.869687],[77.1063213,28.8698025],[77.1058485,28.869886],[77.1051077,28.8700931],[77.1048196,28.8701542],[77.1039023,28.8691277],[77.103805,28.8691884],[77.1022935,28.8677208],[77.1022009,28.8675695],[77.1022485,28.8675098],[77.1017836,28.8671288],[77.100417,28.866065],[77.0999708,28.86569],[77.1014706,28.8649401],[77.1013408,28.8647955],[77.1014819,28.8646159],[77.1010536,28.8643303],[77.1014819,28.8638544],[77.1003398,28.8632358],[77.1015771,28.8610943],[77.0988169,28.8597618],[77.1000542,28.8576203],[77.1000844,28.8575602],[77.0994281,28.8575704],[77.0981671,28.8575662],[77.0979202,28.8575806],[77.0977908,28.854715],[77.097786,28.8534802],[77.0977536,28.8522576],[77.0977077,28.8517529],[77.0976578,28.850782],[77.0976934,28.8504465],[77.0977648,28.8502395],[77.0980861,28.84944],[77.0990257,28.8472752],[77.1004572,28.8441701],[77.0997946,28.8439339],[77.1000971,28.8432173],[77.100806,28.8416223],[77.0987085,28.8409317],[77.0982412,28.8420933],[77.0956796,28.8411782],[77.0954505,28.8413118],[77.0951727,28.8416047],[77.0947718,28.8417712],[77.0942949,28.8418045],[77.0939103,28.8418536],[77.0935178,28.8418811],[77.0930291,28.8418732],[77.092666,28.8418281],[77.0918084,28.8417614],[77.091251,28.8415965],[77.090835,28.8417005],[77.090553,28.8410462],[77.0905054,28.8409789],[77.0903804,28.8413371],[77.0899539,28.8426874],[77.0897055,28.8433369],[77.0895423,28.8436956],[77.0893901,28.8436942],[77.0892889,28.8432818],[77.0891747,28.8430663],[77.0889823,28.8428551],[77.0888089,28.8427181],[77.0884803,28.8425504],[77.0881559,28.842469],[77.0872964,28.8422986],[77.0869326,28.8421991]]]},"properties":{"fill-opacity":0,"stroke-opacity":1,"stroke":"#ff0000","WNo_SEC":3,"AC_No":1,"AC_No_1":1,"AC_Name":"NARELA","Ward_No":3,"WardName":"HOLAMBI KALAN","TotalPop":80238,"SC_Pop":18845,"NW2022":"3, HOLAMBI KALAN"},"id":159},
{"type":"Feature","geometry":{"type":"Polygon","coordinates":[[[77.0401751,28.8318619],[77.0401229,28.8318694],[77.0394067,28.8323042],[77.0385675,28.8327452],[77.0378183,28.8330548],[77.0372854,28.833148],[77.0370567,28.8332165],[77.0362938,28.8335305],[77.0359274,28.8337849],[77.0354839,28.8340419],[77.0350815,28.834223],[77.034853,28.8343032],[77.034152,28.8344194],[77.0340141,28.8344258],[77.0335358,28.8345878],[77.0334748,28.8346596],[77.0331356,28.8348789],[77.032966,28.8349627],[77.03281,28.8351182],[77.0324303,28.8352802],[77.0319172,28.8354297],[77.0313938,28.8355533],[77.0312101,28.835572],[77.0310004,28.8357734],[77.0306858,28.8358216],[77.0303296,28.8359211],[77.029844,28.8361294],[77.0287781,28.8365543],[77.0281976,28.8367103],[77.028064,28.8366695],[77.0279045,28.8367353],[77.0276082,28.8367703],[77.0272752,28.8368634],[77.0271363,28.8368701],[77.0269367,28.8371476],[77.0260421,28.8377416],[77.0255968,28.8380068],[77.0247211,28.838443],[77.0243251,28.8386723],[77.0236746,28.8390258],[77.0232809,28.8391962],[77.0229485,28.8390925],[77.0223204,28.839049],[77.0215983,28.8389776],[77.0213312,28.8389698],[77.0208144,28.8390179],[77.0208858,28.838609],[77.0211911,28.8372531],[77.0215834,28.8359553],[77.0221237,28.834437],[77.0225056,28.8331776],[77.0229161,28.8321416],[77.0234616,28.8308924],[77.0241419,28.8294728],[77.0242497,28.8293839],[77.0244409,28.8287898],[77.0253205,28.8271158],[77.0263153,28.8254837],[77.0274757,28.8237837],[77.0281762,28.822864],[77.02924,28.8215199],[77.0305102,28.820028],[77.0308648,28.8196583],[77.0313104,28.8191706],[77.0318416,28.8186137],[77.0328589,28.8175843],[77.0330384,28.8173873],[77.0335351,28.8169215],[77.0341706,28.8163071],[77.0339074,28.815815],[77.0338705,28.8156838],[77.0336677,28.8152209],[77.0333536,28.8148671],[77.0328154,28.814201],[77.0318084,28.813128],[77.0315377,28.8128163],[77.0311026,28.8120331],[77.030403,28.8115049],[77.0298,28.8109802],[77.0292292,28.8104524],[77.0284796,28.8099299],[77.0278568,28.8094262],[77.0274941,28.8082727],[77.0271571,28.8077705],[77.0268839,28.8071934],[77.0264296,28.8066932],[77.0261888,28.8060812],[77.0259923,28.8060826],[77.0257881,28.8058798],[77.025794,28.8056894],[77.0257116,28.8054781],[77.0251581,28.8046778],[77.0243907,28.8039122],[77.0240377,28.8034076],[77.0238571,28.8028586],[77.0238793,28.8023164],[77.0237595,28.8018096],[77.0237104,28.8014245],[77.0239891,28.8012621],[77.0246617,28.8007429],[77.0247059,28.8002063],[77.0253462,28.8001596],[77.026043,28.8000294],[77.0260318,28.7991131],[77.0260015,28.7985836],[77.025998,28.7980239],[77.0258141,28.79748],[77.0257702,28.7969077],[77.0255988,28.7963926],[77.0255294,28.7958397],[77.0260924,28.7952999],[77.026794,28.7947279],[77.0269572,28.7941897],[77.027063,28.7936433],[77.0269106,28.7930767],[77.0267575,28.7923783],[77.0268279,28.7920615],[77.0267153,28.7916005],[77.0271116,28.7910596],[77.027038,28.7908247],[77.0269187,28.7907499],[77.0267567,28.7903593],[77.0264859,28.7898528],[77.0260303,28.7892847],[77.0255587,28.7887237],[77.0255058,28.7882237],[77.0252998,28.7876206],[77.0251867,28.7871351],[77.0251201,28.7869974],[77.0279407,28.7895989],[77.027928,28.7896314],[77.0285283,28.7902087],[77.0291981,28.7915455],[77.0297545,28.7929031],[77.0299392,28.7934157],[77.0299896,28.7937869],[77.0300034,28.7943973],[77.0299949,28.7953811],[77.0299693,28.7961897],[77.0300241,28.7966611],[77.0301101,28.7968427],[77.0303051,28.7970979],[77.0308289,28.7976051],[77.0311684,28.7977958],[77.0313771,28.7978498],[77.0317311,28.7978769],[77.032726,28.7979177],[77.033472,28.7978831],[77.0337379,28.797848],[77.0350841,28.7975824],[77.0352935,28.7970577],[77.0360383,28.7955416],[77.0367226,28.7941093],[77.036997,28.7937522],[77.0374932,28.7931596],[77.0388742,28.7913082],[77.0390379,28.7909462],[77.0392465,28.7902037],[77.0393249,28.7899643],[77.039461,28.7896554],[77.039856,28.7888352],[77.0402102,28.7881267],[77.0414431,28.7855949],[77.042109,28.7843899],[77.0423793,28.783851],[77.0426577,28.7832529],[77.0434341,28.7816247],[77.0437143,28.7810549],[77.0436987,28.7809971],[77.0438393,28.7806476],[77.0439077,28.7803147],[77.0438632,28.7802384],[77.0438938,28.7797173],[77.0439249,28.779592],[77.0439842,28.7795894],[77.0440818,28.7793159],[77.044506,28.7786931],[77.045231,28.778697],[77.0558648,28.778591],[77.057392,28.7785772],[77.0575382,28.7787364],[77.0604737,28.7816397],[77.0624221,28.7835591],[77.0632351,28.7843546],[77.0632484,28.7843468],[77.0637712,28.7848726],[77.0648598,28.785937],[77.0656117,28.7867309],[77.066441,28.7877128],[77.0677978,28.7892353],[77.0674024,28.7895373],[77.0634294,28.7926193],[77.0596232,28.7956053],[77.0602434,28.7961698],[77.0618461,28.7977184],[77.0663518,28.8018334],[77.0686847,28.803988],[77.0709393,28.806052],[77.070995,28.8069715],[77.0723381,28.8080013],[77.0675453,28.8123625],[77.0621198,28.8172429],[77.0612488,28.8180466],[77.0603732,28.8174391],[77.0601504,28.8172519],[77.05997,28.8173932],[77.0597258,28.8175054],[77.0595832,28.8176413],[77.0589051,28.8182284],[77.0586632,28.8182779],[77.0582169,28.8186037],[77.0580569,28.8188759],[77.0578894,28.8193259],[77.0569588,28.8193223],[77.0559824,28.8193701],[77.0553386,28.819346],[77.055078,28.8198878],[77.0546352,28.8209755],[77.0546195,28.8210579],[77.0545787,28.8221213],[77.0543281,28.8223036],[77.0535011,28.8229679],[77.0532038,28.8231947],[77.0529918,28.8234004],[77.0520917,28.8236804],[77.0512217,28.8240004],[77.0511284,28.8240954],[77.0510972,28.824286],[77.0509275,28.8243655],[77.0501569,28.8245838],[77.0492908,28.8247946],[77.0490555,28.8249071],[77.0486548,28.8252111],[77.04841,28.8253323],[77.048072,28.8252793],[77.0478907,28.8253602],[77.047616,28.8255936],[77.0473561,28.8257479],[77.0467125,28.8256956],[77.0464171,28.8256977],[77.0462063,28.825732],[77.0459665,28.8258096],[77.0454554,28.8260821],[77.0452309,28.8261765],[77.0449608,28.8262283],[77.044347,28.8264477],[77.0441618,28.8265436],[77.0438966,28.8267953],[77.0434294,28.8270348],[77.0430981,28.8278625],[77.0427465,28.8282582],[77.0426853,28.8282769],[77.0416445,28.8282763],[77.0416551,28.8288166],[77.0414664,28.8288157],[77.0415489,28.8298131],[77.0415086,28.8299154],[77.0410142,28.8299214],[77.0410505,28.8304821],[77.0412462,28.8307798],[77.0414018,28.8310784],[77.0409137,28.831294],[77.0407668,28.8313877],[77.0401821,28.8318258],[77.0401751,28.8318619]]]},"properties":{"fill-opacity":0,"stroke-opacity":1,"stroke":"#ff0000","WNo_SEC":30,"AC_No":7,"AC_No_1":7,"AC_Name":"BAWANA","Ward_No":30,"WardName":"BAWANA","TotalPop":64013,"SC_Pop":8619,"NW2022":"30, BAWANA"},"id":160},
{"type":"Feature","geometry":{"type":"Polygon","coordinates":[[[77.0439249,28.779592],[77.0438938,28.7797173],[77.0438632,28.7802384],[77.0439077,28.7803147],[77.0438393,28.7806476],[77.0436987,28.7809971],[77.0437143,28.7810549],[77.0434341,28.7816247],[77.0426577,28.7832529],[77.0423793,28.783851],[77.042109,28.7843899],[77.0414431,28.7855949],[77.0402102,28.7881267],[77.039856,28.7888352],[77.039461,28.7896554],[77.0393249,28.7899643],[77.0392465,28.7902037],[77.0390379,28.7909462],[77.0388742,28.7913082],[77.0374932,28.7931596],[77.036997,28.7937522],[77.0367226,28.7941093],[77.0360383,28.7955416],[77.0352935,28.7970577],[77.0350841,28.7975824],[77.0337379,28.797848],[77.033472,28.7978831],[77.032726,28.7979177],[77.0317311,28.7978769],[77.0313771,28.7978498],[77.0311684,28.7977958],[77.0308289,28.7976051],[77.0303051,28.7970979],[77.0301101,28.7968427],[77.0300241,28.7966611],[77.0299693,28.7961897],[77.0299949,28.7953811],[77.0300034,28.7943973],[77.0299896,28.7937869],[77.0299392,28.7934157],[77.0297545,28.7929031],[77.0291981,28.7915455],[77.0285283,28.7902087],[77.027928,28.7896314],[77.0279407,28.7895989],[77.0251201,28.7869974],[77.0251867,28.7871351],[77.0252998,28.7876206],[77.0255058,28.7882237],[77.0255587,28.7887237],[77.0260303,28.7892847],[77.0264859,28.7898528],[77.0267567,28.7903593],[77.0269187,28.7907499],[77.027038,28.7908247],[77.0271116,28.7910596],[77.0267153,28.7916005],[77.0268279,28.7920615],[77.0267575,28.7923783],[77.0269106,28.7930767],[77.027063,28.7936433],[77.0269572,28.7941897],[77.026794,28.7947279],[77.0260924,28.7952999],[77.0255294,28.7958397],[77.0255988,28.7963926],[77.0257702,28.7969077],[77.0258141,28.79748],[77.025998,28.7980239],[77.0260015,28.7985836],[77.0260318,28.7991131],[77.026043,28.8000294],[77.0253462,28.8001596],[77.0247059,28.8002063],[77.0246617,28.8007429],[77.0239891,28.8012621],[77.0237104,28.8014245],[77.0237595,28.8018096],[77.0238793,28.8023164],[77.0238571,28.8028586],[77.0240377,28.8034076],[77.0243907,28.8039122],[77.0251581,28.8046778],[77.0257116,28.8054781],[77.025794,28.8056894],[77.0257881,28.8058798],[77.0259923,28.8060826],[77.0261888,28.8060812],[77.0264296,28.8066932],[77.0268839,28.8071934],[77.0271571,28.8077705],[77.0274941,28.8082727],[77.0278568,28.8094262],[77.0284796,28.8099299],[77.0292292,28.8104524],[77.0298,28.8109802],[77.030403,28.8115049],[77.0311026,28.8120331],[77.0315377,28.8128163],[77.0318084,28.813128],[77.0328154,28.814201],[77.0333536,28.8148671],[77.0336677,28.8152209],[77.0338705,28.8156838],[77.0339074,28.815815],[77.0341706,28.8163071],[77.0335351,28.8169215],[77.0330384,28.8173873],[77.0328589,28.8175843],[77.0318416,28.8186137],[77.0313104,28.8191706],[77.0308648,28.8196583],[77.0305102,28.820028],[77.02924,28.8215199],[77.0281762,28.822864],[77.0274757,28.8237837],[77.0263153,28.8254837],[77.0253205,28.8271158],[77.0244409,28.8287898],[77.0242497,28.8293839],[77.0241419,28.8294728],[77.0234616,28.8308924],[77.0229161,28.8321416],[77.0225056,28.8331776],[77.0221237,28.834437],[77.0215834,28.8359553],[77.0211911,28.8372531],[77.0208858,28.838609],[77.0208144,28.8390179],[77.0203386,28.8417163],[77.0200017,28.8415423],[77.0194424,28.8412212],[77.0183893,28.8408533],[77.0177984,28.8407022],[77.016476,28.8405136],[77.0155467,28.8404129],[77.0146839,28.8403828],[77.0136847,28.8404479],[77.0116624,28.8405611],[77.0111813,28.8405809],[77.0105339,28.8406275],[77.0096027,28.8406534],[77.00932,28.8406494],[77.0086332,28.8405688],[77.0082212,28.840681],[77.0077431,28.8406957],[77.0073359,28.840667],[77.0068881,28.8405804],[77.0066137,28.8405534],[77.0064538,28.8404601],[77.0059742,28.8403342],[77.0055792,28.8402046],[77.0051683,28.8401311],[77.004819,28.8400232],[77.004071,28.8398926],[77.0034243,28.8396672],[77.0026721,28.8394634],[77.0019453,28.839182],[77.0013341,28.8389686],[77.0008905,28.8387673],[77.0003562,28.8386695],[76.9999459,28.8385328],[76.9996073,28.838395],[76.9992299,28.8382803],[76.9990954,28.8382741],[76.9981848,28.8384356],[76.9976683,28.8385462],[76.9971766,28.8387351],[76.9967829,28.8388352],[76.9965324,28.838982],[76.9963,28.8390538],[76.9960555,28.8391755],[76.9954749,28.8393687],[76.9951938,28.8394929],[76.9945829,28.8397245],[76.9942212,28.8397983],[76.9942591,28.839305],[76.9938178,28.839105],[76.9930188,28.8387221],[76.9924905,28.838556],[76.9921562,28.8384114],[76.9917807,28.8382802],[76.9910858,28.8381879],[76.9909696,28.8381464],[76.9909674,28.8380371],[76.9907363,28.8379202],[76.9904106,28.8376829],[76.9903549,28.8376045],[76.9902893,28.8371166],[76.9901486,28.8371081],[76.9899462,28.8368511],[76.9897503,28.8366427],[76.9893962,28.8361749],[76.9890619,28.8355834],[76.9889869,28.8355178],[76.9888075,28.835501],[76.9886609,28.8353634],[76.9883206,28.834971],[76.9882488,28.8349501],[76.9880211,28.8347625],[76.9876592,28.834503],[76.9874877,28.8344188],[76.9872722,28.834433],[76.9870832,28.8343841],[76.9868575,28.8341106],[76.9868028,28.8338116],[76.9866033,28.8332973],[76.9865562,28.832398],[76.9864703,28.8320131],[76.9863241,28.8317166],[76.9862196,28.8311593],[76.9861225,28.8309499],[76.9860081,28.8309486],[76.9860065,28.8306926],[76.9859338,28.8306899],[76.9858899,28.8304321],[76.9857362,28.8301093],[76.9856358,28.8301247],[76.9854762,28.8296071],[76.9853587,28.8293021],[76.9848675,28.8283565],[76.9847014,28.8281368],[76.9846631,28.8279355],[76.9842756,28.8271946],[76.984097,28.8268223],[76.9840538,28.8268217],[76.9839519,28.8265379],[76.9835933,28.8258394],[76.9833993,28.8255213],[76.9833759,28.8253825],[76.9834763,28.8252046],[76.9834777,28.8250871],[76.9828315,28.824572],[76.9822709,28.8238517],[76.981765,28.8232291],[76.9811902,28.8225577],[76.9808474,28.8221748],[76.9802423,28.8214213],[76.9792356,28.8218542],[76.9784123,28.8221723],[76.97839,28.8221011],[76.9777502,28.8222998],[76.9773174,28.8224604],[76.976989,28.8225531],[76.9760084,28.8225913],[76.975662,28.8225961],[76.9756636,28.8232759],[76.9755012,28.8234055],[76.9753039,28.823673],[76.9749849,28.8242364],[76.9749345,28.8242788],[76.9747943,28.8246439],[76.9747115,28.8249248],[76.974496,28.8252873],[76.9743139,28.8255165],[76.9741844,28.8257728],[76.9740621,28.8259382],[76.9736066,28.8264872],[76.9734664,28.8265527],[76.9731986,28.8267758],[76.9730056,28.8268084],[76.9727962,28.826922],[76.9725644,28.8269822],[76.9719875,28.8271863],[76.971384,28.8275013],[76.9712097,28.8275702],[76.9708701,28.8276193],[76.9704796,28.8276314],[76.9702749,28.8276692],[76.9695779,28.8277385],[76.9689707,28.8278365],[76.9687253,28.8279411],[76.9679852,28.8280403],[76.9675569,28.8281381],[76.9671008,28.8282836],[76.9669876,28.8283642],[76.966825,28.8279187],[76.9666466,28.8275089],[76.966062,28.8277555],[76.9658689,28.8277776],[76.9656647,28.8272123],[76.9657307,28.8265295],[76.9657326,28.826056],[76.9656717,28.8256781],[76.9652287,28.8255677],[76.9649292,28.8254585],[76.9647008,28.8251335],[76.9645701,28.8248513],[76.9645164,28.8246658],[76.9650205,28.8245568],[76.9648508,28.8242058],[76.9646131,28.8237942],[76.9643026,28.8233056],[76.9639313,28.82301],[76.9637791,28.8227606],[76.9639853,28.8224529],[76.9640169,28.8223134],[76.963989,28.8220988],[76.9640928,28.8218764],[76.9643899,28.8215917],[76.96473,28.8212348],[76.9648509,28.8210598],[76.9647075,28.8207186],[76.9649021,28.820291],[76.9649086,28.820179],[76.9648098,28.8198612],[76.9645358,28.8196314],[76.9642675,28.819252],[76.9639842,28.818908],[76.9638265,28.8184138],[76.963733,28.8183762],[76.963378,28.817631],[76.9628316,28.8165757],[76.9625841,28.8161633],[76.9624407,28.8159743],[76.9621874,28.8157116],[76.9620952,28.8157187],[76.9618459,28.8150803],[76.9617566,28.8148903],[76.9614761,28.8149023],[76.9610834,28.8149857],[76.960807,28.8150954],[76.9604532,28.8153305],[76.9603037,28.8152041],[76.9601469,28.8152006],[76.959737,28.8152871],[76.9591157,28.8152444],[76.9590377,28.8152685],[76.9587232,28.8155607],[76.9583366,28.8157523],[76.9582493,28.8159018],[76.9580787,28.8160131],[76.9572204,28.8163851],[76.9568518,28.8165239],[76.956054,28.8167327],[76.955762,28.8168347],[76.9552541,28.8169238],[76.9544738,28.8171582],[76.9541758,28.8172654],[76.9530901,28.817571],[76.952625,28.8177183],[76.9520922,28.8178438],[76.9516731,28.8179172],[76.9513207,28.8180791],[76.9510992,28.8181521],[76.9507815,28.8175762],[76.9504527,28.8172395],[76.9502652,28.8169948],[76.9501367,28.8167608],[76.9497138,28.8161457],[76.9495612,28.8160213],[76.9494305,28.8160174],[76.9491705,28.8160845],[76.949058,28.8160056],[76.9488498,28.8156979],[76.9487344,28.8154638],[76.9484259,28.815031],[76.9483245,28.8148484],[76.9481408,28.8141032],[76.9480589,28.8139146],[76.9479704,28.8138543],[76.9474735,28.8136929],[76.9473873,28.8136251],[76.9471446,28.8132202],[76.9470623,28.8130085],[76.9470658,28.8128474],[76.9471432,28.8126856],[76.9471703,28.812495],[76.9470076,28.8121752],[76.9468473,28.8119819],[76.9464429,28.8117235],[76.9463358,28.8115755],[76.9461046,28.8110769],[76.945871,28.8104479],[76.945806,28.8102266],[76.9458647,28.8101069],[76.9458675,28.8094792],[76.9459247,28.8091915],[76.9458722,28.8088802],[76.9458401,28.8084378],[76.9457331,28.8077099],[76.9455118,28.8070424],[76.9456182,28.8066807],[76.9458923,28.8063962],[76.9459801,28.8061277],[76.9459577,28.8057347],[76.9459203,28.8055711],[76.9457801,28.8052801],[76.9454145,28.8042728],[76.9446815,28.8030864],[76.9445245,28.8027843],[76.9444369,28.8027313],[76.944059,28.8021433],[76.9435196,28.8015108],[76.943429,28.8013221],[76.9433238,28.8012025],[76.9431023,28.800664],[76.942803,28.8001185],[76.9423137,28.7990851],[76.9422549,28.7988537],[76.9420807,28.7983271],[76.9421066,28.7982775],[76.9425005,28.7981835],[76.9427065,28.7981603],[76.9435549,28.7981531],[76.9439572,28.7982004],[76.9441319,28.7981903],[76.9448287,28.7980489],[76.9451075,28.7979338],[76.9456327,28.7978075],[76.945892,28.7977255],[76.946272,28.7976519],[76.9465392,28.7975319],[76.9467663,28.7972584],[76.9469898,28.7970961],[76.9472035,28.7968708],[76.9472774,28.7966828],[76.9475267,28.7963686],[76.9477689,28.7961353],[76.9480893,28.7957898],[76.948421,28.7954644],[76.9494011,28.7947329],[76.9502194,28.794105],[76.9511821,28.7931517],[76.9514884,28.792824],[76.952352,28.7919378],[76.9530901,28.7912453],[76.9540624,28.7900388],[76.9540486,28.7899683],[76.9536791,28.7896869],[76.9535601,28.7896209],[76.9531514,28.7892114],[76.9527666,28.7886357],[76.9526374,28.7885552],[76.9524109,28.78833],[76.9521944,28.7880386],[76.9520422,28.7878797],[76.9516279,28.7873022],[76.9514469,28.7869885],[76.9511624,28.7863908],[76.9509961,28.7858913],[76.9509251,28.785748],[76.9508011,28.7852487],[76.9507191,28.785124],[76.9506439,28.7848268],[76.9505958,28.7848044],[76.9505182,28.7845319],[76.9502714,28.7837945],[76.9501202,28.7834362],[76.9500012,28.7828469],[76.9498386,28.7819136],[76.9498444,28.7815685],[76.9499094,28.7814435],[76.9499858,28.780949],[76.9498882,28.7804679],[76.9497939,28.7804322],[76.9497665,28.7801812],[76.9496501,28.7796814],[76.9495339,28.7793542],[76.9494989,28.7786268],[76.9495276,28.7781924],[76.9494535,28.7775006],[76.9493047,28.7772332],[76.949254,28.7769724],[76.9493024,28.7767776],[76.949737,28.7766203],[76.9500035,28.7754815],[76.9501298,28.7750349],[76.9503784,28.7750771],[76.950439,28.7750439],[76.9507039,28.7747599],[76.9509496,28.7745297],[76.9512045,28.7742483],[76.9515149,28.7739958],[76.9518315,28.7734143],[76.9519571,28.7732588],[76.9525694,28.7726219],[76.953349,28.7717641],[76.9535728,28.7714792],[76.9539482,28.7709203],[76.9542892,28.7704996],[76.9552518,28.769445],[76.9553066,28.7693572],[76.9551782,28.769289],[76.9551895,28.7688924],[76.9553808,28.7684601],[76.9555866,28.767844],[76.9557665,28.7674426],[76.956146,28.7670578],[76.9563459,28.7668163],[76.9568702,28.7664469],[76.957603,28.7660531],[76.9581475,28.7658151],[76.9599907,28.7650326],[76.9615757,28.7647],[76.9621921,28.7646077],[76.9629879,28.7645172],[76.9636874,28.7643813],[76.9643647,28.7642142],[76.9654476,28.7638602],[76.9657343,28.7638044],[76.9662365,28.7638678],[76.9668815,28.7614401],[76.9676501,28.7614369],[76.9677631,28.7611962],[76.9697973,28.7611745],[76.9718585,28.7611444],[76.9732591,28.7610921],[76.9752667,28.7610946],[76.9778988,28.761071],[76.9797261,28.7610399],[76.9814363,28.761031],[76.9814362,28.7621995],[76.981446,28.7626786],[76.9828548,28.7626499],[76.9828159,28.76156],[76.9853082,28.7615073],[76.9856068,28.7615322],[76.9862052,28.7610621],[76.9867081,28.7606293],[76.987089,28.7604847],[76.9877909,28.7601492],[76.988004,28.7601261],[76.9883161,28.7601584],[76.9894161,28.7599887],[76.9899404,28.7598884],[76.9905777,28.7597195],[76.990949,28.759587],[76.991945,28.7591866],[76.9923778,28.7593215],[76.9927444,28.759237],[76.993726,28.7586845],[76.9939312,28.7585325],[76.9944017,28.7583566],[76.9944905,28.7582661],[76.9943617,28.7579206],[76.9942784,28.7574089],[76.9940208,28.7565085],[76.9936995,28.7558615],[76.9935258,28.7554056],[76.9932625,28.754932],[76.9941563,28.7544633],[76.9940171,28.753993],[76.9938217,28.7536933],[76.9936953,28.7532706],[76.9937081,28.7530781],[76.9938402,28.7529558],[76.9938421,28.7527042],[76.9938767,28.7525726],[76.9946327,28.7520829],[76.99496,28.7518932],[76.9949365,28.7516831],[76.9947238,28.7510626],[76.9949623,28.7509502],[76.9955446,28.7505711],[76.9962231,28.7502383],[76.9966087,28.7501037],[76.9972832,28.7496935],[76.9974307,28.749879],[76.9974879,28.7498913],[76.9976709,28.7497561],[76.9979481,28.7494736],[76.9983651,28.7492532],[76.9991805,28.7489206],[76.9997105,28.7487454],[77.0000033,28.7486078],[77.0002956,28.7483824],[77.0006969,28.7481186],[77.0014866,28.7476635],[77.0016557,28.7476174],[77.0018041,28.7475277],[77.0023545,28.7470868],[77.0033468,28.7462677],[77.0044955,28.7460934],[77.0046606,28.7460841],[77.0047115,28.7462732],[77.005011,28.7462576],[77.0051375,28.7465526],[77.0052686,28.7470786],[77.0056037,28.7470923],[77.0057957,28.7476268],[77.0062248,28.7476172],[77.0079563,28.7476466],[77.0085213,28.7476231],[77.0090962,28.7475473],[77.0095165,28.7474264],[77.0107414,28.7468818],[77.0124391,28.7462962],[77.0124695,28.7463597],[77.013253,28.7483557],[77.0144202,28.7513133],[77.0147839,28.7522977],[77.0148565,28.7525354],[77.0150938,28.753991],[77.0151982,28.7547112],[77.0151615,28.7548478],[77.0152214,28.7551538],[77.0153399,28.7551632],[77.0153447,28.755996],[77.0154095,28.7563414],[77.015529,28.757405],[77.0156468,28.7586619],[77.0158179,28.7602593],[77.0159393,28.7613067],[77.0161125,28.7629541],[77.0162476,28.7641221],[77.0162884,28.76461],[77.0163987,28.7656481],[77.0164461,28.7661862],[77.0164648,28.766705],[77.0165795,28.768926],[77.0167027,28.769766],[77.0168869,28.7703847],[77.0171769,28.7710707],[77.0179378,28.7726429],[77.0182342,28.7732764],[77.018402,28.7735988],[77.0186093,28.7739432],[77.0193785,28.7751636],[77.0206757,28.7772348],[77.0209987,28.7778529],[77.0215851,28.7790368],[77.0218361,28.7795082],[77.022033,28.7799184],[77.0224725,28.7807821],[77.0224102,28.7809037],[77.0228819,28.7817567],[77.0232112,28.7822688],[77.0233141,28.7822324],[77.0235948,28.7828505],[77.0237258,28.7828079],[77.0239328,28.7828109],[77.0244444,28.7825143],[77.0249025,28.7822102],[77.0250549,28.7821605],[77.0258119,28.7816657],[77.0260221,28.781639],[77.0277819,28.7813145],[77.0298399,28.7809102],[77.0305182,28.7808459],[77.0312106,28.780832],[77.0318767,28.7808671],[77.0325719,28.7808881],[77.0332662,28.7808567],[77.0339223,28.7807441],[77.0345994,28.7806652],[77.0352855,28.7806213],[77.03533,28.7804663],[77.0360235,28.7803007],[77.0381074,28.7799001],[77.0383759,28.7800531],[77.0407872,28.7798971],[77.0438138,28.7795968],[77.0439249,28.779592]]]},"properties":{"fill-opacity":0,"stroke-opacity":1,"stroke":"#ff0000","WNo_SEC":31,"AC_No":7,"AC_No_1":7,"AC_Name":"BAWANA","Ward_No":31,"WardName":"NANGAL THAKRAN","TotalPop":57612,"SC_Pop":12911,"NW2022":"31, NANGAL THAKRAN"},"id":161},
{"type":"Feature","geometry":{"type":"Polygon","coordinates":[[[77.1267889,28.7577238],[77.1235462,28.7612408],[77.1234495,28.7613485],[77.1239085,28.7613143],[77.1261123,28.7612965],[77.1260894,28.7616041],[77.1259999,28.7616095],[77.1259323,28.7618284],[77.125857,28.7618314],[77.1258591,28.7621292],[77.1257719,28.7622595],[77.1256561,28.7630371],[77.1256222,28.7631703],[77.1254087,28.763463],[77.1253695,28.7636634],[77.1258156,28.7638785],[77.1260018,28.7640265],[77.1265823,28.7642756],[77.1267196,28.7643866],[77.126947,28.764644],[77.1270384,28.7650768],[77.1270239,28.7656978],[77.1281294,28.7660704],[77.1285675,28.7662091],[77.1290605,28.7663374],[77.1296378,28.7665758],[77.1308195,28.7672009],[77.1312418,28.7674072],[77.1319273,28.7675139],[77.1326139,28.767698],[77.1339899,28.7682366],[77.1340225,28.7695991],[77.1340463,28.7712371],[77.1350317,28.7716145],[77.1356459,28.7717655],[77.1355167,28.7718919],[77.1357205,28.772087],[77.1361345,28.7725476],[77.1363232,28.7727818],[77.136327,28.7730618],[77.1366575,28.7733259],[77.1361564,28.7741961],[77.1345371,28.7731448],[77.1343248,28.7733883],[77.1338328,28.7733521],[77.1333251,28.7730378],[77.1327381,28.7732744],[77.1320374,28.7725557],[77.1319993,28.7721053],[77.1310855,28.7721256],[77.1296241,28.7721134],[77.1297291,28.7724143],[77.1299086,28.772741],[77.1301735,28.7732687],[77.1301367,28.7735602],[77.1302415,28.7737736],[77.1305149,28.7741131],[77.1299011,28.7744533],[77.1296992,28.7746626],[77.1298733,28.7751096],[77.129941,28.7753631],[77.1298829,28.7754356],[77.1301429,28.7757578],[77.13033,28.7759499],[77.1307196,28.7764299],[77.131795,28.7764162],[77.1322266,28.7768837],[77.1324712,28.7771693],[77.1325558,28.7771966],[77.1327583,28.7770846],[77.1329479,28.7770436],[77.1331279,28.7771172],[77.1332731,28.7772923],[77.1334218,28.7774031],[77.134774,28.777586],[77.1352328,28.7776261],[77.1355303,28.7773243],[77.1361314,28.7773025],[77.1363623,28.7775499],[77.136558,28.7780036],[77.13685,28.7783384],[77.1375608,28.778284],[77.1392234,28.7782493],[77.1396157,28.7783863],[77.1400809,28.7786087],[77.1406655,28.7789828],[77.1409005,28.7791095],[77.1415252,28.7793381],[77.1419762,28.7794051],[77.1414872,28.7815768],[77.1413658,28.7823616],[77.1409309,28.7862908],[77.1410207,28.7863678],[77.1410121,28.7867779],[77.1410389,28.7871609],[77.1410921,28.787495],[77.1413008,28.7883732],[77.1414967,28.7888584],[77.1417391,28.7893409],[77.141902,28.7896297],[77.1421856,28.7900661],[77.1427331,28.7908625],[77.1432076,28.7915957],[77.1433444,28.7918414],[77.1435007,28.7921896],[77.1438092,28.7930265],[77.1439524,28.7935642],[77.1440186,28.7942934],[77.1440336,28.7948863],[77.1440196,28.7951343],[77.1437409,28.7976812],[77.1435361,28.7996866],[77.1434288,28.8006433],[77.143317,28.8017678],[77.1432271,28.8022905],[77.1430032,28.8033232],[77.1427258,28.8040349],[77.1425491,28.804374],[77.1421329,28.805041],[77.1417566,28.8055909],[77.1414093,28.8060305],[77.1411673,28.8062936],[77.1407738,28.8066786],[77.1402993,28.8071025],[77.138424,28.8086157],[77.1380523,28.8089424],[77.1378574,28.809138],[77.1374344,28.8095196],[77.1369929,28.810117],[77.1367193,28.8105823],[77.1365447,28.8109356],[77.1364004,28.8112774],[77.1362294,28.8117592],[77.1360803,28.8122311],[77.1355545,28.8140194],[77.1352132,28.8152023],[77.1348857,28.8162771],[77.1346459,28.8169801],[77.1343212,28.8178513],[77.1340086,28.8188889],[77.1339019,28.8187527],[77.1337118,28.8194912],[77.1331839,28.8211181],[77.1330762,28.8214206],[77.1327004,28.822882],[77.1320979,28.8248085],[77.131803,28.8257879],[77.1314825,28.8266239],[77.131338,28.8271131],[77.1308252,28.8286897],[77.1304893,28.8297693],[77.1299954,28.8314745],[77.1298095,28.8320601],[77.1288909,28.8350211],[77.1274865,28.841597],[77.1274323,28.841804],[77.1271204,28.8434652],[77.1269583,28.8442185],[77.1267104,28.8456609],[77.1244073,28.845578],[77.1239428,28.8455674],[77.1239475,28.8457971],[77.1237746,28.8457968],[77.1237968,28.8462202],[77.1237983,28.8467961],[77.1229818,28.846815],[77.1229541,28.8462784],[77.1219724,28.8462986],[77.1222019,28.8461563],[77.1218455,28.8456256],[77.1215635,28.8451622],[77.1211866,28.8448352],[77.121095,28.8447219],[77.1205366,28.8444393],[77.1202667,28.8444157],[77.1199583,28.8441818],[77.119816,28.8441172],[77.1199723,28.8437996],[77.1201498,28.8436266],[77.1198445,28.8434834],[77.1193152,28.843016],[77.118868,28.8426718],[77.1185207,28.8423322],[77.1181137,28.8418182],[77.1174369,28.8418129],[77.1166574,28.8417725],[77.1145483,28.8416308],[77.1139468,28.8416114],[77.1126616,28.8416166],[77.1122168,28.8415868],[77.1119704,28.8415391],[77.1110915,28.8413307],[77.1099271,28.8410454],[77.1090883,28.8408145],[77.1091833,28.8404878],[77.1094568,28.8396742],[77.11312,28.8289564],[77.1142201,28.8253783],[77.1146882,28.8230513],[77.1146218,28.8230806],[77.1139271,28.8240165],[77.1136441,28.8244212],[77.1123934,28.826132],[77.1111531,28.8278045],[77.1101939,28.828995],[77.1097382,28.8295244],[77.1079194,28.8312035],[77.1065672,28.832287],[77.1062767,28.832526],[77.1061876,28.8327269],[77.105382,28.8334229],[77.1051628,28.8336718],[77.1050687,28.833839],[77.1046119,28.8348971],[77.1036664,28.8370322],[77.1030111,28.8385411],[77.1029367,28.8386741],[77.1028429,28.8386461],[77.10275,28.838866],[77.1019515,28.8386193],[77.0989215,28.8377265],[77.0990676,28.8373775],[77.0967369,28.836689],[77.0952108,28.8362331],[77.0939079,28.8358559],[77.092956,28.8355625],[77.0924119,28.8354095],[77.0898058,28.8347107],[77.0906801,28.8324316],[77.0915925,28.8302953],[77.0927082,28.8274153],[77.0927356,28.8273562],[77.0930222,28.8261749],[77.0933574,28.8253103],[77.0950001,28.8207011],[77.096752,28.816138],[77.0971508,28.8151779],[77.0971704,28.8151728],[77.0981199,28.8126512],[77.0990359,28.8102021],[77.0992814,28.8095604],[77.0988137,28.8095685],[77.0987354,28.8097866],[77.0987224,28.8100852],[77.0970284,28.81009],[77.0969856,28.8095614],[77.0971973,28.8093395],[77.0972478,28.8091525],[77.0972205,28.808876],[77.0971113,28.8085625],[77.0970131,28.8085354],[77.0969757,28.8082925],[77.0967211,28.8083012],[77.0967305,28.8079589],[77.094249,28.8080213],[77.0942265,28.8074391],[77.094258,28.8052184],[77.0947075,28.8051971],[77.0947053,28.8045478],[77.094726,28.8039554],[77.094667,28.8037176],[77.0941352,28.8031481],[77.0940953,28.8025089],[77.0957924,28.8025256],[77.0958333,28.8024056],[77.0960884,28.8023659],[77.0958358,28.7997895],[77.0960303,28.7997856],[77.0960529,28.8003033],[77.0975355,28.8003065],[77.0975441,28.8008722],[77.0989205,28.8008532],[77.0989072,28.8007292],[77.0982276,28.8007613],[77.098213,28.800709],[77.0982126,28.8000143],[77.0983154,28.8000134],[77.098164,28.7980631],[77.0976663,28.7980458],[77.097502,28.7972844],[77.0971892,28.7965492],[77.0986379,28.796234],[77.0985021,28.7961069],[77.0981915,28.7957537],[77.0974604,28.7949772],[77.095673,28.794963],[77.0956317,28.7942693],[77.0955993,28.7935277],[77.0956489,28.7935109],[77.0955479,28.7927962],[77.095315,28.7928292],[77.0951416,28.7887525],[77.095379,28.7872982],[77.0933277,28.7873174],[77.0931772,28.7873126],[77.0931137,28.7871882],[77.0930962,28.786785],[77.0897586,28.7868415],[77.0896975,28.7845888],[77.090682,28.7838272],[77.0913862,28.7835371],[77.0915006,28.783474],[77.0923267,28.7832095],[77.0927544,28.7830546],[77.0937492,28.7825107],[77.0943473,28.7826209],[77.0945391,28.7827559],[77.0953551,28.7831163],[77.0959549,28.7833379],[77.0965835,28.7834595],[77.0966883,28.7834593],[77.0971519,28.7814475],[77.0964743,28.7805367],[77.0958757,28.7797751],[77.0953885,28.7792047],[77.0949652,28.7786662],[77.0940039,28.7775215],[77.0935171,28.7770182],[77.093024,28.7762544],[77.0923931,28.7752093],[77.0922684,28.7749501],[77.0922506,28.7747206],[77.0922823,28.7740685],[77.0923343,28.7738278],[77.0923207,28.7733233],[77.0923368,28.7728348],[77.0923763,28.7727008],[77.0920652,28.7722355],[77.0950957,28.7707619],[77.0976487,28.7695205],[77.1007209,28.7679622],[77.1013606,28.7676615],[77.1022836,28.7671247],[77.1030584,28.7665902],[77.1040221,28.7659072],[77.1054007,28.7647398],[77.1071888,28.7630467],[77.1083931,28.7618371],[77.1106052,28.7597123],[77.1114028,28.759024],[77.1127767,28.7579774],[77.1164944,28.7550652],[77.1184956,28.7535407],[77.1190696,28.7530761],[77.1210017,28.7545558],[77.1212932,28.7548151],[77.1213298,28.7549508],[77.1214629,28.7550105],[77.1217053,28.7552086],[77.1220315,28.7550721],[77.1224305,28.7548455],[77.1225962,28.7547841],[77.1227302,28.7547951],[77.1230368,28.7550577],[77.1233587,28.7552226],[77.1236197,28.7551612],[77.1239146,28.7553838],[77.1248385,28.7562707],[77.1256509,28.7569224],[77.1260189,28.757193],[77.1264129,28.7574473],[77.1267889,28.7577238]]]},"properties":{"fill-opacity":0,"stroke-opacity":1,"stroke":"#ff0000","WNo_SEC":4,"AC_No":1,"AC_No_1":1,"AC_Name":"NARELA","Ward_No":4,"WardName":"ALIPUR","TotalPop":74449,"SC_Pop":15359,"NW2022":"4, ALIPUR"},"id":162},
{"type":"Feature","geometry":{"type":"Polygon","coordinates":[[[77.205649,28.7953925],[77.2022169,28.7973739],[77.2010907,28.7975577],[77.1997142,28.7977428],[77.1990586,28.7978787],[77.1980556,28.7980514],[77.19767,28.7981294],[77.1971318,28.7981974],[77.1968291,28.79827],[77.1968507,28.7985675],[77.1969745,28.7989986],[77.1970476,28.7995739],[77.1968882,28.7996415],[77.1969466,28.8002233],[77.1970437,28.8009806],[77.197277,28.801183],[77.1977708,28.8015206],[77.1979017,28.8025834],[77.1979351,28.802757],[77.1980861,28.8032157],[77.1982066,28.8037841],[77.1983929,28.8040681],[77.1986541,28.8044059],[77.1987251,28.8046132],[77.198725,28.8049994],[77.1987652,28.8060872],[77.1987706,28.8065365],[77.1987998,28.8070026],[77.1988037,28.8074781],[77.1988422,28.8078962],[77.199244,28.8088753],[77.1995991,28.8096436],[77.1997779,28.8101571],[77.1999208,28.8104158],[77.1999528,28.810878],[77.2001485,28.811178],[77.2001433,28.8114421],[77.2001664,28.8118333],[77.2001598,28.8124985],[77.2011186,28.8124924],[77.2019352,28.8124344],[77.2025253,28.8123013],[77.2030287,28.8121555],[77.2035184,28.8119954],[77.2038666,28.8118526],[77.2046541,28.8116411],[77.2053911,28.8113222],[77.2056854,28.8112555],[77.2068574,28.8109171],[77.2075528,28.8105534],[77.2114364,28.8102005],[77.2126037,28.8097595],[77.2129879,28.8095975],[77.2138946,28.8093293],[77.2143034,28.8092462],[77.2144492,28.8091838],[77.214623,28.8090437],[77.2147267,28.8087528],[77.2148855,28.8085259],[77.2153482,28.8079752],[77.2156277,28.8076074],[77.2158261,28.8074017],[77.2159727,28.8074726],[77.216042,28.8075867],[77.2163444,28.8079307],[77.2169643,28.8085622],[77.217179,28.808658],[77.2179216,28.8086099],[77.2186081,28.8085454],[77.2187346,28.8085935],[77.2188042,28.8087098],[77.2188481,28.8089179],[77.2189348,28.8097686],[77.218932,28.8102824],[77.218901,28.81044],[77.218809,28.8105635],[77.2186873,28.811216],[77.2186361,28.8114161],[77.218535,28.8120548],[77.2184726,28.8126122],[77.2184833,28.8135524],[77.2185867,28.8138723],[77.2186803,28.8144182],[77.2187197,28.8148267],[77.2188044,28.8153607],[77.2189579,28.8164504],[77.2189703,28.8166432],[77.2190256,28.8167362],[77.2196138,28.8171537],[77.220095,28.8174469],[77.2202788,28.8186691],[77.2204479,28.8187763],[77.2210262,28.8192148],[77.221106,28.8192189],[77.2215514,28.8197027],[77.2218195,28.8199195],[77.2220571,28.8201423],[77.2219572,28.8203436],[77.2224947,28.8211227],[77.2224189,28.8213075],[77.2224956,28.8214573],[77.2224199,28.8216052],[77.2225345,28.8219584],[77.2225742,28.8223467],[77.2228805,28.8228819],[77.2234263,28.8234022],[77.2237765,28.8238543],[77.2239364,28.8242069],[77.2240366,28.8247025],[77.224064,28.8250913],[77.224033,28.8253433],[77.2239462,28.8255092],[77.2235227,28.8259487],[77.2237253,28.8264731],[77.223961,28.8276499],[77.2239593,28.8280091],[77.2238274,28.8284622],[77.2236176,28.828909],[77.2232301,28.8293782],[77.2228609,28.8299618],[77.2225487,28.830591],[77.2223398,28.8311737],[77.2222781,28.8314473],[77.2219386,28.8318834],[77.221842,28.8320319],[77.2216323,28.8322354],[77.2213656,28.8327278],[77.2210404,28.8336705],[77.2195722,28.8349868],[77.219141,28.8354396],[77.2188004,28.8356433],[77.2182701,28.8361463],[77.218101,28.8363846],[77.217875,28.836767],[77.2175581,28.8375529],[77.217392,28.8381115],[77.216918,28.8388375],[77.2167106,28.8390985],[77.2164933,28.8394543],[77.2162874,28.8395978],[77.2161606,28.8398154],[77.2161388,28.8400979],[77.2160793,28.8402951],[77.2158062,28.8409322],[77.2156722,28.841283],[77.2155309,28.8414728],[77.2151892,28.842334],[77.2151623,28.84258],[77.2151752,28.84295],[77.2151409,28.8430767],[77.2150295,28.8431874],[77.2148598,28.843219],[77.2147076,28.8431921],[77.2146403,28.8433199],[77.2146205,28.8434976],[77.2146606,28.8437512],[77.2146451,28.8439693],[77.2145736,28.8442425],[77.2145157,28.8447333],[77.2144884,28.8451349],[77.2143024,28.8454425],[77.2142505,28.8457933],[77.2142321,28.8461667],[77.2141204,28.8467448],[77.2138319,28.847528],[77.2136699,28.8480059],[77.2136211,28.8482892],[77.213426,28.8490502],[77.2130935,28.8499787],[77.21308,28.8502006],[77.2131278,28.8507752],[77.2131517,28.8512453],[77.2132602,28.8523044],[77.2126744,28.8534645],[77.2123937,28.8538824],[77.212122,28.8547204],[77.2121126,28.8553888],[77.2119751,28.8562866],[77.211911,28.8570846],[77.2116753,28.8577861],[77.2114821,28.8580477],[77.2112479,28.8582395],[77.2110321,28.8583414],[77.2107202,28.858441],[77.2100597,28.8585503],[77.2097889,28.8585627],[77.2096209,28.8585217],[77.2096192,28.8584402],[77.2092323,28.858358],[77.2090061,28.8582842],[77.20869,28.8581313],[77.2082825,28.8578715],[77.207944,28.8575122],[77.207938,28.8573344],[77.2077872,28.857143],[77.2076441,28.8570519],[77.2073756,28.8569579],[77.2072059,28.8569457],[77.2069778,28.8570519],[77.2068544,28.857039],[77.2065346,28.8571864],[77.2064637,28.8573615],[77.2065555,28.8579078],[77.2066891,28.8584057],[77.2067262,28.8586148],[77.2069251,28.8589933],[77.2069631,28.8592395],[77.2060077,28.8591585],[77.2050389,28.8590874],[77.2036502,28.8590754],[77.2033679,28.859109],[77.2028025,28.8591298],[77.2020852,28.8591299],[77.2005594,28.8591665],[77.1999877,28.8592048],[77.199415,28.8591967],[77.1988602,28.8592742],[77.1984218,28.8592835],[77.1975989,28.8593411],[77.1968459,28.8593777],[77.1960874,28.8593257],[77.1953267,28.8593721],[77.1945821,28.8592504],[77.1942289,28.8591762],[77.1941737,28.8591099],[77.1939,28.8590544],[77.1937378,28.8589757],[77.1936869,28.8588694],[77.1935804,28.85843],[77.1930476,28.8585157],[77.1929884,28.8583762],[77.192625,28.8584018],[77.1920037,28.8583942],[77.1919616,28.8583086],[77.1916314,28.8582946],[77.190705,28.8583854],[77.1901049,28.8583678],[77.189729,28.8583212],[77.1892474,28.8582991],[77.1892128,28.858274],[77.1882344,28.8582513],[77.1879182,28.8582564],[77.1878641,28.8582273],[77.1873584,28.8582052],[77.1872216,28.858157],[77.1865811,28.858064],[77.1863535,28.8581148],[77.1861768,28.8580448],[77.185873,28.8579993],[77.1856434,28.8580233],[77.1851484,28.8579587],[77.1848895,28.8579768],[77.1845695,28.8579036],[77.1839927,28.8579139],[77.1836001,28.8579067],[77.1833187,28.8579412],[77.182982,28.8578953],[77.1826927,28.8577886],[77.1822685,28.8577441],[77.1817204,28.8577306],[77.1810918,28.8577803],[77.1806494,28.857796],[77.180381,28.8578404],[77.1797303,28.8580357],[77.1792904,28.8581906],[77.1787293,28.8583496],[77.1782625,28.858597],[77.1780935,28.8586512],[77.1778495,28.8583895],[77.1771259,28.8580889],[77.1769764,28.858002],[77.1767327,28.857943],[77.1761725,28.8579497],[77.1755264,28.8579744],[77.1750663,28.8585203],[77.1749161,28.8584524],[77.1740953,28.8580006],[77.1736172,28.8577512],[77.1730212,28.8573151],[77.173186,28.8567619],[77.1732299,28.8564468],[77.1732295,28.8558884],[77.1731626,28.8558695],[77.1730784,28.8555617],[77.1729393,28.8553209],[77.1728305,28.8548198],[77.172794,28.854808],[77.1725993,28.8538015],[77.1725374,28.8531824],[77.1724282,28.8528464],[77.1723201,28.8521602],[77.172259,28.8514437],[77.1721891,28.851176],[77.1721075,28.850997],[77.1721165,28.8504924],[77.1720803,28.8503308],[77.1720606,28.8500183],[77.1714378,28.8501529],[77.1705516,28.8504101],[77.1698483,28.8505707],[77.1692843,28.8506171],[77.1690619,28.8506191],[77.1689021,28.8505766],[77.1686862,28.8504635],[77.1684852,28.8503066],[77.1677326,28.8496037],[77.1670636,28.8491],[77.1669081,28.8490046],[77.166735,28.8490027],[77.1661898,28.8493565],[77.166103,28.8493455],[77.1657569,28.8489127],[77.1654331,28.8486241],[77.1651616,28.848292],[77.164762,28.8478345],[77.1646456,28.8476793],[77.1644536,28.8473112],[77.1638252,28.8465824],[77.1629204,28.8454387],[77.1625578,28.8449316],[77.1617088,28.8439745],[77.1614506,28.8436426],[77.1611765,28.8432484],[77.1607653,28.8427768],[77.1606222,28.842567],[77.1595082,28.8411887],[77.1592761,28.8409328],[77.1584402,28.8402865],[77.1579663,28.8400134],[77.1575233,28.8396896],[77.1570606,28.8392572],[77.1568617,28.8390409],[77.1568067,28.8387907],[77.1568409,28.838053],[77.1568695,28.8379546],[77.1571707,28.83746],[77.1577034,28.8370054],[77.1577246,28.8369353],[77.1574135,28.836915],[77.1571651,28.8369282],[77.1565916,28.8370561],[77.1555919,28.8371554],[77.1551307,28.8372105],[77.1544684,28.8373661],[77.1533472,28.8375944],[77.1528476,28.8376594],[77.1524561,28.8376777],[77.1518851,28.8377438],[77.1514163,28.8378143],[77.1509234,28.8378701],[77.149746,28.8379459],[77.1492461,28.8379929],[77.1486164,28.8380269],[77.1479753,28.8379571],[77.1472362,28.8379031],[77.146834,28.8379059],[77.1465751,28.8379471],[77.1457845,28.8381176],[77.1452308,28.8381904],[77.1447249,28.8383196],[77.1445342,28.8383925],[77.1438853,28.8387429],[77.1435997,28.8388527],[77.1430324,28.838994],[77.1422385,28.8393361],[77.1421961,28.8393746],[77.14225,28.8396285],[77.1423212,28.8401208],[77.1423387,28.8406997],[77.1423075,28.8410124],[77.142286,28.8415919],[77.1421708,28.8418729],[77.1419698,28.84211],[77.1416624,28.8424098],[77.1415507,28.8425599],[77.1415338,28.8426838],[77.1416323,28.843423],[77.141615,28.843854],[77.1416333,28.8441446],[77.1415782,28.8446104],[77.1415809,28.8448848],[77.1416397,28.845286],[77.1417329,28.8462255],[77.141797,28.8464351],[77.1419331,28.8467343],[77.1421058,28.8472913],[77.1422088,28.8474894],[77.1425465,28.8479127],[77.1431271,28.848952],[77.1440243,28.8503512],[77.1442638,28.8507993],[77.1444795,28.8510507],[77.1446763,28.8513431],[77.1447622,28.8516777],[77.1451602,28.8524766],[77.1453023,28.8529899],[77.1454683,28.8530626],[77.1454969,28.8531722],[77.1454209,28.853316],[77.1453056,28.853659],[77.1451787,28.853945],[77.1451364,28.8542033],[77.1449045,28.8543742],[77.1445411,28.8546837],[77.1444747,28.8547139],[77.1440221,28.8547308],[77.1437336,28.8547817],[77.1434132,28.8549308],[77.1432385,28.8551084],[77.142568,28.8557205],[77.1421714,28.8562548],[77.1420701,28.8564932],[77.1420516,28.8570313],[77.1421225,28.8573128],[77.1423873,28.8581167],[77.1422383,28.8582349],[77.1419367,28.8582861],[77.1412518,28.8583299],[77.1411431,28.8584145],[77.1410816,28.8586241],[77.1409937,28.8591526],[77.141025,28.859454],[77.1409972,28.859645],[77.1408887,28.8598089],[77.1406758,28.860015],[77.1404716,28.8603752],[77.1401966,28.8610364],[77.1401296,28.8612982],[77.1401775,28.8617087],[77.1395948,28.8618519],[77.1390516,28.8619441],[77.1381215,28.8620782],[77.1373164,28.862227],[77.1358108,28.8624658],[77.1353478,28.8624994],[77.1345255,28.8626055],[77.1328591,28.8628061],[77.131584,28.8629835],[77.1306223,28.863094],[77.1306225,28.8624971],[77.1305438,28.8621229],[77.1302075,28.8619439],[77.1295841,28.861714],[77.1295902,28.8611803],[77.1288386,28.8612006],[77.1286708,28.8612735],[77.1280953,28.8611285],[77.1278069,28.8609678],[77.1274712,28.8608306],[77.127073,28.8607125],[77.1268774,28.8606305],[77.1261956,28.8606233],[77.1253714,28.8606005],[77.1241827,28.860488],[77.1245412,28.8586521],[77.1246293,28.8582008],[77.1248025,28.8571939],[77.1252805,28.8540152],[77.12572,28.85161],[77.1257831,28.851609],[77.1258619,28.8511932],[77.1259188,28.8510374],[77.1264432,28.8481479],[77.1265538,28.8475821],[77.1269059,28.8456598],[77.1267104,28.8456609],[77.1269583,28.8442185],[77.1271204,28.8434652],[77.1274323,28.841804],[77.1274865,28.841597],[77.1288909,28.8350211],[77.1298095,28.8320601],[77.1299954,28.8314745],[77.1304893,28.8297693],[77.1308252,28.8286897],[77.131338,28.8271131],[77.1314825,28.8266239],[77.131803,28.8257879],[77.1320979,28.8248085],[77.1327004,28.822882],[77.1330762,28.8214206],[77.1331839,28.8211181],[77.1337118,28.8194912],[77.1339019,28.8187527],[77.1340086,28.8188889],[77.1343212,28.8178513],[77.1346459,28.8169801],[77.1348857,28.8162771],[77.1352132,28.8152023],[77.1355545,28.8140194],[77.1360803,28.8122311],[77.1362294,28.8117592],[77.1364004,28.8112774],[77.1365447,28.8109356],[77.1367193,28.8105823],[77.1369929,28.810117],[77.1374344,28.8095196],[77.1378574,28.809138],[77.1380523,28.8089424],[77.138424,28.8086157],[77.1402993,28.8071025],[77.1407738,28.8066786],[77.1411673,28.8062936],[77.1414093,28.8060305],[77.1417566,28.8055909],[77.1421329,28.805041],[77.1425491,28.804374],[77.1427258,28.8040349],[77.1430032,28.8033232],[77.1432271,28.8022905],[77.143317,28.8017678],[77.1434288,28.8006433],[77.1435361,28.7996866],[77.1437409,28.7976812],[77.1440196,28.7951343],[77.1440336,28.7948863],[77.1440186,28.7942934],[77.1439524,28.7935642],[77.1438092,28.7930265],[77.1435007,28.7921896],[77.1433444,28.7918414],[77.1432076,28.7915957],[77.1427331,28.7908625],[77.1421856,28.7900661],[77.141902,28.7896297],[77.1417391,28.7893409],[77.1414967,28.7888584],[77.1413008,28.7883732],[77.1410921,28.787495],[77.1410389,28.7871609],[77.1410121,28.7867779],[77.1410207,28.7863678],[77.1409309,28.7862908],[77.1413658,28.7823616],[77.1414872,28.7815768],[77.1419762,28.7794051],[77.1421946,28.779431],[77.1426392,28.7793939],[77.1431586,28.7795802],[77.1439521,28.7798381],[77.145198,28.780181],[77.1458841,28.7805677],[77.1461663,28.7800661],[77.1472151,28.7800494],[77.1479317,28.7800199],[77.1480006,28.780592],[77.1479899,28.7812586],[77.1480703,28.7813645],[77.1481258,28.7816893],[77.1486437,28.7816639],[77.1493688,28.7816488],[77.1493654,28.7824877],[77.1493752,28.7835547],[77.1494126,28.7839717],[77.1493561,28.7856066],[77.14931,28.78586],[77.14883,28.78725],[77.1483906,28.7881878],[77.1480646,28.7881959],[77.148072,28.7888676],[77.148089,28.7890217],[77.1494726,28.7889994],[77.1494758,28.789105],[77.1501559,28.7892651],[77.1508244,28.7893323],[77.1515534,28.7893069],[77.1522273,28.7892548],[77.1528592,28.7891938],[77.1534819,28.7890937],[77.1540635,28.7891395],[77.1548086,28.7894167],[77.1554537,28.7896817],[77.155808,28.790239],[77.1561511,28.7907234],[77.1562491,28.7907854],[77.1569254,28.7913162],[77.1577559,28.7913026],[77.1583607,28.7909905],[77.1591238,28.7912327],[77.1597526,28.7913798],[77.159852,28.791814],[77.1597809,28.7921497],[77.1596989,28.7923183],[77.1594284,28.7926135],[77.1595758,28.7927075],[77.1598516,28.7927559],[77.1601867,28.792922],[77.1603046,28.7930188],[77.1604253,28.7932085],[77.1604763,28.7935756],[77.1605263,28.7937642],[77.1605941,28.7938461],[77.1608879,28.7939745],[77.1612164,28.7941566],[77.1618399,28.7945642],[77.1622321,28.7949561],[77.1623627,28.7951109],[77.1624573,28.7956026],[77.1626413,28.7957304],[77.1626861,28.7967357],[77.1647588,28.7966859],[77.1647308,28.7955653],[77.1658236,28.7952864],[77.1658094,28.7937289],[77.1667979,28.7938957],[77.168083,28.7938659],[77.1694521,28.7938896],[77.1702531,28.7940137],[77.1710364,28.7942843],[77.1713236,28.7941335],[77.1717427,28.7938436],[77.1722477,28.7931962],[77.1726298,28.7926237],[77.1728289,28.7920971],[77.1729631,28.7916911],[77.1732852,28.7913545],[77.1734881,28.7911861],[77.1733252,28.7908467],[77.1732662,28.7906137],[77.1732473,28.7900514],[77.1733837,28.7899609],[77.1739924,28.7899184],[77.1741414,28.7898332],[77.1737578,28.7894908],[77.1728803,28.7896033],[77.1728243,28.7883456],[77.172719,28.7870476],[77.1725347,28.7862178],[77.1723685,28.7859759],[77.1721171,28.7857175],[77.1714789,28.7851456],[77.1711279,28.784419],[77.1723547,28.7843291],[77.1731778,28.7842856],[77.1735047,28.7842832],[77.1742255,28.7843113],[77.1744392,28.7843373],[77.1750556,28.7844722],[77.1755424,28.784564],[77.1784917,28.7850332],[77.180236,28.7853169],[77.1802348,28.7853582],[77.1822192,28.7857546],[77.1828127,28.7858686],[77.1836797,28.786071],[77.1842017,28.7861631],[77.1851707,28.7862682],[77.1856085,28.7862772],[77.1865444,28.7862716],[77.1880846,28.7862182],[77.1888561,28.786201],[77.1890733,28.7864792],[77.1893411,28.7867308],[77.1897087,28.7871218],[77.1894788,28.7875438],[77.1893096,28.7876688],[77.189672,28.7877547],[77.1905188,28.7881566],[77.1913376,28.7887435],[77.1918723,28.7893089],[77.1927656,28.7902965],[77.1933538,28.79055],[77.1939643,28.790048],[77.1942029,28.7898023],[77.1945576,28.7892785],[77.1945847,28.7890792],[77.1944971,28.7884814],[77.1944501,28.7880643],[77.1944511,28.7878685],[77.1945623,28.7872496],[77.1946241,28.7864302],[77.1946845,28.7862443],[77.1954579,28.78564],[77.1966504,28.7847479],[77.1973317,28.784214],[77.1978882,28.7837621],[77.1986001,28.7831987],[77.1990053,28.7828214],[77.1993736,28.7824234],[77.1998697,28.7828927],[77.200762,28.783675],[77.2008775,28.7839264],[77.2009826,28.7844141],[77.2009253,28.7849847],[77.2028065,28.7857826],[77.2034968,28.7860308],[77.2037176,28.7861345],[77.204186,28.7864046],[77.2049195,28.7867173],[77.2051965,28.7868676],[77.2049771,28.787838],[77.2048514,28.7886051],[77.2048543,28.7887806],[77.2047375,28.7893597],[77.2047491,28.7894534],[77.2046926,28.7898098],[77.2046717,28.7902071],[77.2045866,28.7906004],[77.2047723,28.7919697],[77.2047069,28.7927228],[77.2049741,28.7938285],[77.20489,28.7951817],[77.20507,28.7954606],[77.205649,28.7953925]]]},"properties":{"fill-opacity":0,"stroke-opacity":1,"stroke":"#ff0000","WNo_SEC":5,"AC_No":1,"AC_No_1":1,"AC_Name":"NARELA","Ward_No":5,"WardName":"BAKHTAWARPUR","TotalPop":55144,"SC_Pop":10926,"NW2022":"5, BAKHTAWARPUR"},"id":163},
{"type":"Feature","geometry":{"type":"Polygon","coordinates":[[[77.2051965,28.7868676],[77.2049195,28.7867173],[77.204186,28.7864046],[77.2037176,28.7861345],[77.2034968,28.7860308],[77.2028065,28.7857826],[77.2009253,28.7849847],[77.2009826,28.7844141],[77.2008775,28.7839264],[77.200762,28.783675],[77.1998697,28.7828927],[77.1993736,28.7824234],[77.1990053,28.7828214],[77.1986001,28.7831987],[77.1978882,28.7837621],[77.1973317,28.784214],[77.1966504,28.7847479],[77.1954579,28.78564],[77.1946845,28.7862443],[77.1946241,28.7864302],[77.1945623,28.7872496],[77.1944511,28.7878685],[77.1944501,28.7880643],[77.1944971,28.7884814],[77.1945847,28.7890792],[77.1945576,28.7892785],[77.1942029,28.7898023],[77.1939643,28.790048],[77.1933538,28.79055],[77.1927656,28.7902965],[77.1918723,28.7893089],[77.1913376,28.7887435],[77.1905188,28.7881566],[77.189672,28.7877547],[77.1893096,28.7876688],[77.1894788,28.7875438],[77.1897087,28.7871218],[77.1893411,28.7867308],[77.1890733,28.7864792],[77.1888561,28.786201],[77.1880846,28.7862182],[77.1865444,28.7862716],[77.1856085,28.7862772],[77.1851707,28.7862682],[77.1842017,28.7861631],[77.1836797,28.786071],[77.1828127,28.7858686],[77.1822192,28.7857546],[77.1802348,28.7853582],[77.180236,28.7853169],[77.1802351,28.7852469],[77.1800226,28.7839273],[77.1844185,28.78398],[77.1844999,28.7839846],[77.1844054,28.7817762],[77.1839784,28.781402],[77.1834033,28.7805748],[77.1830287,28.7799736],[77.1822806,28.7788209],[77.1819708,28.7783675],[77.1814235,28.7784874],[77.1812772,28.7785464],[77.180922,28.7787483],[77.1800759,28.7789439],[77.1797008,28.7788436],[77.1796732,28.7782546],[77.1796092,28.7773261],[77.1795338,28.7759152],[77.1794858,28.7751642],[77.1794279,28.7746567],[77.179358,28.7738121],[77.1793518,28.7735842],[77.1794388,28.7719627],[77.1794728,28.7716018],[77.1801196,28.7716162],[77.1800386,28.7720186],[77.1800944,28.7724836],[77.1811206,28.7724617],[77.181134,28.7724969],[77.1820508,28.7724916],[77.1828529,28.7724959],[77.1828775,28.7734838],[77.183522,28.7734638],[77.1835486,28.7740912],[77.1849599,28.7740756],[77.1849556,28.772956],[77.1846319,28.7729683],[77.183557,28.7729645],[77.1835473,28.7724619],[77.182863,28.7724639],[77.1828644,28.771879],[77.1807788,28.7719127],[77.1807247,28.7715913],[77.1807287,28.7714599],[77.1818183,28.7714125],[77.1818126,28.7711381],[77.1816454,28.7711117],[77.1816402,28.7708635],[77.1811092,28.7708626],[77.1808269,28.7708385],[77.1807356,28.7706203],[77.1795641,28.7706567],[77.1796279,28.7704555],[77.1799092,28.7699541],[77.1799965,28.7697387],[77.1808429,28.7686862],[77.1810925,28.7683515],[77.1823397,28.7665513],[77.1827955,28.7658263],[77.1833371,28.7650051],[77.1835869,28.7645716],[77.1839145,28.76395],[77.1842479,28.7633606],[77.1845632,28.7627666],[77.184763,28.7625836],[77.1849628,28.7624872],[77.1857296,28.7622137],[77.1885111,28.7610592],[77.1892359,28.7607719],[77.1902035,28.7603687],[77.1906136,28.7601797],[77.192281,28.7594716],[77.1929466,28.7591611],[77.1939691,28.7586366],[77.1940101,28.7586415],[77.1946449,28.7582713],[77.1947873,28.7581862],[77.194606,28.7578451],[77.1944453,28.7574532],[77.1944406,28.7573259],[77.1939992,28.7566551],[77.1937446,28.7564292],[77.1932919,28.7558332],[77.193075,28.7554651],[77.1934655,28.7554508],[77.1934522,28.7551918],[77.193457,28.7543169],[77.1950219,28.7542632],[77.1950421,28.754295],[77.1955323,28.7542472],[77.1955373,28.7543236],[77.1962175,28.7543087],[77.1962236,28.7542069],[77.1968782,28.7541788],[77.1968943,28.7545447],[77.1969809,28.7546358],[77.1968337,28.7547217],[77.1968393,28.7548291],[77.1972289,28.7548347],[77.1972317,28.7542725],[77.1981318,28.7542584],[77.1982373,28.7548521],[77.1982758,28.7553233],[77.1983679,28.7553244],[77.1988418,28.7550083],[77.1989551,28.7549749],[77.1990034,28.7548382],[77.1990007,28.7544922],[77.1989394,28.7539653],[77.1988042,28.7526148],[77.1985838,28.750067],[77.1984653,28.7488065],[77.1989035,28.7488059],[77.1989046,28.7488578],[77.200308,28.7487994],[77.2003037,28.7482201],[77.2002567,28.7468467],[77.2002278,28.7456732],[77.2011031,28.7456491],[77.2018763,28.7456499],[77.2019963,28.7449976],[77.2025347,28.7450525],[77.2030087,28.7451189],[77.2045189,28.745293],[77.2048001,28.7453131],[77.2062958,28.7452685],[77.2062849,28.7458552],[77.2062356,28.7475556],[77.206252,28.7477474],[77.2063475,28.7483533],[77.2065128,28.7497422],[77.2065663,28.75056],[77.2065723,28.7508413],[77.2065517,28.7512756],[77.2065592,28.7517405],[77.2065516,28.7523351],[77.206524,28.7527319],[77.2065401,28.7533166],[77.2065774,28.7536968],[77.2067017,28.7546906],[77.2067508,28.754997],[77.2131619,28.7556996],[77.2168459,28.7560121],[77.2196981,28.7556996],[77.2226691,28.7548661],[77.2254077,28.7545751],[77.2254143,28.754788],[77.2248439,28.7584136],[77.2217778,28.7651643],[77.2194248,28.7684145],[77.2224908,28.7714771],[77.2252993,28.7715764],[77.2251091,28.7717003],[77.2248172,28.7717756],[77.2244825,28.7718142],[77.2243484,28.7718009],[77.2241813,28.7717196],[77.2241688,28.7718442],[77.2244282,28.7718804],[77.2243715,28.7719554],[77.2241234,28.7719567],[77.2238435,28.7718879],[77.2236617,28.7718041],[77.2233814,28.771755],[77.2227546,28.7717227],[77.2225682,28.7717472],[77.2220703,28.7718601],[77.2219504,28.7719088],[77.2217417,28.7721494],[77.2214133,28.7722001],[77.2210845,28.7723106],[77.2205496,28.7726691],[77.2202082,28.7729588],[77.2201428,28.7731439],[77.21996,28.7732948],[77.2197982,28.7733573],[77.219195,28.773535],[77.2187272,28.773583],[77.2183702,28.7737193],[77.2181596,28.7739225],[77.2175654,28.7743391],[77.2173578,28.7744555],[77.2169573,28.7745939],[77.216783,28.7746093],[77.2165598,28.7747019],[77.2159543,28.775078],[77.2155963,28.7751934],[77.2151544,28.7754314],[77.2149757,28.7755922],[77.2146336,28.7757607],[77.2142166,28.7759384],[77.2137309,28.776239],[77.213538,28.776385],[77.2132471,28.7765593],[77.2129452,28.7768221],[77.2121273,28.7773789],[77.2118363,28.7776819],[77.2111297,28.7781006],[77.2109452,28.7782367],[77.2108415,28.7783799],[77.2105032,28.7786384],[77.2104101,28.7787718],[77.2101276,28.7789834],[77.2097379,28.7793709],[77.209474,28.7797072],[77.2091258,28.7800957],[77.2089539,28.7802402],[77.2085244,28.78066],[77.2080452,28.7810858],[77.2079563,28.7811888],[77.2074878,28.7815333],[77.2072932,28.7817571],[77.2067288,28.7821267],[77.2065056,28.7822404],[77.2063925,28.7824075],[77.2061687,28.7841428],[77.2062034,28.7841972],[77.2061829,28.7845427],[77.2060816,28.7847161],[77.2059423,28.7850494],[77.2058108,28.7852262],[77.2055886,28.7857672],[77.2054454,28.7862415],[77.20544,28.7864369],[77.2053069,28.7866129],[77.2051965,28.7868676]]]},"properties":{"fill-opacity":0,"stroke-opacity":1,"stroke":"#ff0000","WNo_SEC":6,"AC_No":2,"AC_No_1":2,"AC_Name":"BURARI","Ward_No":6,"WardName":"BURARI","TotalPop":71180,"SC_Pop":6441,"NW2022":"6, BURARI"},"id":164},
{"type":"Feature","geometry":{"type":"Polygon","coordinates":[[[77.1339899,28.7682366],[77.1339643,28.7666363],[77.1377066,28.766589],[77.1390619,28.7665676],[77.1397233,28.766547],[77.1421546,28.766539],[77.144913,28.7665052],[77.1455058,28.7645869],[77.1455196,28.7645809],[77.1457791,28.7637245],[77.1459702,28.763158],[77.1472817,28.7632272],[77.1477877,28.7632124],[77.1478397,28.7634861],[77.1481334,28.764846],[77.1483178,28.7654706],[77.1497029,28.7661187],[77.1497089,28.766411],[77.1510959,28.7664183],[77.1519375,28.7658913],[77.1525392,28.765574],[77.1531244,28.7651422],[77.1535428,28.7647981],[77.153861,28.7646683],[77.1541429,28.7641467],[77.15483239638554,28.76441830361446],[77.1551074,28.7640005],[77.1554593,28.7633023],[77.1558532,28.7625798],[77.1565235,28.7627783],[77.1568204,28.762941],[77.1574618,28.7633319],[77.1578875,28.7630465],[77.1579026,28.7630043],[77.158646,28.7627654],[77.1593127,28.7626099],[77.1606561,28.7623116],[77.160652,28.7621171],[77.1615157,28.7621163],[77.1620354,28.7620928],[77.1620276,28.7618313],[77.1627611,28.7618239],[77.1633923,28.761736],[77.1634078,28.7614454],[77.1647533,28.7609446],[77.1651801,28.7607938],[77.1654222,28.7607278],[77.1679924,28.7606848],[77.168195,28.7606871],[77.1681992,28.7604497],[77.1695502,28.7603755],[77.1695767,28.7595232],[77.1695658,28.7585195],[77.1701032,28.7585033],[77.1701343,28.7577324],[77.1701951,28.7567993],[77.1702119,28.7563146],[77.1708427,28.7564702],[77.1716538,28.7568139],[77.1721468,28.7569425],[77.173958,28.7572868],[77.1749034,28.7575141],[77.1753308,28.7576027],[77.1757075,28.7576394],[77.1766313,28.7576408],[77.177003,28.757628],[77.1789077,28.7576366],[77.1794214,28.7576581],[77.1802532,28.7577116],[77.1809826,28.7578183],[77.1816854,28.757958],[77.1822466,28.7580186],[77.1826452,28.7580378],[77.184682,28.7581857],[77.1851967,28.758252],[77.186042,28.7583409],[77.1866905,28.7583364],[77.1871541,28.7583196],[77.1882544,28.7583578],[77.1891332,28.7583747],[77.1893552,28.7583891],[77.1912453,28.758439],[77.192627,28.7583948],[77.1931229,28.7583643],[77.1941131,28.7582786],[77.1946449,28.7582713],[77.1940101,28.7586415],[77.1939691,28.7586366],[77.1929466,28.7591611],[77.192281,28.7594716],[77.1906136,28.7601797],[77.1902035,28.7603687],[77.1892359,28.7607719],[77.1885111,28.7610592],[77.1857296,28.7622137],[77.1849628,28.7624872],[77.184763,28.7625836],[77.1845632,28.7627666],[77.1842479,28.7633606],[77.1839145,28.76395],[77.1835869,28.7645716],[77.1833371,28.7650051],[77.1827955,28.7658263],[77.1823397,28.7665513],[77.1810925,28.7683515],[77.1808429,28.7686862],[77.1799965,28.7697387],[77.1799092,28.7699541],[77.1796279,28.7704555],[77.1795641,28.7706567],[77.1807356,28.7706203],[77.1808269,28.7708385],[77.1811092,28.7708626],[77.1816402,28.7708635],[77.1816454,28.7711117],[77.1818126,28.7711381],[77.1818183,28.7714125],[77.1807287,28.7714599],[77.1807247,28.7715913],[77.1807788,28.7719127],[77.1828644,28.771879],[77.182863,28.7724639],[77.1835473,28.7724619],[77.183557,28.7729645],[77.1846319,28.7729683],[77.1849556,28.772956],[77.1849599,28.7740756],[77.1835486,28.7740912],[77.183522,28.7734638],[77.1828775,28.7734838],[77.1828529,28.7724959],[77.1820508,28.7724916],[77.181134,28.7724969],[77.1811206,28.7724617],[77.1800944,28.7724836],[77.1800386,28.7720186],[77.1801196,28.7716162],[77.1794728,28.7716018],[77.1794388,28.7719627],[77.1793518,28.7735842],[77.179358,28.7738121],[77.1794279,28.7746567],[77.1794858,28.7751642],[77.1795338,28.7759152],[77.1796092,28.7773261],[77.1796732,28.7782546],[77.1797008,28.7788436],[77.1800759,28.7789439],[77.180922,28.7787483],[77.1812772,28.7785464],[77.1814235,28.7784874],[77.1819708,28.7783675],[77.1822806,28.7788209],[77.1830287,28.7799736],[77.1834033,28.7805748],[77.1839784,28.781402],[77.1844054,28.7817762],[77.1844999,28.7839846],[77.1844185,28.78398],[77.1800226,28.7839273],[77.1802351,28.7852469],[77.180236,28.7853169],[77.1784917,28.7850332],[77.1755424,28.784564],[77.1750556,28.7844722],[77.1744392,28.7843373],[77.1742255,28.7843113],[77.1735047,28.7842832],[77.1731778,28.7842856],[77.1723547,28.7843291],[77.1711279,28.784419],[77.1714789,28.7851456],[77.1721171,28.7857175],[77.1723685,28.7859759],[77.1725347,28.7862178],[77.172719,28.7870476],[77.1728243,28.7883456],[77.1728803,28.7896033],[77.1737578,28.7894908],[77.1741414,28.7898332],[77.1739924,28.7899184],[77.1733837,28.7899609],[77.1732473,28.7900514],[77.1732662,28.7906137],[77.1733252,28.7908467],[77.1734881,28.7911861],[77.1732852,28.7913545],[77.1729631,28.7916911],[77.1728289,28.7920971],[77.1726298,28.7926237],[77.1722477,28.7931962],[77.1717427,28.7938436],[77.1713236,28.7941335],[77.1710364,28.7942843],[77.1702531,28.7940137],[77.1694521,28.7938896],[77.168083,28.7938659],[77.1667979,28.7938957],[77.1658094,28.7937289],[77.1658236,28.7952864],[77.1647308,28.7955653],[77.1647588,28.7966859],[77.1626861,28.7967357],[77.1626413,28.7957304],[77.1624573,28.7956026],[77.1623627,28.7951109],[77.1622321,28.7949561],[77.1618399,28.7945642],[77.1612164,28.7941566],[77.1608879,28.7939745],[77.1605941,28.7938461],[77.1605263,28.7937642],[77.1604763,28.7935756],[77.1604253,28.7932085],[77.1603046,28.7930188],[77.1601867,28.792922],[77.1598516,28.7927559],[77.1595758,28.7927075],[77.1594284,28.7926135],[77.1596989,28.7923183],[77.1597809,28.7921497],[77.159852,28.791814],[77.1597526,28.7913798],[77.1591238,28.7912327],[77.1583607,28.7909905],[77.1577559,28.7913026],[77.1569254,28.7913162],[77.1562491,28.7907854],[77.1561511,28.7907234],[77.155808,28.790239],[77.1554537,28.7896817],[77.1548086,28.7894167],[77.1540635,28.7891395],[77.1534819,28.7890937],[77.1528592,28.7891938],[77.1522273,28.7892548],[77.1515534,28.7893069],[77.1508244,28.7893323],[77.1501559,28.7892651],[77.1494758,28.789105],[77.1494726,28.7889994],[77.148089,28.7890217],[77.148072,28.7888676],[77.1480646,28.7881959],[77.1483906,28.7881878],[77.14883,28.78725],[77.14931,28.78586],[77.1493561,28.7856066],[77.1494126,28.7839717],[77.1493752,28.7835547],[77.1493654,28.7824877],[77.1493688,28.7816488],[77.1486437,28.7816639],[77.1481258,28.7816893],[77.1480703,28.7813645],[77.1479899,28.7812586],[77.1480006,28.780592],[77.1479317,28.7800199],[77.1472151,28.7800494],[77.1461663,28.7800661],[77.1458841,28.7805677],[77.145198,28.780181],[77.1439521,28.7798381],[77.1431586,28.7795802],[77.1426392,28.7793939],[77.1421946,28.779431],[77.1419762,28.7794051],[77.1415252,28.7793381],[77.1409005,28.7791095],[77.1406655,28.7789828],[77.1400809,28.7786087],[77.1396157,28.7783863],[77.1392234,28.7782493],[77.1375608,28.778284],[77.13685,28.7783384],[77.136558,28.7780036],[77.1363623,28.7775499],[77.1361314,28.7773025],[77.1355303,28.7773243],[77.1352328,28.7776261],[77.134774,28.777586],[77.1334218,28.7774031],[77.1332731,28.7772923],[77.1331279,28.7771172],[77.1329479,28.7770436],[77.1327583,28.7770846],[77.1325558,28.7771966],[77.1324712,28.7771693],[77.1322266,28.7768837],[77.131795,28.7764162],[77.1307196,28.7764299],[77.13033,28.7759499],[77.1301429,28.7757578],[77.1298829,28.7754356],[77.129941,28.7753631],[77.1298733,28.7751096],[77.1296992,28.7746626],[77.1299011,28.7744533],[77.1305149,28.7741131],[77.1302415,28.7737736],[77.1301367,28.7735602],[77.1301735,28.7732687],[77.1299086,28.772741],[77.1297291,28.7724143],[77.1296241,28.7721134],[77.1310855,28.7721256],[77.1319993,28.7721053],[77.1320374,28.7725557],[77.1327381,28.7732744],[77.1333251,28.7730378],[77.1338328,28.7733521],[77.1343248,28.7733883],[77.1345371,28.7731448],[77.1361564,28.7741961],[77.1366575,28.7733259],[77.136327,28.7730618],[77.1363232,28.7727818],[77.1361345,28.7725476],[77.1357205,28.772087],[77.1355167,28.7718919],[77.1356459,28.7717655],[77.1350317,28.7716145],[77.1340463,28.7712371],[77.1340225,28.7695991],[77.1339899,28.7682366]]]},"properties":{"fill-opacity":0,"stroke-opacity":1,"stroke":"#ff0000","WNo_SEC":7,"AC_No":2,"AC_No_1":2,"AC_Name":"BURARI","Ward_No":7,"WardName":"KADIPUR","TotalPop":70169,"SC_Pop":12232,"NW2022":"7, KADIPUR"},"id":165},
{"type":"Feature","geometry":{"type":"Polygon","coordinates":[[[77.2233759,28.646655],[77.2228649,28.6473971],[77.2218855,28.6487376],[77.2221449,28.6488651],[77.2212814,28.6501407],[77.2214858,28.6501399],[77.2219731,28.6500241],[77.2219994,28.6499848],[77.2223449,28.6499466],[77.2224072,28.6502069],[77.2225422,28.6502494],[77.222542,28.6505854],[77.2226151,28.6507146],[77.2226157,28.6508765],[77.2226878,28.6510796],[77.2227095,28.6513217],[77.2227549,28.6513813],[77.2231565,28.6513562],[77.2235252,28.6513012],[77.2234844,28.6511197],[77.2239011,28.6510737],[77.2240583,28.651018],[77.2242012,28.6513116],[77.224348,28.6515076],[77.2247489,28.6510848],[77.2254898,28.6504084],[77.2261704,28.649835],[77.2264568,28.6495743],[77.2265581,28.6492653],[77.2266419,28.6492179],[77.2268762,28.6492711],[77.2274911,28.6494697],[77.2285319,28.6498424],[77.2295964,28.6502064],[77.2303296,28.650486],[77.2306036,28.6507236],[77.2308249,28.6508653],[77.2309906,28.6508751],[77.231029,28.6511406],[77.2311329,28.6515235],[77.2311901,28.6519527],[77.2312032,28.6525142],[77.2309461,28.6525463],[77.2310038,28.6526847],[77.2305501,28.6529152],[77.2304071,28.6527109],[77.230639,28.6525233],[77.2305332,28.6524041],[77.2304661,28.6524421],[77.2302535,28.6523599],[77.2300421,28.6523323],[77.2300022,28.6524371],[77.2298098,28.6523996],[77.229686,28.6522687],[77.2294622,28.6522108],[77.2295509,28.6519566],[77.2295259,28.6518129],[77.2288978,28.6528147],[77.2283836,28.6535901],[77.2279031,28.6543304],[77.2275587,28.6548863],[77.2274244,28.6551529],[77.2273977,28.6552855],[77.22745,28.65646],[77.2255329,28.6565402],[77.2242547,28.6566089],[77.2232624,28.6566371],[77.223269,28.6562869],[77.2231307,28.656188],[77.2225323,28.6558365],[77.2219304,28.6554472],[77.2213283,28.6550802],[77.2211322,28.6552918],[77.2206134,28.655932],[77.2202415,28.6564269],[77.2200589,28.6567202],[77.2200253,28.6570785],[77.2189503,28.657012],[77.2190267,28.6559634],[77.2190999,28.6551721],[77.2187599,28.6551453],[77.218752,28.6552106],[77.2185126,28.6551904],[77.2184816,28.6555062],[77.2185169,28.6556938],[77.2183793,28.6563146],[77.218339,28.6566216],[77.218118,28.6566015],[77.2178423,28.6565174],[77.2176567,28.6570409],[77.2170714,28.6568172],[77.2165644,28.6568317],[77.2163194,28.6562958],[77.2165242,28.6553249],[77.2167919,28.65416],[77.2170212,28.6531619],[77.2171998,28.6531912],[77.2174156,28.6521205],[77.217669,28.6511457],[77.2178248,28.650916],[77.2180237,28.6505025],[77.2183509,28.6494785],[77.21844,28.64889],[77.2185782,28.6478862],[77.2186145,28.647053],[77.21866,28.64558],[77.21858,28.64498],[77.2186119,28.6443818],[77.2207261,28.6447246],[77.2227054,28.6450447],[77.2235905,28.6451513],[77.2235857,28.6463503],[77.2233759,28.646655]]]},"properties":{"fill-opacity":0,"stroke-opacity":1,"stroke":"#ff0000","WNo_SEC":79,"AC_No":22,"AC_No_1":22,"AC_Name":"BALLIMARAN","Ward_No":79,"WardName":"BALLIMARAN","TotalPop":62034,"SC_Pop":3069,"NW2022":"79, BALLIMARAN"},"id":166},
{"type":"Feature","geometry":{"type":"Polygon","coordinates":[[[77.190855,28.7302623],[77.1912222,28.7316517],[77.1913008,28.7319966],[77.1917972,28.7338668],[77.1917986,28.7340408],[77.1915812,28.735472],[77.1915163,28.7358562],[77.1914085,28.7358709],[77.1901757,28.7368201],[77.1887467,28.7379437],[77.1885472,28.7380797],[77.1879825,28.7385345],[77.1877046,28.738614],[77.1867697,28.7392491],[77.186414,28.739468],[77.1864781,28.739557],[77.1860023,28.739627],[77.1840821,28.740056],[77.183536,28.7401411],[77.182572,28.7401363],[77.1824941,28.7401473],[77.1816594,28.7400137],[77.1813525,28.7399923],[77.180647,28.7423658],[77.1805544,28.7428996],[77.180844,28.7428499],[77.1814603,28.742854],[77.1819042,28.7428889],[77.1818111,28.7434729],[77.1817446,28.7437429],[77.1814557,28.7441506],[77.1812775,28.7448013],[77.1811702,28.7453116],[77.1810797,28.7455782],[77.1808577,28.7458321],[77.1800395,28.7455336],[77.1792331,28.7455111],[77.1776211,28.7456665],[77.1775666,28.7457513],[77.1779826,28.7460346],[77.178724,28.7465809],[77.1781953,28.7471455],[77.1784763,28.7473842],[77.1785221,28.7473579],[77.1791761,28.7477655],[77.1791193,28.7478602],[77.1793996,28.7479805],[77.1799815,28.7483526],[77.1808947,28.7488115],[77.1809856,28.7488793],[77.1812103,28.7489482],[77.1813072,28.749023],[77.1810958,28.7494764],[77.182188,28.7502019],[77.1823354,28.7505787],[77.1825594,28.751648],[77.18267,28.7523416],[77.1826562,28.75295],[77.1822429,28.7539668],[77.181942,28.7543442],[77.1814108,28.7550412],[77.1811231,28.7551043],[77.1797643,28.7552298],[77.1790563,28.7552068],[77.178819,28.7553472],[77.1786958,28.7555089],[77.178728,28.755748],[77.1793485,28.7573824],[77.1794214,28.7576581],[77.1789077,28.7576366],[77.177003,28.757628],[77.1766313,28.7576408],[77.1757075,28.7576394],[77.1753308,28.7576027],[77.1749034,28.7575141],[77.173958,28.7572868],[77.1721468,28.7569425],[77.1716538,28.7568139],[77.1708427,28.7564702],[77.1702119,28.7563146],[77.1700169,28.7562899],[77.1691106,28.7562457],[77.1691713,28.7557119],[77.1694308,28.7546247],[77.1694105,28.7539943],[77.1692113,28.7540041],[77.1691893,28.7536273],[77.1691721,28.7523559],[77.1698383,28.7523592],[77.1699619,28.7523313],[77.1699747,28.7521857],[77.1699463,28.7510397],[77.1699401,28.7503774],[77.1699602,28.7502249],[77.1703079,28.7502677],[77.1714364,28.7502513],[77.1714439,28.7498159],[77.1714029,28.7486996],[77.1713521,28.7484415],[77.1713206,28.7474802],[77.1710732,28.7467101],[77.1709206,28.7465034],[77.1704667,28.7459902],[77.1699981,28.7454041],[77.1695314,28.7447983],[77.1690288,28.7441903],[77.1690579,28.7441715],[77.1724674,28.7425547],[77.1720296,28.741821],[77.1709612,28.7409288],[77.1681491,28.7386545],[77.1680945,28.7386028],[77.167335,28.7375003],[77.1682561,28.7373065],[77.1702271,28.7366437],[77.171657,28.7361372],[77.1723247,28.7358943],[77.174785,28.7349614],[77.174574,28.7343486],[77.1743372,28.734132],[77.173607,28.7336923],[77.1726965,28.7331654],[77.171325,28.7323499],[77.1721309,28.731236],[77.1726984,28.7304922],[77.1738646,28.7289444],[77.1744748,28.728127],[77.1751237,28.7285252],[77.1757782,28.7288973],[77.1765627,28.729386],[77.1774598,28.7298994],[77.1786725,28.7306807],[77.1791096,28.730972],[77.1793524,28.7310778],[77.1796153,28.7313514],[77.1801116,28.7320748],[77.1805173,28.7329234],[77.1819785,28.7324565],[77.1831921,28.732165],[77.1833565,28.7321305],[77.1857749,28.7314999],[77.1863801,28.7313484],[77.1887189,28.7307831],[77.190855,28.7302623]]]},"properties":{"fill-opacity":0,"stroke-opacity":1,"stroke":"#ff0000","WNo_SEC":8,"AC_No":2,"AC_No_1":2,"AC_Name":"BURARI","Ward_No":8,"WardName":"MUKUNDPUR","TotalPop":86243,"SC_Pop":18359,"NW2022":"8, MUKUNDPUR"},"id":167},
{"type":"Feature","geometry":{"type":"Polygon","coordinates":[[[77.218046,28.6443006],[77.2186119,28.6443818],[77.21858,28.64498],[77.21866,28.64558],[77.2186145,28.647053],[77.2185782,28.6478862],[77.21844,28.64889],[77.2183509,28.6494785],[77.2180237,28.6505025],[77.2178248,28.650916],[77.217669,28.6511457],[77.2174156,28.6521205],[77.2171998,28.6531912],[77.2170212,28.6531619],[77.2167919,28.65416],[77.2164499,28.6539019],[77.2157089,28.6538647],[77.2140808,28.6538091],[77.2119023,28.6536639],[77.211076,28.6536233],[77.2090761,28.6537405],[77.2077709,28.6537912],[77.2076247,28.6538695],[77.2071993,28.6542077],[77.2067672,28.6544951],[77.2063201,28.6547554],[77.2058659,28.6550417],[77.2055565,28.6552087],[77.2053848,28.6552528],[77.204716,28.655251],[77.2041475,28.6552021],[77.204297,28.6546442],[77.2046946,28.6528487],[77.2047825,28.6524146],[77.2049522,28.6515812],[77.2050784,28.6508062],[77.2053542,28.6509446],[77.205556,28.6511705],[77.2063128,28.6521006],[77.2067028,28.652211],[77.2069262,28.6522402],[77.2073846,28.6522006],[77.2080115,28.6520581],[77.2089059,28.6517941],[77.2088469,28.6514408],[77.2088539,28.6513408],[77.2086256,28.6505248],[77.2090473,28.6503417],[77.2091563,28.6503765],[77.2092741,28.6503335],[77.209693,28.650304],[77.2100825,28.6503016],[77.2101203,28.6498528],[77.2102174,28.6490749],[77.2102827,28.6483976],[77.2100343,28.6472915],[77.2109148,28.6471382],[77.2114144,28.6470201],[77.2114614,28.647237],[77.2130833,28.6469108],[77.2130375,28.6467397],[77.2132061,28.6466663],[77.2134744,28.6463264],[77.2136622,28.6461903],[77.2149999,28.6459664],[77.2161711,28.6457874],[77.2174011,28.6456406],[77.2179368,28.6455941],[77.2179809,28.6447383],[77.218046,28.6443006]]]},"properties":{"fill-opacity":0,"stroke-opacity":1,"stroke":"#ff0000","WNo_SEC":80,"AC_No":22,"AC_No_1":22,"AC_Name":"BALLIMARAN","Ward_No":80,"WardName":"RAM NAGAR","TotalPop":69121,"SC_Pop":30402,"NW2022":"80, RAM NAGAR"},"id":168},
{"type":"Feature","geometry":{"type":"Polygon","coordinates":[[[77.0868228,28.5871633],[77.0868305,28.5871873],[77.0875216,28.5871536],[77.0875323,28.5876955],[77.0875209,28.5881515],[77.0888548,28.5881122],[77.0888847,28.5890734],[77.0889278,28.5896806],[77.0889323,28.5906756],[77.088834,28.5913264],[77.0888263,28.5915675],[77.0889225,28.5920773],[77.0892086,28.5926647],[77.088877,28.5928025],[77.0893801,28.5938426],[77.08965,28.5944381],[77.089961,28.5950877],[77.0904408,28.5949078],[77.0905552,28.5951557],[77.0911028,28.5961319],[77.0912137,28.5962512],[77.091355,28.5962322],[77.091948,28.5960481],[77.0924993,28.5958331],[77.0926632,28.5962282],[77.0931112,28.5960795],[77.0930684,28.5958295],[77.0934476,28.5956825],[77.0940367,28.5954021],[77.0944805,28.5952282],[77.0949953,28.5958555],[77.0951992,28.5961366],[77.094822,28.5963712],[77.0955524,28.59725],[77.0961552,28.5979519],[77.0966779,28.5985931],[77.0961017,28.5989368],[77.0971115,28.5994408],[77.0967195,28.5997267],[77.0965191,28.5998351],[77.0971058,28.6007392],[77.0974117,28.6012305],[77.0976986,28.6016304],[77.0973664,28.6017843],[77.0972664,28.6015283],[77.0969244,28.6016781],[77.0968741,28.6017386],[77.0958416,28.6024034],[77.0951459,28.6028297],[77.0951184,28.6028163],[77.0945504,28.6021133],[77.093967,28.6024068],[77.0935932,28.6017483],[77.0925123,28.6020474],[77.0922695,28.6017256],[77.0911833,28.6025308],[77.0904214,28.6018011],[77.0899599,28.6013791],[77.0901957,28.6012232],[77.0897233,28.6007544],[77.0887096,28.6014253],[77.0885673,28.6014721],[77.0883259,28.6014666],[77.0879508,28.6014209],[77.0876532,28.6014254],[77.0873213,28.6015211],[77.0870129,28.6016894],[77.0863946,28.6019517],[77.0859314,28.6019663],[77.0858041,28.6021243],[77.0855365,28.6025841],[77.0854469,28.6028062],[77.0851392,28.603135],[77.0847295,28.6033481],[77.0839982,28.6037784],[77.0833207,28.604123],[77.0830237,28.604289],[77.0829653,28.6042113],[77.0827552,28.6033431],[77.0825481,28.6028728],[77.08251,28.60285],[77.0822964,28.6021976],[77.0821209,28.6013241],[77.082037,28.6008472],[77.0818272,28.5998745],[77.0818577,28.599844],[77.0817509,28.5993748],[77.0816975,28.5993786],[77.081366,28.5978811],[77.0810626,28.596903],[77.0806614,28.5957755],[77.0806522,28.5950724],[77.0808063,28.5943271],[77.081068,28.5926343],[77.0809882,28.5926484],[77.0810666,28.5926299],[77.0811749,28.5923623],[77.081356,28.5914721],[77.0813617,28.5913767],[77.081556,28.5904917],[77.0825055,28.5904366],[77.0826472,28.5906067],[77.0826511,28.5913105],[77.082613,28.5917492],[77.0825678,28.5919005],[77.0835505,28.5918773],[77.0835569,28.5921482],[77.0848261,28.5921077],[77.0852176,28.5924165],[77.0855537,28.5921999],[77.0852003,28.5918725],[77.0838682,28.591051],[77.0833918,28.5907635],[77.0826957,28.5905664],[77.0826979,28.5904244],[77.083502,28.5903818],[77.0840266,28.5903388],[77.0848045,28.5902471],[77.0856037,28.5900902],[77.0863594,28.5900008],[77.0863336,28.589074],[77.0856739,28.5891545],[77.0847761,28.589289],[77.0847766,28.5882302],[77.0848101,28.5874801],[77.0867302,28.5869678],[77.0867971,28.5869919],[77.0868228,28.5871633]]]},"properties":{"fill-opacity":0,"stroke-opacity":1,"stroke":"#ff0000","WNo_SEC":119,"AC_No":33,"AC_No_1":33,"AC_Name":"DWARKA","Ward_No":119,"WardName":"MANGLAPURI","TotalPop":68160,"SC_Pop":10348,"NW2022":"119, MANGLAPURI"},"id":169},
{"type":"Feature","geometry":{"type":"MultiPolygon","coordinates":[[[[77.0292269,28.5676991],[77.0295658,28.5682621],[77.0306454,28.5695896],[77.0328083,28.5709667],[77.0339413,28.5720959],[77.0349064,28.5728931],[77.0348761,28.5728975],[77.0352192,28.5735302],[77.0358944,28.575037],[77.0369816,28.5773258],[77.0375453,28.5778398],[77.0374967,28.5780373],[77.0373799,28.5787683],[77.0373115,28.5790995],[77.0366718,28.5797144],[77.0347655,28.5804392],[77.0312899,28.5815809],[77.0297862,28.5818456],[77.0280112,28.5822656],[77.0246639,28.5829513],[77.0224112,28.5834995],[77.0200905,28.5840789],[77.0183137,28.584408],[77.0174305,28.5848449],[77.0171021,28.5856065],[77.0171949,28.5868764],[77.0175934,28.5879904],[77.0184108,28.5894916],[77.0185454,28.5911543],[77.0179422,28.5918898],[77.0171565,28.5920528],[77.0160589,28.5920388],[77.014956,28.5917526],[77.0137143,28.5913775],[77.01192868712293,28.591252706088895],[77.0107391,28.5918152],[77.0103758,28.592547],[77.0103548,28.5932435],[77.0110635,28.5944437],[77.0135556,28.5956477],[77.0144266,28.5963612],[77.0148606,28.5975352],[77.0150857,28.5987914],[77.0151882,28.5991955],[77.0152727,28.5996149],[77.0151394,28.6001068],[77.0147095,28.6006449],[77.0134151,28.6005251],[77.0127224,28.6005253],[77.0123311,28.6004976],[77.0103594,28.60056],[77.0096307,28.6005759],[77.0096283,28.6007053],[77.0085908,28.600737],[77.0085931,28.6006],[77.0081414,28.6006043],[77.0078678,28.6006537],[77.0078247,28.6009424],[77.0077569,28.6009517],[77.0051866,28.6009722],[77.0034239,28.6009965],[77.0034306,28.6011646],[77.0027323,28.6013427],[77.0020305,28.6017088],[77.0012912,28.6020404],[76.9999007,28.602595],[76.9993303,28.602835],[76.9993269,28.6030231],[76.9987271,28.6030342],[76.9985154,28.6031204],[76.9987343,28.6017351],[76.9988674,28.6009898],[76.9989356,28.6007447],[76.9990022,28.600171],[76.9979535,28.6001652],[76.9979125,28.599081],[76.9991793,28.5990946],[76.9992857,28.5985299],[76.9999513,28.5985153],[76.9999269,28.5980317],[76.9999549,28.5979544],[77.0006442,28.5979466],[77.0006171,28.5968774],[77.0001703,28.5968954],[76.9995662,28.5968971],[76.9995662,28.5967475],[76.9996136,28.5964351],[76.9996544,28.5958038],[76.9997515,28.5955929],[76.9999167,28.5946618],[77.0000957,28.5934853],[77.0002039,28.5928909],[77.0004449,28.5914273],[76.9999991,28.5914094],[76.9989585,28.5911744],[76.9984396,28.5909786],[76.9981197,28.5909659],[76.9980993,28.5890819],[76.9980886,28.5887133],[77.0004986,28.5886908],[77.0004969,28.5885071],[77.0004399,28.5871038],[77.001132,28.5870766],[77.0011268,28.5865157],[76.9998226,28.5865293],[76.998658,28.5865582],[76.9986694,28.585717],[76.9983889,28.585717],[76.9983743,28.5849465],[76.9998334,28.5849261],[76.9998895,28.5848854],[76.9998711,28.5843521],[77.0008008,28.5843325],[77.0003934,28.5838785],[77.0021814,28.5835956],[77.0031222,28.5834576],[77.0031021,28.5809166],[77.0030894,28.5799625],[77.0030578,28.5785597],[77.0030756,28.5784512],[77.0037256,28.5785781],[77.0044463,28.5786609],[77.0047736,28.5787231],[77.0051216,28.5786948],[77.005053,28.5768971],[77.00708,28.5764399],[77.0086782,28.576105],[77.0084876,28.5757697],[77.0080902,28.5749594],[77.0078702,28.5745624],[77.0074775,28.5737891],[77.0066222,28.5721261],[77.0063298,28.571529],[77.0053344,28.5695397],[77.0047054,28.5682645],[77.0043046,28.5673802],[77.0040665,28.5669537],[77.0038782,28.5665575],[77.0034675,28.5657969],[77.0041965,28.5655346],[77.0049078,28.5652588],[77.0063177,28.5652467],[77.0066345,28.5649723],[77.0069247,28.564691],[77.0069207,28.5634389],[77.006928,28.563124],[77.0069109,28.5621339],[77.0068629,28.5602584],[77.007979,28.5602425],[77.0097689,28.5602386],[77.011615,28.5602014],[77.0203777,28.5601341],[77.0204661,28.560766],[77.0229684,28.5608544],[77.024304,28.5604161],[77.0249424,28.5618229],[77.0258274,28.5632496],[77.0273533,28.565115],[77.0283833,28.5662975],[77.0292269,28.5676991]]],[[[77.02224,28.626377],[77.021378,28.6264163],[77.0210824,28.6264565],[77.0198668,28.6265606],[77.0195479,28.6266548],[77.0192004,28.6267316],[77.0178577,28.6271904],[77.0174533,28.6273098],[77.0169413,28.6273652],[77.0164185,28.6273222],[77.0158776,28.6272091],[77.015523,28.6270102],[77.0151633,28.6266468],[77.0146531,28.6260921],[77.0142644,28.625729],[77.0139353,28.6255208],[77.0136042,28.6254858],[77.0126106,28.6254092],[77.01076,28.62529],[77.0101177,28.6252922],[77.009562,28.6252211],[77.0090058,28.6250001],[77.0075765,28.62424],[77.0071307,28.6240639],[77.0066195,28.6240751],[77.0058476,28.6242477],[77.0051862,28.6244837],[77.0045338,28.6247398],[77.004242,28.6249179],[77.0033334,28.6254735],[77.0023956,28.6261379],[77.0017387,28.6268132],[77.0013968,28.6272218],[77.0012681,28.6274596],[77.0005373,28.6291564],[76.9995869,28.6286963],[76.9995156,28.6287692],[76.9988708,28.6284667],[76.9983698,28.6283556],[76.9981987,28.6282961],[76.9979141,28.6281038],[76.9977321,28.6281058],[76.9968595,28.6273174],[76.9962824,28.6268201],[76.9960343,28.6265915],[76.9961833,28.6264485],[76.9953522,28.6256268],[76.9951077,28.6254658],[76.9950908,28.6251204],[76.9942236,28.6252253],[76.9942403,28.6247602],[76.9941861,28.6246673],[76.9937749,28.6242066],[76.993551,28.6239884],[76.9933354,28.623736],[76.9932659,28.6237243],[76.9927949,28.6232552],[76.9917411,28.6220964],[76.9913311,28.6215114],[76.9914691,28.6214829],[76.9923037,28.6209962],[76.9928408,28.6206398],[76.9933477,28.6203291],[76.9933061,28.6202153],[76.9933478,28.6200673],[76.9933299,28.6191324],[76.9962847,28.6190826],[76.9964011,28.6190601],[76.998134,28.6185783],[76.9988023,28.618368],[76.9989941,28.6183224],[76.9989544,28.6172879],[76.9991505,28.6171685],[76.9996698,28.617146],[76.9996908,28.6168984],[77.0038652,28.6170523],[77.0038618,28.617237],[77.004792,28.6169867],[77.0056669,28.6167962],[77.0063168,28.6166432],[77.0067672,28.6165212],[77.0073407,28.6163869],[77.0075034,28.6162596],[77.0076933,28.6163193],[77.0089737,28.6167695],[77.0094744,28.6169531],[77.0106841,28.6173704],[77.01164,28.6176935],[77.013492,28.6183509],[77.0138618,28.6185024],[77.0151766,28.618954],[77.0165147,28.6194421],[77.0175778,28.6197973],[77.0182594,28.6200113],[77.0186413,28.6201586],[77.0201256,28.6206722],[77.0207001,28.6208081],[77.0209891,28.6208329],[77.0211216,28.6207867],[77.0219542,28.6206218],[77.0219933,28.6214118],[77.0220733,28.6224729],[77.0221595,28.6238732],[77.0222262,28.625658],[77.02224,28.626377]]]]},"properties":{"fill-opacity":0,"stroke-opacity":1,"stroke":"#ff0000","WNo_SEC":124,"AC_No":34,"AC_No_1":34,"AC_Name":"MATIALA","Ward_No":124,"WardName":"NANGLI SAKRAWATI","TotalPop":83159,"SC_Pop":10490,"NW2022":"124, NANGLI SAKRAWATI"},"id":170},
{"type":"Feature","geometry":{"type":"Polygon","coordinates":[[[77.0856313,28.720555],[77.086294,28.7212761],[77.0869698,28.7220296],[77.0876046,28.7227695],[77.088408,28.7236751],[77.09064,28.72363],[77.090647,28.7230855],[77.0918429,28.7230799],[77.0933645,28.7230625],[77.0934046,28.7226529],[77.0934949,28.7225479],[77.0945658,28.7225471],[77.0947219,28.7225381],[77.0947471,28.72239],[77.0947427,28.7216073],[77.0952073,28.7216109],[77.0952257,28.7211404],[77.0953524,28.7211293],[77.0953643,28.7208604],[77.0956678,28.7208582],[77.0956671,28.7206988],[77.0957685,28.7206097],[77.0960187,28.7206078],[77.0960201,28.7202925],[77.0970327,28.7203303],[77.0973396,28.7209348],[77.0979833,28.7220076],[77.0983346,28.7226869],[77.0984,28.7231156],[77.0983874,28.723703],[77.0984163,28.7251493],[77.0987301,28.7264193],[77.0988554,28.7268331],[77.09886081984207,28.72685342866949],[77.0987896,28.7268815],[77.0962561,28.728653],[77.0941537,28.7300883],[77.0940637,28.7301423],[77.0893647,28.7333875],[77.0876888,28.7345026],[77.0877051,28.7345209],[77.0867773,28.7352752],[77.0859783,28.7362071],[77.0854536,28.7366833],[77.0853242,28.736881],[77.0847401,28.737345],[77.0844374,28.7376965],[77.083725,28.7383658],[77.0833739,28.7388449],[77.0827009,28.7389911],[77.0824899,28.7391248],[77.0821068,28.7385351],[77.0813776,28.7388449],[77.0801188,28.7393654],[77.0795273,28.7395911],[77.0785286,28.7399983],[77.0729387,28.7423226],[77.0714572,28.7429551],[77.0700202,28.7435872],[77.069025,28.7440663],[77.067331,28.7449387],[77.0649619,28.7461933],[77.0631042,28.7471654],[77.0629314,28.7472654],[77.0629155,28.7456644],[77.0628867,28.7449418],[77.0628753,28.7443003],[77.0628825,28.7435885],[77.0609961,28.7436155],[77.0607241,28.7436127],[77.0594043,28.7436336],[77.0584858,28.7436572],[77.0559656,28.7436928],[77.0544327,28.7437063],[77.0519859,28.743743],[77.0507166,28.7437563],[77.0504835,28.7437733],[77.0504107,28.7435644],[77.0502133,28.7432286],[77.0498348,28.7406567],[77.0496508,28.7394322],[77.0524679,28.7393983],[77.052474,28.7389697],[77.0524239,28.7367113],[77.05319661571222,28.736703800442182],[77.0544877,28.7367019],[77.0545856,28.7366886],[77.060373,28.7366157],[77.0624067,28.7365593],[77.0632787,28.7365446],[77.0632625,28.7361661],[77.0625823,28.7361704],[77.0625692,28.7357382],[77.0621805,28.7357401],[77.062202,28.734714],[77.0610388,28.734744],[77.0610141,28.7341937],[77.060103,28.7342158],[77.060096,28.7336265],[77.0600723,28.7332435],[77.0598975,28.7331789],[77.0596615,28.7331743],[77.0596601,28.7328684],[77.059732,28.7326451],[77.0595076,28.7322916],[77.0594387,28.7320785],[77.0593573,28.7316934],[77.0593361,28.7314499],[77.0592202,28.731073],[77.0591565,28.7310272],[77.0591381,28.7304353],[77.058294,28.7304543],[77.0582659,28.7287845],[77.0582433,28.7282241],[77.0582441,28.7275211],[77.0570487,28.7275555],[77.0570159,28.725315],[77.0581837,28.7249437],[77.0590483,28.7246309],[77.0590108,28.7245894],[77.060682,28.7238733],[77.0627814,28.7229585],[77.0632695,28.722696],[77.0648735,28.7217223],[77.0656657,28.7212539],[77.0663794,28.7208517],[77.068426,28.719531],[77.0715071,28.7230034],[77.0737077,28.7255294],[77.0740695,28.7259318],[77.0764904,28.7297356],[77.0766922,28.7296032],[77.080754,28.7267543],[77.0806522,28.7265979],[77.0823546,28.7254412],[77.082057,28.7251057],[77.0829486,28.7244745],[77.0851154,28.7230146],[77.085418,28.7227847],[77.0861621,28.7222695],[77.0859903,28.7221069],[77.0859184,28.7218326],[77.0856608,28.7216064],[77.0856355,28.7213121],[77.0856313,28.720555]]]},"properties":{"fill-opacity":0,"stroke-opacity":1,"stroke":"#ff0000","WNo_SEC":27,"AC_No":7,"AC_No_1":7,"AC_Name":"BAWANA","Ward_No":27,"WardName":"BEGUMPUR","TotalPop":78987,"SC_Pop":12816,"NW2022":"27, BEGUMPUR"},"id":171},
{"type":"Feature","geometry":{"type":"Polygon","coordinates":[[[77.2334463,28.7180247],[77.2349112,28.7219479],[77.2349595,28.722901],[77.2348414,28.7239561],[77.2351856,28.7255981],[77.2351953,28.7260564],[77.2350887,28.7263307],[77.2350966,28.7267022],[77.2350279,28.7274343],[77.2349083,28.7277584],[77.2348205,28.7282554],[77.2348679,28.7285024],[77.2343948,28.7300465],[77.2343722,28.7303071],[77.2341216,28.7310793],[77.2338784,28.7315417],[77.2338525,28.7317277],[77.2335881,28.7320555],[77.2332926,28.732257],[77.2331219,28.7324717],[77.2329552,28.7325895],[77.2326662,28.7329231],[77.2324358,28.7330499],[77.2322717,28.7332116],[77.2322761,28.7332817],[77.2318007,28.7338957],[77.2314817,28.7342182],[77.2312658,28.7344661],[77.2311565,28.7346398],[77.2307031,28.7351969],[77.2305117,28.7354881],[77.2303781,28.7358461],[77.2302266,28.7361683],[77.2300473,28.7366137],[77.2298495,28.7371715],[77.2297959,28.7374387],[77.2293575,28.7388109],[77.2290718,28.7389879],[77.2285779,28.7390226],[77.2279009,28.7391702],[77.2275153,28.7392946],[77.2273831,28.7395408],[77.227239,28.7400044],[77.2271764,28.7406191],[77.2272737,28.7410189],[77.2273368,28.741173],[77.2274182,28.741647],[77.2275419,28.7419917],[77.2275909,28.7420007],[77.2288027,28.746049],[77.2295554,28.750843],[77.2296013,28.7516499],[77.2296904,28.7520748],[77.229783,28.7523855],[77.2298563,28.7528601],[77.2298859,28.7532058],[77.2298906,28.7536631],[77.2298594,28.7539533],[77.2298969,28.7547174],[77.2298455,28.7549165],[77.2298998,28.7550201],[77.2298637,28.7552049],[77.22976,28.755418],[77.2297425,28.7555541],[77.2297851,28.7560508],[77.2297504,28.7566037],[77.2296658,28.757217],[77.2296909,28.7574917],[77.2296589,28.7580405],[77.2295681,28.7581715],[77.2295596,28.7584949],[77.2294407,28.7587841],[77.2294529,28.7589872],[77.2294068,28.7592383],[77.229384,28.7596207],[77.2294527,28.7600518],[77.2296894,28.7609455],[77.2298884,28.7612993],[77.2300011,28.761555],[77.2301404,28.761733],[77.2301655,28.7619878],[77.2307205,28.7629346],[77.2308862,28.7633714],[77.2311731,28.7637443],[77.2312957,28.7639641],[77.2314798,28.7642175],[77.2317304,28.7646229],[77.2320211,28.7649346],[77.2312422,28.7658753],[77.2312024,28.7659339],[77.231184,28.7661829],[77.2310386,28.7671624],[77.2310024,28.767201],[77.2296131,28.7679187],[77.2293894,28.7681178],[77.228297,28.7692949],[77.2278295,28.7694469],[77.2276408,28.7694423],[77.2272037,28.7695126],[77.2267767,28.7697128],[77.2264399,28.769824],[77.2261846,28.7698204],[77.2261544,28.7700103],[77.2261131,28.7712214],[77.2254001,28.7715196],[77.2252993,28.7715764],[77.2224908,28.7714771],[77.2194248,28.7684145],[77.2217778,28.7651643],[77.2248439,28.7584136],[77.2254143,28.754788],[77.2254077,28.7545751],[77.2226691,28.7548661],[77.2196981,28.7556996],[77.2168459,28.7560121],[77.2131619,28.7556996],[77.2067508,28.754997],[77.2067017,28.7546906],[77.2065774,28.7536968],[77.2065401,28.7533166],[77.206524,28.7527319],[77.2065516,28.7523351],[77.2065592,28.7517405],[77.2065517,28.7512756],[77.2065723,28.7508413],[77.2065663,28.75056],[77.2065128,28.7497422],[77.2063475,28.7483533],[77.206252,28.7477474],[77.2062356,28.7475556],[77.2062849,28.7458552],[77.2062958,28.7452685],[77.2048001,28.7453131],[77.2045189,28.745293],[77.2030087,28.7451189],[77.2025347,28.7450525],[77.2019963,28.7449976],[77.2018763,28.7456499],[77.2011031,28.7456491],[77.2002278,28.7456732],[77.2001924,28.7445143],[77.1984223,28.7445292],[77.1980452,28.7445224],[77.1968117,28.7445363],[77.1963779,28.7445089],[77.1953469,28.7445195],[77.1945201,28.7445362],[77.1944942,28.7445185],[77.1933176,28.7445419],[77.1932867,28.7444017],[77.1932806,28.7440061],[77.1918947,28.7440286],[77.1919073,28.743317],[77.1918879,28.7431798],[77.1915132,28.7431685],[77.1910018,28.7431776],[77.191621,28.742082],[77.1918882,28.7416369],[77.1919575,28.7416396],[77.1921284,28.7413375],[77.1927014,28.7404974],[77.1933265,28.7396923],[77.1940314,28.7388143],[77.1941047,28.7386961],[77.1939705,28.7383224],[77.1934284,28.7380814],[77.1931226,28.737962],[77.1923786,28.7376332],[77.1922644,28.737549],[77.1921094,28.737526],[77.1916891,28.7373532],[77.1915341,28.7372391],[77.1913985,28.737039],[77.1913634,28.7369108],[77.1915163,28.7358562],[77.1915812,28.735472],[77.1917986,28.7340408],[77.1917972,28.7338668],[77.1913008,28.7319966],[77.1912222,28.7316517],[77.190855,28.7302623],[77.1937021,28.7295761],[77.1958086,28.7290545],[77.1974,28.72867],[77.19803,28.72854],[77.19991,28.72813],[77.20135,28.72773],[77.2036,28.72688],[77.20382,28.72679],[77.20535,28.72622],[77.21336,28.72327],[77.21362,28.72318],[77.2162324,28.7221792],[77.2165549,28.7229116],[77.2169302,28.7237122],[77.216441,28.7238671],[77.2157755,28.7241291],[77.2153129,28.7242943],[77.2149192,28.7244076],[77.2147453,28.7245925],[77.2138461,28.7257534],[77.213435,28.7262646],[77.2129307,28.7270243],[77.2131556,28.7270553],[77.2137436,28.7270883],[77.2148277,28.7270876],[77.2157749,28.7270532],[77.2167377,28.7269459],[77.2168179,28.7272091],[77.2170391,28.7277393],[77.2170887,28.7279186],[77.2171688,28.7279797],[77.2173634,28.7284298],[77.2178478,28.7283726],[77.2178898,28.7286663],[77.2180271,28.7286625],[77.2180958,28.7290058],[77.2181721,28.7289944],[77.2182064,28.7292004],[77.2183857,28.7291775],[77.2184124,28.7293797],[77.2177486,28.7294865],[77.2179089,28.7305775],[77.2180958,28.7313213],[77.218184,28.7318153],[77.2183635,28.7319222],[77.2184025,28.7323719],[77.2184734,28.732687],[77.2187138,28.7330151],[77.2188702,28.7331715],[77.2189732,28.7333469],[77.2189693,28.7335567],[77.2190609,28.7337437],[77.2191257,28.7337513],[77.2196331,28.7331333],[77.2199917,28.7329464],[77.2211475,28.7323856],[77.2230549,28.7314205],[77.2232418,28.7312679],[77.2232761,28.7310467],[77.223917,28.7308788],[77.2245846,28.7305813],[77.2251301,28.7303104],[77.225523,28.7301846],[77.2256895,28.730094],[77.2263088,28.7284374],[77.2269984,28.7263799],[77.228174,28.7227794],[77.228339,28.7221611],[77.2287111,28.721088],[77.2290818,28.720097],[77.229855,28.7200376],[77.2304723,28.7200827],[77.2313977,28.7200874],[77.2316388,28.7200179],[77.2319992,28.7196212],[77.2328761,28.7190055],[77.23311,28.71881],[77.23327,28.71858],[77.2334463,28.7180247]]]},"properties":{"fill-opacity":0,"stroke-opacity":1,"stroke":"#ff0000","WNo_SEC":10,"AC_No":2,"AC_No_1":2,"AC_Name":"BURARI","Ward_No":10,"WardName":"JHARODA","TotalPop":83406,"SC_Pop":8954,"NW2022":"10, JHARODA"},"id":172},
{"type":"Feature","geometry":{"type":"MultiPolygon","coordinates":[[[[77.2623522,28.600738],[77.2638913,28.6014259],[77.2662877,28.6025322],[77.2679889,28.6033578],[77.2694201,28.6040284],[77.2697804,28.6041493],[77.270285,28.6043709],[77.2717709,28.6050017],[77.2721506,28.6051715],[77.2733472,28.6057296],[77.2741063,28.606069],[77.2756885,28.6068018],[77.2765284,28.6072409],[77.2774252,28.6077899],[77.278297,28.6084406],[77.2791279,28.6092221],[77.2797035,28.6098199],[77.2799165,28.610067],[77.280571,28.6107743],[77.2812391,28.6115365],[77.2822298,28.612699],[77.2828706,28.6133916],[77.283143,28.6136518],[77.2836142,28.6129743],[77.2841395,28.6132687],[77.2845258,28.6127635],[77.2847428,28.6128671],[77.2853696,28.6131015],[77.2856278,28.6131518],[77.2856892,28.6129125],[77.2857985,28.6127168],[77.2864519,28.6130608],[77.2860814,28.613637],[77.2863986,28.6138184],[77.2861588,28.614184],[77.2861687,28.6142165],[77.2855534,28.6151805],[77.2852072,28.6150021],[77.2849513,28.6154067],[77.284895,28.6154504],[77.2856658,28.6160202],[77.2866879,28.6167314],[77.2875627,28.6171681],[77.287245,28.6175729],[77.2868243,28.6181634],[77.2860742,28.6193524],[77.2854407,28.6203756],[77.2850167,28.6211533],[77.2843405,28.6222259],[77.2840525,28.6226312],[77.2837532,28.6229399],[77.2827638,28.6239305],[77.2821389,28.6244667],[77.2819915,28.6244195],[77.2809375,28.6235987],[77.2788346,28.6219833],[77.2792156,28.6215424],[77.2796082,28.6216469],[77.279871,28.6212151],[77.279799,28.6208929],[77.2799198,28.6208875],[77.2806799,28.6197041],[77.2807501,28.6196393],[77.2795632,28.619049],[77.2790115,28.6199826],[77.2785945,28.6206017],[77.2783614,28.6207061],[77.2779483,28.6213025],[77.2778951,28.6212616],[77.2766181,28.620262],[77.2759313,28.6197312],[77.2751139,28.6191468],[77.2745985,28.6188121],[77.2739648,28.6184346],[77.2733566,28.6181026],[77.2727919,28.6178184],[77.2723061,28.6175917],[77.2714524,28.6172365],[77.2702433,28.6168105],[77.2689906,28.6164687],[77.2599163,28.6145984],[77.2559468,28.6137898],[77.2563041,28.6123717],[77.2568303,28.6099308],[77.2577583,28.6071829],[77.2588499,28.6049278],[77.2599363,28.6032282],[77.2614834,28.601596],[77.2623522,28.600738]]],[[[77.2952709,28.6269648],[77.2945145,28.6273969],[77.2945396,28.6278194],[77.2940994,28.6293487],[77.2936989,28.6295942],[77.2902817,28.6281929],[77.2900188,28.6283853],[77.2896143,28.6286159],[77.2899269,28.629058],[77.2896962,28.6291554],[77.2895238,28.629154],[77.2894964,28.6293681],[77.2896502,28.62948],[77.2891766,28.6300192],[77.288778,28.6297118],[77.2871818,28.6284506],[77.2869485,28.6282801],[77.2861604,28.6276667],[77.2861491,28.62768],[77.2861078,28.6276472],[77.2861029,28.6273132],[77.2860697,28.6269272],[77.2859557,28.6260438],[77.2859038,28.6254302],[77.2857759,28.6246949],[77.285618,28.6239356],[77.2868303,28.6243528],[77.2876485,28.6231549],[77.2881392,28.623328],[77.2889129,28.6230385],[77.2893763,28.6229335],[77.2897146,28.623215],[77.2901616,28.623527],[77.2902465,28.6236109],[77.290752,28.6239163],[77.2910594,28.6240798],[77.2919653,28.6243317],[77.2919083,28.6244479],[77.2921091,28.6245074],[77.2927084,28.6246095],[77.2929576,28.6245801],[77.2934908,28.6246854],[77.2939359,28.6247516],[77.2939271,28.6245742],[77.2945938,28.6245376],[77.294861,28.6257471],[77.2949871,28.6260198],[77.2951276,28.6264465],[77.2952709,28.6269648]]]]},"properties":{"fill-opacity":0,"stroke-opacity":1,"stroke":"#ff0000","WNo_SEC":200,"AC_No":58,"AC_No_1":58,"AC_Name":"LAXMI NAGAR","Ward_No":200,"WardName":"PANDAV NAGAR","TotalPop":71022,"SC_Pop":6682,"NW2022":"200, PANDAV NAGAR"},"id":173},
{"type":"Feature","geometry":{"type":"Polygon","coordinates":[[[77.2559468,28.6137898],[77.2599163,28.6145984],[77.2689906,28.6164687],[77.2702433,28.6168105],[77.2714524,28.6172365],[77.2723061,28.6175917],[77.2727919,28.6178184],[77.2733566,28.6181026],[77.2739648,28.6184346],[77.2745985,28.6188121],[77.2751139,28.6191468],[77.2759313,28.6197312],[77.2766181,28.620262],[77.2778951,28.6212616],[77.2769178,28.6226756],[77.2764727,28.6233688],[77.2762121,28.6237305],[77.274742,28.6259612],[77.2747617,28.6261118],[77.2741742,28.6270254],[77.2740452,28.6273354],[77.2735568,28.6281615],[77.2736289,28.6282833],[77.2741071,28.6284151],[77.2744161,28.6285546],[77.2748168,28.6288193],[77.2750077,28.6288725],[77.2759551,28.6295084],[77.2771885,28.6302867],[77.2771745,28.6303006],[77.2788507,28.6314045],[77.2802014,28.632312],[77.2791187,28.6336218],[77.2785924,28.6333413],[77.2779497,28.6330761],[77.2779538,28.6333396],[77.2776396,28.6333478],[77.2774334,28.6341209],[77.276963,28.6341396],[77.2761734,28.634192],[77.2748591,28.6342115],[77.2742734,28.634229],[77.2742509,28.6348368],[77.273995,28.6348398],[77.2740304,28.635608],[77.2751407,28.6355851],[77.275168,28.6364649],[77.2751965,28.6367227],[77.2751928,28.6371729],[77.2742945,28.6372153],[77.2743202,28.6388479],[77.2756084,28.6388138],[77.2756291,28.6390001],[77.2756614,28.6397852],[77.2741687,28.6398013],[77.2729153,28.6398288],[77.2729082,28.6401411],[77.2728752,28.6403944],[77.2726662,28.6413651],[77.2724869,28.6420712],[77.2723615,28.6426412],[77.2723523,28.6427857],[77.2718652,28.6427246],[77.2714523,28.6427125],[77.2711592,28.6428091],[77.2710423,28.6429031],[77.2708088,28.6432274],[77.2706144,28.6435489],[77.269794,28.6434844],[77.2689866,28.6433811],[77.2689495,28.6433763],[77.26421,28.6430364],[77.26406,28.64271],[77.26301,28.64015],[77.26193,28.63828],[77.2609,28.63672],[77.25846,28.63383],[77.25631,28.63106],[77.25521,28.62828],[77.255213,28.6281836],[77.25442,28.62659],[77.25352,28.62481],[77.2531756,28.6235703],[77.2533437,28.6219243],[77.2537974,28.6208658],[77.2544524,28.6204645],[77.2548038,28.6201885],[77.2550776,28.6194633],[77.2552323,28.6179444],[77.2552533,28.6176832],[77.2555163,28.6154273],[77.2558179,28.6143015],[77.2559468,28.6137898]]]},"properties":{"fill-opacity":0,"stroke-opacity":1,"stroke":"#ff0000","WNo_SEC":201,"AC_No":58,"AC_No_1":58,"AC_Name":"LAXMI NAGAR","Ward_No":201,"WardName":"LALITA PARK","TotalPop":55805,"SC_Pop":3044,"NW2022":"201, LALITA PARK"},"id":174},
{"type":"Feature","geometry":{"type":"Polygon","coordinates":[[[77.285618,28.6239356],[77.2857759,28.6246949],[77.2859038,28.6254302],[77.2859557,28.6260438],[77.2860697,28.6269272],[77.2861029,28.6273132],[77.2861078,28.6276472],[77.2861491,28.62768],[77.2861014,28.6277363],[77.2860486,28.6288288],[77.2860572,28.629224],[77.286104,28.6296186],[77.2861609,28.6307313],[77.2861601,28.6317052],[77.2860326,28.6333851],[77.2859489,28.6343122],[77.2858915,28.6351954],[77.2858336,28.635799],[77.2857631,28.6359733],[77.2855394,28.6358425],[77.2840592,28.6348647],[77.2826674,28.6339336],[77.2820469,28.6335439],[77.2809044,28.6327628],[77.2802014,28.632312],[77.2788507,28.6314045],[77.2771745,28.6303006],[77.2771885,28.6302867],[77.2759551,28.6295084],[77.2750077,28.6288725],[77.2748168,28.6288193],[77.2744161,28.6285546],[77.2741071,28.6284151],[77.2736289,28.6282833],[77.2735568,28.6281615],[77.2740452,28.6273354],[77.2741742,28.6270254],[77.2747617,28.6261118],[77.274742,28.6259612],[77.2762121,28.6237305],[77.2764727,28.6233688],[77.2769178,28.6226756],[77.2778951,28.6212616],[77.2779483,28.6213025],[77.2783614,28.6207061],[77.2785945,28.6206017],[77.2790115,28.6199826],[77.2795632,28.619049],[77.2807501,28.6196393],[77.2806799,28.6197041],[77.2799198,28.6208875],[77.279799,28.6208929],[77.279871,28.6212151],[77.2796082,28.6216469],[77.2792156,28.6215424],[77.2788346,28.6219833],[77.2809375,28.6235987],[77.2819915,28.6244195],[77.2821389,28.6244667],[77.2827638,28.6239305],[77.2837532,28.6229399],[77.2840525,28.6226312],[77.2843405,28.6222259],[77.2850167,28.6211533],[77.2850606,28.6218298],[77.285089,28.6220035],[77.2853218,28.6229636],[77.2853885,28.6229821],[77.285618,28.6239356]]]},"properties":{"fill-opacity":0,"stroke-opacity":1,"stroke":"#ff0000","WNo_SEC":202,"AC_No":58,"AC_No_1":58,"AC_Name":"LAXMI NAGAR","Ward_No":202,"WardName":"SHAKARPUR","TotalPop":66256,"SC_Pop":6640,"NW2022":"202, SHAKARPUR"},"id":175},
{"type":"Feature","geometry":{"type":"Polygon","coordinates":[[[77.277486,28.6431227],[77.2768755,28.6431036],[77.2741051,28.6429425],[77.2734961,28.6428727],[77.2723523,28.6427857],[77.2723615,28.6426412],[77.2724869,28.6420712],[77.2726662,28.6413651],[77.2728752,28.6403944],[77.2729082,28.6401411],[77.2729153,28.6398288],[77.2741687,28.6398013],[77.2756614,28.6397852],[77.2756291,28.6390001],[77.2756084,28.6388138],[77.2743202,28.6388479],[77.2742945,28.6372153],[77.2751928,28.6371729],[77.2751965,28.6367227],[77.275168,28.6364649],[77.2751407,28.6355851],[77.2740304,28.635608],[77.273995,28.6348398],[77.2742509,28.6348368],[77.2742734,28.634229],[77.2748591,28.6342115],[77.2761734,28.634192],[77.276963,28.6341396],[77.2774334,28.6341209],[77.2776396,28.6333478],[77.2779538,28.6333396],[77.2779497,28.6330761],[77.2785924,28.6333413],[77.2791187,28.6336218],[77.2802014,28.632312],[77.2809044,28.6327628],[77.2820469,28.6335439],[77.2826674,28.6339336],[77.2840592,28.6348647],[77.2855394,28.6358425],[77.2857631,28.6359733],[77.2854302,28.6366013],[77.2847556,28.6377505],[77.284214,28.6386471],[77.2838381,28.6392894],[77.2836105,28.6396307],[77.283231,28.6402735],[77.2828507,28.6408826],[77.2821659,28.6420657],[77.2819334,28.642436],[77.2814725,28.6432422],[77.2814343,28.6433502],[77.2810582,28.6432874],[77.2779167,28.6431362],[77.277486,28.6431227]]]},"properties":{"fill-opacity":0,"stroke-opacity":1,"stroke":"#ff0000","WNo_SEC":203,"AC_No":58,"AC_No_1":58,"AC_Name":"LAXMI NAGAR","Ward_No":203,"WardName":"LAXMI NAGAR","TotalPop":47859,"SC_Pop":2258,"NW2022":"203, LAXMI NAGAR"},"id":176},
{"type":"Feature","geometry":{"type":"Polygon","coordinates":[[[77.10738893128895,28.614824237907822],[77.1067391,28.6156186],[77.1064475,28.6160552],[77.105049,28.6183032],[77.1044071,28.6193576],[77.1042201,28.6196792],[77.1034054,28.6210158],[77.10289,28.6219014],[77.10266,28.6222614],[77.10242,28.6227214],[77.10229,28.6230914],[77.10218,28.6232814],[77.10171,28.6244014],[77.10153,28.6248014],[77.10114,28.62573],[77.1008565,28.6263553],[77.10037,28.62751],[77.1001375,28.6274694],[77.0997169,28.6274551],[77.099278,28.6274693],[77.0992671,28.6284065],[77.0999645,28.6284107],[77.09972,28.62902],[77.09926,28.63005],[77.0988911,28.6309394],[77.0984765,28.6309273],[77.0977413,28.6309369],[77.0975569,28.6313861],[77.0965258,28.6310165],[77.0964981,28.6299144],[77.0965073,28.6295453],[77.0963606,28.6295407],[77.0963618,28.6293541],[77.0960771,28.6293693],[77.0947805,28.6293787],[77.09454,28.62939],[77.09454,28.6291714],[77.09442,28.6291614],[77.09444,28.6284514],[77.09442,28.6275114],[77.0943394,28.6274745],[77.094352,28.6266174],[77.09437,28.6265114],[77.0943699,28.6249985],[77.0943502,28.6244279],[77.09444833029998,28.624419405999497],[77.0944278,28.6239414],[77.0940316,28.6239122],[77.0942296,28.6234088],[77.0945809,28.6226809],[77.094618,28.6225599],[77.094089,28.622378],[77.0934525,28.6221856],[77.0923055,28.6218923],[77.0918856,28.6217989],[77.090887,28.6216148],[77.0905079,28.6215991],[77.0891057,28.6217019],[77.087803,28.6218418],[77.08780362783673,28.62187661027845],[77.08763,28.6219014],[77.0866,28.6219714],[77.08603,28.6219914],[77.08571,28.6219814],[77.0854529,28.6219468],[77.0855038,28.6212613],[77.0855149,28.6204442],[77.08553,28.6200643],[77.0856523,28.6180291],[77.0856700885246,28.617546498360657],[77.0856609,28.61734],[77.0855666,28.6173089],[77.0846396,28.6172735],[77.0846695,28.6166971],[77.0836328,28.6166498],[77.08329773333334,28.6166509],[77.0833108,28.6168903],[77.08291,28.616881],[77.08291,28.6172614],[77.0828006,28.6197088],[77.0821239,28.6195414],[77.081933,28.6195159],[77.0818274,28.6191389],[77.0816382,28.6187662],[77.0813668,28.6183148],[77.081049,28.6178291],[77.0806024,28.6171004],[77.08023016806524,28.61645039663539],[77.0817318,28.6157718],[77.0826629,28.6153634],[77.0824574,28.6150264],[77.082404,28.6148795],[77.0820335,28.6142676],[77.082018,28.6141887],[77.0813556,28.6139412],[77.0804048,28.613608],[77.0804006,28.6134208],[77.0801632,28.6134179],[77.0788142,28.6134532],[77.0783532,28.6134455],[77.0783221,28.6122834],[77.0781649,28.6114539],[77.07820584293732,28.61143990210477],[77.0781747,28.6110702],[77.0797954,28.6110002],[77.0797571,28.6104284],[77.0797175,28.6100562],[77.0800533,28.6099858],[77.0800149,28.6095965],[77.0799796,28.609524],[77.08079799310174,28.609413304214648],[77.0817361,28.6101912],[77.0820531,28.6104179],[77.0822837,28.6105194],[77.0828132,28.6106211],[77.0831387,28.6106615],[77.0832289,28.6107084],[77.0833681,28.6108964],[77.0836449,28.6109722],[77.0839228,28.6111278],[77.0842838,28.6113873],[77.0845852,28.611639],[77.0848751,28.6118145],[77.0851421,28.6119328],[77.0854282,28.6120129],[77.0857677,28.6121387],[77.0859013,28.6122646],[77.0865536,28.6132145],[77.0867502,28.6135875],[77.0881337,28.612998],[77.0893822,28.6124034],[77.0925491,28.6110207],[77.0937619,28.6104811],[77.0948069,28.610038],[77.0967345,28.609193],[77.0971533,28.6090324],[77.0976329,28.608975],[77.0983397,28.6090146],[77.0989275,28.6090985],[77.0989034,28.609475],[77.0988927,28.6102095],[77.0988877,28.6113056],[77.0997616,28.6117037],[77.1000479,28.6112583],[77.1004099,28.6106372],[77.1013193,28.6110988],[77.1015219,28.6111834],[77.1026806,28.6117647],[77.1033906,28.6120951],[77.1044405,28.6126387],[77.1049197,28.6130305],[77.1063606,28.6140727],[77.10738893128895,28.614824237907822]]]},"properties":{"fill-opacity":0,"stroke-opacity":1,"stroke":"#ff0000","WNo_SEC":104,"AC_No":30,"AC_No_1":30,"AC_Name":"JANAKPURI","Ward_No":104,"WardName":"JANAK PURI SOUTH","TotalPop":80061,"SC_Pop":5578,"NW2022":"104, JANAK PURI SOUTH"},"id":177},
{"type":"Feature","geometry":{"type":"Polygon","coordinates":[[[77.0687973,28.6154087],[77.0702797,28.6153755],[77.0715164,28.6153308],[77.0715157,28.6152841],[77.0724355,28.6152713],[77.0744928,28.6152283],[77.0744923,28.615322],[77.0755532,28.6153031],[77.0755262,28.6142284],[77.0752328,28.6142329],[77.0750761,28.6142711],[77.0750689,28.6140185],[77.076182,28.6139724],[77.0761488,28.6132418],[77.0765189,28.613231],[77.0765133,28.6123753],[77.0764751,28.6112576],[77.076437,28.6111851],[77.0764202,28.6107766],[77.0753392,28.6108054],[77.0749188,28.6108069],[77.0748959,28.6106062],[77.0741598,28.610643],[77.073401,28.6106378],[77.0728368,28.6106527],[77.0728241,28.6094241],[77.0728039,28.6084094],[77.0733143,28.6084066],[77.0737299,28.6084302],[77.0737268,28.6078668],[77.0736832,28.6078318],[77.0724019,28.6076318],[77.0723068,28.6074887],[77.072053,28.6075149],[77.0716471,28.607478],[77.0711754,28.607396],[77.0707449,28.6074059],[77.0707455,28.6075627],[77.0704112,28.6074323],[77.0703429,28.6075821],[77.0695601,28.6073581],[77.068635,28.6071165],[77.0686508,28.6067337],[77.0683596,28.6067052],[77.0683566,28.6071218],[77.0683713,28.6080275],[77.0679555,28.6079157],[77.0679771,28.6075309],[77.0679819,28.6066635],[77.067728,28.6066303],[77.0672092,28.6063862],[77.0671558,28.606554],[77.0667171,28.6064167],[77.0657978,28.606184],[77.0655956,28.6062832],[77.0653553,28.606451],[77.0649987,28.6067928],[77.0647898,28.6068053],[77.0647555,28.6070278],[77.0646271,28.6070719],[77.0646163,28.6075843],[77.0639475,28.6076161],[77.063956,28.6077771],[77.0638823,28.6079385],[77.0635902,28.6079055],[77.0636267,28.6077809],[77.0635965,28.6065482],[77.0635986,28.6056044],[77.063569,28.6048618],[77.0642302,28.6048666],[77.065502,28.6048529],[77.0655301,28.6048067],[77.065493,28.6028123],[77.0655083,28.6025615],[77.0662386,28.6025466],[77.0662198,28.6014428],[77.0658505,28.6012046],[77.0662699,28.6006666],[77.0666608,28.6008812],[77.0675929,28.6014491],[77.0687115,28.6024389],[77.0691022,28.6026524],[77.0701239,28.6030969],[77.0714324,28.6036357],[77.0716144,28.603752],[77.0718086,28.6039824],[77.0725381,28.6051825],[77.0726597,28.6053108],[77.0729104,28.6054705],[77.0738667,28.6058164],[77.0746714,28.6060858],[77.0760715,28.6065716],[77.0764843,28.6067205],[77.0768869,28.6069041],[77.0781445,28.6075008],[77.07896,28.6079037],[77.0791809,28.6080662],[77.0803099,28.6089979],[77.08079799310174,28.609413304214648],[77.0799796,28.609524],[77.0800149,28.6095965],[77.0800533,28.6099858],[77.0797175,28.6100562],[77.0797571,28.6104284],[77.0797954,28.6110002],[77.0781747,28.6110702],[77.07820584293732,28.61143990210477],[77.0781649,28.6114539],[77.0783221,28.6122834],[77.0783532,28.6134455],[77.0788142,28.6134532],[77.0801632,28.6134179],[77.0804006,28.6134208],[77.0804048,28.613608],[77.0813556,28.6139412],[77.082018,28.6141887],[77.0820335,28.6142676],[77.082404,28.6148795],[77.0824574,28.6150264],[77.0826629,28.6153634],[77.0817318,28.6157718],[77.08023016806524,28.61645039663539],[77.0789509,28.617033],[77.0775801,28.6177126],[77.0755117,28.6186855],[77.0749637,28.6190131],[77.07314,28.61988],[77.07265,28.62012],[77.072,28.62042],[77.07135,28.62074],[77.07057,28.6211],[77.0702874,28.6212695],[77.0701657,28.621147],[77.0699912,28.6208828],[77.0699905,28.6197339],[77.0699797,28.6195307],[77.0699541,28.6178973],[77.0699895,28.6176661],[77.0697765,28.6176739],[77.0697842,28.6179142],[77.0695896,28.6179638],[77.0688187,28.6179829],[77.0688035,28.6166394],[77.0687973,28.6154087]]]},"properties":{"fill-opacity":0,"stroke-opacity":1,"stroke":"#ff0000","WNo_SEC":105,"AC_No":30,"AC_No_1":30,"AC_Name":"JANAKPURI","Ward_No":105,"WardName":"MAHAVEER ENCLAVE","TotalPop":70924,"SC_Pop":5917,"NW2022":"105, MAHAVEER ENCLAVE"},"id":178},
{"type":"Feature","geometry":{"type":"Polygon","coordinates":[[[77.0889574,28.6546517],[77.0879758,28.6548296],[77.0849381,28.6557451],[77.0841874,28.6559642],[77.08313,28.6562135],[77.0829054,28.6562368],[77.0822564,28.6562659],[77.0812139,28.6562668],[77.0808919,28.6562487],[77.080685,28.656185],[77.0804349,28.6561316],[77.0794201,28.6556688],[77.0777104,28.6548332],[77.077397,28.6546714],[77.0769056,28.6543299],[77.07611848808195,28.65376148962807],[77.0757222,28.6534169],[77.07434706507918,28.652067942051456],[77.0741726,28.6518637],[77.0731474,28.6508157],[77.0728128,28.6504958],[77.0733951,28.6500388],[77.0737472,28.6498073],[77.0741029,28.6496462],[77.0748876,28.649256],[77.0769756,28.6481964],[77.0776307,28.6478711],[77.0783853,28.6474731],[77.0784988,28.647375],[77.0787994,28.6472171],[77.0790569,28.6471294],[77.079463,28.6470852],[77.079465,28.6471285],[77.08063,28.6471303],[77.08212,28.6470877],[77.0823072,28.6470731],[77.0828751,28.6469029],[77.084157,28.646265],[77.0844316,28.6461459],[77.0843899,28.6460705],[77.0841386,28.6452675],[77.0834645,28.6434388],[77.0832877,28.6430003],[77.0827232,28.641512],[77.0830213,28.6413305],[77.0837528,28.6408284],[77.0838663,28.6408094],[77.0853329,28.6397984],[77.0867349,28.6389618],[77.0883659,28.6409743],[77.0886195,28.6412795],[77.0896464,28.6406384],[77.089319,28.6402504],[77.0898579,28.6399272],[77.0902966,28.6404356],[77.0903837,28.6404927],[77.0905617,28.6405047],[77.0905662,28.6406164],[77.090974,28.6409865],[77.091882,28.642097],[77.0920041,28.6421834],[77.0922225,28.6422086],[77.0926475,28.6419228],[77.0927203,28.6419849],[77.09358,28.6430242],[77.0939427,28.6427643],[77.0943269,28.6424652],[77.0946624,28.6422466],[77.094846,28.6424224],[77.0926475,28.6438052],[77.0926016,28.6437994],[77.0923749,28.6435168],[77.0920965,28.6436761],[77.0917838,28.6438078],[77.0912638,28.6439304],[77.0907545,28.6439687],[77.090144,28.6440487],[77.0899106,28.6440476],[77.0898009,28.6441026],[77.0898064,28.6442504],[77.0899771,28.6442848],[77.0907961,28.6441962],[77.0908706,28.6445617],[77.0907166,28.6446261],[77.0910709,28.6451079],[77.0905441,28.645532],[77.0903026,28.6457646],[77.0901076,28.6460151],[77.0901061,28.646154],[77.09036,28.64701],[77.09131,28.65],[77.09143,28.65045],[77.091468,28.6506627],[77.0914513,28.6508625],[77.09127,28.6517],[77.0912165,28.6518963],[77.0920733,28.6519426],[77.0930907,28.6519272],[77.0941096,28.6519238],[77.094588,28.6519328],[77.095178,28.6520021],[77.0961447,28.6521705],[77.0966754,28.6522913],[77.0973666,28.6525064],[77.0975579,28.6525909],[77.0982089,28.6528049],[77.0983371,28.6528593],[77.0987665,28.6529778],[77.0989468,28.6532114],[77.0975296,28.6532494],[77.0975109,28.6532919],[77.0975299,28.6546656],[77.0996978,28.6546463],[77.0997297,28.6554388],[77.099378,28.6560369],[77.099068,28.6565994],[77.0990539,28.6568298],[77.0990786,28.6576273],[77.0995964,28.6576146],[77.0996503,28.658168],[77.0995356,28.6587793],[77.0993927,28.659635],[77.0991834,28.6607675],[77.0991712070095,28.660796883108258],[77.0987495,28.6606352],[77.0983399,28.6602205],[77.0964847,28.658926],[77.0948584,28.6573716],[77.093705,28.6561273],[77.093254,28.6558203],[77.0919307,28.6551308],[77.0917142,28.6550057],[77.090402,28.6547163],[77.0894874,28.6546182],[77.0889574,28.6546517]]]},"properties":{"fill-opacity":0,"stroke-opacity":1,"stroke":"#ff0000","WNo_SEC":102,"AC_No":29,"AC_No_1":29,"AC_Name":"TILAK NAGAR","Ward_No":102,"WardName":"KHYALA","TotalPop":72421,"SC_Pop":10904,"NW2022":"102, KHYALA"},"id":179},
{"type":"Feature","geometry":{"type":"Polygon","coordinates":[[[77.1033165,28.6343911],[77.1037314,28.6343888],[77.1047547,28.6344248],[77.1050106,28.6345436],[77.1052274,28.6347324],[77.1054944,28.6350753],[77.1057445,28.6355257],[77.1058101,28.6357524],[77.1058171,28.6373846],[77.1060073,28.6374055],[77.1077025,28.6374683],[77.1077101,28.6386688],[77.1077414,28.6396904],[77.1077628,28.6408706],[77.1077573,28.6415887],[77.1067255,28.6411269],[77.1058881,28.6407619],[77.1057843,28.6409555],[77.1052714,28.6407303],[77.1051649,28.6409608],[77.1044538,28.6406931],[77.1041495,28.6413287],[77.1039166,28.6412354],[77.1037519,28.641563],[77.1032159,28.6413887],[77.1031055,28.6415837],[77.1027997,28.6414674],[77.1026302,28.6418484],[77.1023814,28.6417614],[77.1012539,28.64133],[77.1010439,28.64128],[77.1002503,28.6410022],[77.0992569,28.640621],[77.0988294,28.6404826],[77.098406,28.6403753],[77.0982132,28.640403],[77.0971145,28.6410677],[77.0962285,28.6415594],[77.0952343,28.642173],[77.094846,28.6424224],[77.0946624,28.6422466],[77.0943269,28.6424652],[77.0939427,28.6427643],[77.09358,28.6430242],[77.0927203,28.6419849],[77.0926475,28.6419228],[77.0922225,28.6422086],[77.0920041,28.6421834],[77.091882,28.642097],[77.090974,28.6409865],[77.0905662,28.6406164],[77.0905617,28.6405047],[77.0903837,28.6404927],[77.0902966,28.6404356],[77.0898579,28.6399272],[77.089319,28.6402504],[77.0896464,28.6406384],[77.0886195,28.6412795],[77.0883659,28.6409743],[77.0867349,28.6389618],[77.0853329,28.6397984],[77.0838663,28.6408094],[77.0837528,28.6408284],[77.0830213,28.6413305],[77.0827232,28.641512],[77.0819216,28.6394164],[77.0815609,28.6384464],[77.0814998,28.6382365],[77.0816942,28.6381836],[77.0826237,28.6376273],[77.083157,28.6372906],[77.0833746,28.6375462],[77.0844638,28.6388973],[77.0851803,28.6384478],[77.0862304,28.6377638],[77.087213,28.6371364],[77.0882744,28.6364765],[77.0884066,28.636455],[77.0888255,28.6367108],[77.0888511,28.6366941],[77.0893685,28.6372802],[77.089561,28.6371626],[77.0903602,28.6366127],[77.0913153,28.6359895],[77.0914477,28.6359761],[77.0917765,28.6351913],[77.09194389849796,28.634948702540505],[77.0921976,28.6350562],[77.0928014,28.6353967],[77.0936692,28.6357998],[77.0947808,28.6361921],[77.0953849,28.6364248],[77.0955288,28.6361142],[77.0960738,28.6362875],[77.0961252,28.6362212],[77.0963571,28.6361265],[77.0966402,28.6361452],[77.09706,28.63517],[77.0974007,28.6343278],[77.0976815,28.6343386],[77.0982557,28.6343179],[77.0990775,28.6343181],[77.1033165,28.6343911]]]},"properties":{"fill-opacity":0,"stroke-opacity":1,"stroke":"#ff0000","WNo_SEC":101,"AC_No":29,"AC_No_1":29,"AC_Name":"TILAK NAGAR","Ward_No":101,"WardName":"TILAK NAGAR","TotalPop":52859,"SC_Pop":1754,"NW2022":"101, TILAK NAGAR"},"id":180},
{"type":"Feature","geometry":{"type":"Polygon","coordinates":[[[77.0818931,28.6312527],[77.07946,28.63034],[77.0789233,28.6300917],[77.0790706,28.6297791],[77.078723,28.6296321],[77.0780432,28.6293839],[77.0781168,28.6292208],[77.0776061,28.6290133],[77.0775803,28.6290586],[77.0772168,28.628924],[77.0770239,28.6293056],[77.076383,28.6290805],[77.0745165,28.6283929],[77.073324,28.6279661],[77.0718319,28.6273816],[77.0701959,28.6267477],[77.0685832,28.6261394],[77.068434,28.6264272],[77.0685693,28.6261344],[77.0672701,28.6256653],[77.0663314,28.6252975],[77.066489,28.6249628],[77.0653273,28.6245023],[77.0652617,28.6244377],[77.0653905,28.6241965],[77.0649756,28.6240161],[77.0648555,28.6238905],[77.0643159,28.6241421],[77.0641715,28.6242515],[77.0640806,28.6243777],[77.0618571,28.6234943],[77.06125,28.6232534],[77.0603342,28.6229128],[77.0586328,28.6224516],[77.0566838,28.6219906],[77.0567146,28.6218466],[77.0565565,28.6218162],[77.0565541,28.6211806],[77.0560278,28.6211778],[77.0553039,28.6211953],[77.0553075,28.621566],[77.0548236,28.6214747],[77.0547931,28.6216124],[77.05414,28.6214895],[77.0527673,28.6212742],[77.052777,28.6211619],[77.0528,28.6200486],[77.0527555,28.6178322],[77.0527582,28.6176027],[77.0535155,28.6176056],[77.0542236,28.6175838],[77.0558338,28.6175617],[77.055837,28.617639],[77.0563509,28.6176437],[77.0571871,28.6176144],[77.0572128,28.6184789],[77.0570174,28.6184801],[77.0569869,28.6189218],[77.057001,28.6195052],[77.0572601,28.6195324],[77.0579271,28.6195321],[77.0579104,28.6172864],[77.0583634,28.6172925],[77.0586847,28.6173286],[77.0606136,28.6176777],[77.0609417,28.618021],[77.0617595,28.6189509],[77.0640641,28.6189147],[77.0657858,28.6189056],[77.0661419,28.6188932],[77.0661768,28.6188446],[77.0668202,28.6188272],[77.0668182,28.6187664],[77.0671824,28.6187623],[77.0671815,28.6184238],[77.0688177,28.6184059],[77.0688187,28.6179829],[77.0695896,28.6179638],[77.0697842,28.6179142],[77.0697765,28.6176739],[77.0699895,28.6176661],[77.0699541,28.6178973],[77.0699797,28.6195307],[77.0699905,28.6197339],[77.0699912,28.6208828],[77.0701657,28.621147],[77.0702874,28.6212695],[77.07057,28.6211],[77.07135,28.62074],[77.072,28.62042],[77.07265,28.62012],[77.07314,28.61988],[77.0749637,28.6190131],[77.0755117,28.6186855],[77.0775801,28.6177126],[77.0789509,28.617033],[77.08023016806524,28.61645039663539],[77.0806024,28.6171004],[77.081049,28.6178291],[77.0813668,28.6183148],[77.0816382,28.6187662],[77.0818274,28.6191389],[77.081933,28.6195159],[77.0821239,28.6195414],[77.0828006,28.6197088],[77.08291,28.6172614],[77.08291,28.616881],[77.0833108,28.6168903],[77.08329773333334,28.6166509],[77.0836328,28.6166498],[77.0846695,28.6166971],[77.0846396,28.6172735],[77.0855666,28.6173089],[77.0856609,28.61734],[77.0856700885246,28.617546498360657],[77.0856523,28.6180291],[77.08553,28.6200643],[77.0855149,28.6204442],[77.0855038,28.6212613],[77.0854529,28.6219468],[77.08571,28.6219814],[77.08603,28.6219914],[77.0866,28.6219714],[77.08763,28.6219014],[77.08780362783673,28.62187661027845],[77.0878293,28.6231051],[77.087754,28.6235396],[77.0876193,28.6239024],[77.0874851,28.6241539],[77.0872687,28.6244471],[77.0865527,28.6253176],[77.0848572,28.6273364],[77.084355,28.6279113],[77.0837817,28.6286118],[77.0830018,28.6295441],[77.0826689,28.6299547],[77.0818931,28.6312527]]]},"properties":{"fill-opacity":0,"stroke-opacity":1,"stroke":"#ff0000","WNo_SEC":106,"AC_No":30,"AC_No_1":30,"AC_Name":"JANAKPURI","Ward_No":106,"WardName":"JANAK PURI WEST","TotalPop":69625,"SC_Pop":5701,"NW2022":"106, JANAK PURI WEST"},"id":181},
{"type":"Feature","geometry":{"type":"Polygon","coordinates":[[[77.09194389849796,28.634948702540505],[77.0917765,28.6351913],[77.0914477,28.6359761],[77.0913153,28.6359895],[77.0903602,28.6366127],[77.089561,28.6371626],[77.0893685,28.6372802],[77.0888511,28.6366941],[77.0888255,28.6367108],[77.0884066,28.636455],[77.0882744,28.6364765],[77.087213,28.6371364],[77.0862304,28.6377638],[77.0851803,28.6384478],[77.0844638,28.6388973],[77.0833746,28.6375462],[77.083157,28.6372906],[77.0826237,28.6376273],[77.0816942,28.6381836],[77.0814998,28.6382365],[77.0815609,28.6384464],[77.0819216,28.6394164],[77.0827232,28.641512],[77.0832877,28.6430003],[77.0834645,28.6434388],[77.0841386,28.6452675],[77.0843899,28.6460705],[77.0844316,28.6461459],[77.084157,28.646265],[77.0828751,28.6469029],[77.0823072,28.6470731],[77.08212,28.6470877],[77.08063,28.6471303],[77.079465,28.6471285],[77.079463,28.6470852],[77.0790569,28.6471294],[77.0787994,28.6472171],[77.0784988,28.647375],[77.0783853,28.6474731],[77.0776307,28.6478711],[77.0769756,28.6481964],[77.0748876,28.649256],[77.0741029,28.6496462],[77.0737472,28.6498073],[77.0733951,28.6500388],[77.0728128,28.6504958],[77.0731474,28.6508157],[77.0723379,28.6500566],[77.0718357,28.6495738],[77.07103052565961,28.64884332317277],[77.0715265,28.6483331],[77.072375,28.6476192],[77.072993,28.6470748],[77.0734202,28.6466821],[77.0737269,28.646444],[77.0728611,28.6457075],[77.0721092,28.6450458],[77.0723714,28.6448182],[77.0724734,28.6446987],[77.072636,28.6446674],[77.0739785,28.644644],[77.0739504,28.6438557],[77.0739377,28.6431014],[77.0739028,28.6425277],[77.0739053,28.6420796],[77.0738731,28.642043],[77.073837,28.6410222],[77.0738307,28.6403652],[77.074086,28.6403736],[77.0762252,28.6403421],[77.076214,28.6396478],[77.0762999,28.6395804],[77.0762457,28.6385817],[77.0764159,28.6385742],[77.0789353,28.6385635],[77.0800319,28.6385418],[77.0804514,28.6384727],[77.0807395,28.638396],[77.0814305,28.6381639],[77.08135,28.63782],[77.08108,28.63712],[77.08082,28.63615],[77.08073,28.6357],[77.08067,28.63517],[77.080642,28.6351164],[77.0806479,28.6348023],[77.0807463,28.6340652],[77.0808539,28.6335981],[77.0801299,28.6336633],[77.0782253,28.6338861],[77.0782655,28.6342614],[77.0783987,28.6352698],[77.0784613,28.6359167],[77.0768778,28.6360749],[77.0767508,28.6349788],[77.0764896,28.6329882],[77.0764603,28.6329332],[77.0761509,28.6327129],[77.0749433,28.6320148],[77.074264,28.6316388],[77.0739091,28.6314591],[77.0737254,28.6314419],[77.0731938,28.6314696],[77.0714228,28.631594],[77.0704279,28.6316438],[77.0689393,28.6317396],[77.0686609,28.6317517],[77.06875,28.63261],[77.0677,28.63266],[77.06692,28.63272],[77.06599,28.63277],[77.0661058,28.6344856],[77.0654176,28.6354955],[77.0652735,28.635457],[77.0645902,28.6354918],[77.064452,28.6354838],[77.0641947,28.6354082],[77.0624041,28.6347266],[77.0627036,28.6341006],[77.0628378,28.6338489],[77.0635724,28.6323568],[77.0640184,28.6314773],[77.0643884,28.6307172],[77.0651177,28.6292742],[77.0653595,28.6286459],[77.06561,28.628202],[77.0656348,28.6292225],[77.0656719,28.6295941],[77.0669155,28.6294307],[77.0671284,28.6289974],[77.067306,28.6286762],[77.0674622,28.6283182],[77.0676928,28.6278796],[77.068434,28.6264272],[77.0685832,28.6261394],[77.0701959,28.6267477],[77.0718319,28.6273816],[77.073324,28.6279661],[77.0745165,28.6283929],[77.076383,28.6290805],[77.0770239,28.6293056],[77.0772168,28.628924],[77.0775803,28.6290586],[77.0776061,28.6290133],[77.0781168,28.6292208],[77.0780432,28.6293839],[77.078723,28.6296321],[77.0790706,28.6297791],[77.0789233,28.6300917],[77.07946,28.63034],[77.0818931,28.6312527],[77.0856946,28.6328103],[77.0858037,28.6325805],[77.0863655,28.6328014],[77.0864704,28.6325711],[77.087044,28.6328078],[77.0873169,28.6331746],[77.0876288,28.6332899],[77.0875204,28.6335104],[77.0878756,28.6336302],[77.0890289,28.6340568],[77.0895489,28.6342198],[77.0905208,28.6344906],[77.09128,28.63469],[77.09168,28.63483],[77.09194389849796,28.634948702540505]]]},"properties":{"fill-opacity":0,"stroke-opacity":1,"stroke":"#ff0000","WNo_SEC":103,"AC_No":29,"AC_No_1":29,"AC_Name":"TILAK NAGAR","Ward_No":103,"WardName":"KESHOPUR","TotalPop":72766,"SC_Pop":4690,"NW2022":"103, KESHOPUR"},"id":182},
{"type":"Feature","geometry":{"type":"Polygon","coordinates":[[[76.9905602,28.6492346],[76.9904,28.6492424],[76.9847477,28.6493698],[76.9843405,28.6500299],[76.9838765,28.6506537],[76.9819441,28.6520519],[76.9802091,28.653733],[76.9801915,28.6537184],[76.9792447,28.654613],[76.9790548,28.6548736],[76.9788659,28.6551915],[76.9786679,28.655613],[76.9783745,28.656125],[76.9781055,28.6564231],[76.9777546,28.6567399],[76.9774486,28.656979],[76.9771804,28.657107],[76.9764614,28.6571533],[76.9748894,28.6570976],[76.9740503,28.6570476],[76.9736403,28.6571205],[76.9731447,28.6572518],[76.9723382,28.6575501],[76.9709374,28.6579047],[76.9705845,28.6579676],[76.9705605,28.658388],[76.9700184,28.6588375],[76.9693373,28.6589299],[76.9670422,28.6595987],[76.9662782,28.659765],[76.9643536,28.6602924],[76.9633339,28.6606324],[76.961874,28.6614194],[76.9609277,28.6623568],[76.9580284,28.6647735],[76.9565096,28.6655528],[76.9544613,28.6668092],[76.9544077,28.6667282],[76.9544356,28.6660136],[76.9544363,28.6650994],[76.9544546,28.6650991],[76.9544387,28.6633536],[76.9537629,28.6632806],[76.9537446,28.6617829],[76.952868,28.6617099],[76.9521374,28.6613994],[76.9508224,28.6608515],[76.9502197,28.6603036],[76.9489229,28.6593173],[76.9479017,28.6584641],[76.9484944,28.6572592],[76.948743,28.6567961],[76.949095,28.6563316],[76.9507324,28.65632],[76.9522353,28.6562914],[76.9518905,28.6566724],[76.9518453,28.6567864],[76.9519209,28.6572151],[76.9520535,28.657434],[76.9522857,28.65755],[76.9522718,28.6577496],[76.9531717,28.6576722],[76.9536767,28.6590687],[76.953609,28.6562942],[76.9540634,28.6562734],[76.9540208,28.6557296],[76.9542969,28.6557285],[76.9542899,28.6556744],[76.9574147,28.6556759],[76.9575358,28.654938],[76.956874,28.6545739],[76.9565287,28.653544],[76.9562012,28.6530354],[76.9558572,28.65273],[76.9558773,28.6516255],[76.9558615,28.6507722],[76.9555274,28.6497466],[76.9553244,28.6499174],[76.955044,28.6498707],[76.9549096,28.649787],[76.9548732,28.6492578],[76.954749,28.6491898],[76.9547227,28.6490341],[76.9545051,28.6489317],[76.9550112,28.6481867],[76.9553446,28.6476395],[76.9559314,28.6467245],[76.9560082,28.6465234],[76.9563579,28.6459556],[76.9570445,28.6447831],[76.9571007,28.6447815],[76.957677,28.6437844],[76.958298,28.642696],[76.9588908,28.6416755],[76.9604348,28.6390322],[76.9611846,28.6377728],[76.9612584,28.6377152],[76.9616543,28.6370865],[76.9615699,28.6370488],[76.9621582,28.6360632],[76.9627712,28.6350662],[76.9630529,28.634591],[76.9636828,28.6335617],[76.9647245,28.631807],[76.9655027,28.6305286],[76.9665816,28.6288236],[76.9673261,28.6276548],[76.9676521,28.6272205],[76.9698025,28.6244734],[76.9701748,28.6240309],[76.9703518,28.6238843],[76.9710747,28.6230193],[76.9717155,28.6222731],[76.9721424,28.621722],[76.9722427,28.6215302],[76.9725189,28.6208626],[76.9725963,28.6206384],[76.972715,28.6204424],[76.9729316,28.6201763],[76.9741605,28.6190894],[76.9749082,28.6183943],[76.975143,28.6180538],[76.9752568,28.6176989],[76.9753024,28.6168578],[76.9753701,28.6165259],[76.9754296,28.6163791],[76.9755801,28.61618],[76.9761915,28.6155982],[76.9765456,28.6152888],[76.9767973,28.6151069],[76.9777473,28.6146242],[76.9778381,28.6146205],[76.9785276,28.6142659],[76.9792764,28.6139054],[76.9799505,28.6134881],[76.9800454,28.6134117],[76.9813684,28.6145831],[76.9815008,28.6146744],[76.9820396,28.6151778],[76.9823642,28.6155129],[76.9827776,28.615335],[76.9832817,28.61517],[76.9836897,28.6150661],[76.9840559,28.6148681],[76.9846746,28.6145827],[76.9849877,28.6143549],[76.9852473,28.6140511],[76.9854771,28.6138212],[76.9857413,28.6135982],[76.9858286,28.613436],[76.9858522,28.6132762],[76.985841,28.6127722],[76.9857993,28.6125751],[76.9860682,28.6126587],[76.9875053,28.6125049],[76.9879803,28.6124762],[76.9887522,28.6124479],[76.9893889,28.6124356],[76.9903675,28.6124472],[76.9913679,28.6124905],[76.9926388,28.6126008],[76.9933939,28.6126781],[76.9947593,28.6127668],[76.9952402,28.6128398],[76.9962074,28.6130957],[76.9973557,28.6133624],[76.9978146,28.6134456],[76.9982528,28.6134532],[76.9989516,28.6134422],[76.9995146,28.6134905],[76.9995438,28.6155967],[76.999566,28.6168958],[76.9996908,28.6168984],[76.9996698,28.617146],[76.9991505,28.6171685],[76.9989544,28.6172879],[76.9989941,28.6183224],[76.9988023,28.618368],[76.998134,28.6185783],[76.9964011,28.6190601],[76.9962847,28.6190826],[76.9933299,28.6191324],[76.9933478,28.6200673],[76.9933061,28.6202153],[76.9933477,28.6203291],[76.9928408,28.6206398],[76.9923037,28.6209962],[76.9914691,28.6214829],[76.9913311,28.6215114],[76.9917411,28.6220964],[76.9927949,28.6232552],[76.9932659,28.6237243],[76.9933354,28.623736],[76.993551,28.6239884],[76.9937749,28.6242066],[76.9941861,28.6246673],[76.9942403,28.6247602],[76.9942236,28.6252253],[76.9950908,28.6251204],[76.9951077,28.6254658],[76.9953522,28.6256268],[76.9961833,28.6264485],[76.9960343,28.6265915],[76.9962824,28.6268201],[76.9968595,28.6273174],[76.9977321,28.6281058],[76.9979141,28.6281038],[76.9981987,28.6282961],[76.9983698,28.6283556],[76.9988708,28.6284667],[76.9995156,28.6287692],[76.9995869,28.6286963],[77.0005373,28.6291564],[77.0012681,28.6274596],[77.0013968,28.6272218],[77.0017387,28.6268132],[77.0023956,28.6261379],[77.0033334,28.6254735],[77.004242,28.6249179],[77.0042652,28.6251112],[77.004687,28.6257317],[77.0051414,28.6262896],[77.0052231,28.6264677],[77.0052528,28.6270682],[77.0052475,28.6277258],[77.008019,28.627615],[77.0080225,28.6279667],[77.008523,28.6279625],[77.0085169,28.6282801],[77.0100596,28.6282385],[77.0100489,28.6288767],[77.0100647,28.6294029],[77.0099617,28.629406],[77.0099646,28.6299025],[77.011451,28.6299117],[77.0114544,28.6312609],[77.0114933,28.6331415],[77.011511,28.6346255],[77.0115254,28.6349348],[77.0115287,28.635997],[77.0115519,28.6366064],[77.0115696,28.6381202],[77.0110937,28.6381196],[77.0110577,28.6380976],[77.0106499,28.6381117],[77.0085095,28.6381329],[77.0081504,28.6381213],[77.0079098,28.6380749],[77.0077752,28.6381586],[77.0076563,28.6382326],[77.0067195,28.6374669],[77.0063868,28.6371819],[77.0059191,28.6367532],[77.0055119,28.6363995],[77.0048672,28.6358138],[77.003937,28.634909],[77.0037198,28.6353095],[77.0031073,28.6363442],[77.0028011,28.6369733],[77.0025189,28.6376173],[77.0023353,28.6382121],[77.0013944,28.6391696],[77.0002613,28.6403839],[76.9973334,28.6382841],[76.9984902,28.6370618],[76.9993345,28.6361479],[76.9995178,28.6359943],[76.999713,28.6354432],[76.9999201,28.6351785],[76.9998349,28.6350212],[76.9991939,28.6350135],[76.999196,28.6344405],[76.9998691,28.6344286],[76.9998402,28.6339306],[76.9979336,28.633942],[76.9972405,28.6352086],[76.9965513,28.636326],[76.9954157,28.6372678],[76.9941854,28.6382201],[76.9926526,28.6390902],[76.9914831,28.639967],[76.99113,28.64108],[76.99062,28.64299],[76.9903416,28.643538],[76.9901583,28.6436869],[76.9887074,28.6446707],[76.9897755,28.6457474],[76.9903254,28.646332],[76.9904846,28.6465987],[76.9905652,28.6469883],[76.9905691,28.6481505],[76.9905602,28.6492346]]]},"properties":{"fill-opacity":0,"stroke-opacity":1,"stroke":"#ff0000","WNo_SEC":128,"AC_No":35,"AC_No_1":35,"AC_Name":"NAJAFGARH","Ward_No":128,"WardName":"DICHAON KALAN","TotalPop":71665,"SC_Pop":10004,"NW2022":"128, DICHAON KALAN"},"id":183},
{"type":"Feature","geometry":{"type":"Polygon","coordinates":[[[77.1946449,28.7582713],[77.1941131,28.7582786],[77.1931229,28.7583643],[77.192627,28.7583948],[77.1912453,28.758439],[77.1893552,28.7583891],[77.1891332,28.7583747],[77.1882544,28.7583578],[77.1871541,28.7583196],[77.1866905,28.7583364],[77.186042,28.7583409],[77.1851967,28.758252],[77.184682,28.7581857],[77.1826452,28.7580378],[77.1822466,28.7580186],[77.1816854,28.757958],[77.1809826,28.7578183],[77.1802532,28.7577116],[77.1794214,28.7576581],[77.1793485,28.7573824],[77.178728,28.755748],[77.1786958,28.7555089],[77.178819,28.7553472],[77.1790563,28.7552068],[77.1797643,28.7552298],[77.1811231,28.7551043],[77.1814108,28.7550412],[77.181942,28.7543442],[77.1822429,28.7539668],[77.1826562,28.75295],[77.18267,28.7523416],[77.1825594,28.751648],[77.1823354,28.7505787],[77.182188,28.7502019],[77.1810958,28.7494764],[77.1813072,28.749023],[77.1812103,28.7489482],[77.1809856,28.7488793],[77.1808947,28.7488115],[77.1799815,28.7483526],[77.1793996,28.7479805],[77.1791193,28.7478602],[77.1791761,28.7477655],[77.1785221,28.7473579],[77.1784763,28.7473842],[77.1781953,28.7471455],[77.178724,28.7465809],[77.1779826,28.7460346],[77.1775666,28.7457513],[77.1776211,28.7456665],[77.1792331,28.7455111],[77.1800395,28.7455336],[77.1808577,28.7458321],[77.1810797,28.7455782],[77.1811702,28.7453116],[77.1812775,28.7448013],[77.1814557,28.7441506],[77.1817446,28.7437429],[77.1818111,28.7434729],[77.1819042,28.7428889],[77.1814603,28.742854],[77.180844,28.7428499],[77.1805544,28.7428996],[77.180647,28.7423658],[77.1813525,28.7399923],[77.1816594,28.7400137],[77.1824941,28.7401473],[77.182572,28.7401363],[77.183536,28.7401411],[77.1840821,28.740056],[77.1860023,28.739627],[77.1864781,28.739557],[77.186414,28.739468],[77.1867697,28.7392491],[77.1877046,28.738614],[77.1879825,28.7385345],[77.1885472,28.7380797],[77.1887467,28.7379437],[77.1901757,28.7368201],[77.1914085,28.7358709],[77.1915163,28.7358562],[77.1913634,28.7369108],[77.1913985,28.737039],[77.1915341,28.7372391],[77.1916891,28.7373532],[77.1921094,28.737526],[77.1922644,28.737549],[77.1923786,28.7376332],[77.1931226,28.737962],[77.1934284,28.7380814],[77.1939705,28.7383224],[77.1941047,28.7386961],[77.1940314,28.7388143],[77.1933265,28.7396923],[77.1927014,28.7404974],[77.1921284,28.7413375],[77.1919575,28.7416396],[77.1918882,28.7416369],[77.191621,28.742082],[77.1910018,28.7431776],[77.1915132,28.7431685],[77.1918879,28.7431798],[77.1919073,28.743317],[77.1918947,28.7440286],[77.1932806,28.7440061],[77.1932867,28.7444017],[77.1933176,28.7445419],[77.1944942,28.7445185],[77.1945201,28.7445362],[77.1953469,28.7445195],[77.1963779,28.7445089],[77.1968117,28.7445363],[77.1980452,28.7445224],[77.1984223,28.7445292],[77.2001924,28.7445143],[77.2002278,28.7456732],[77.2002567,28.7468467],[77.2003037,28.7482201],[77.200308,28.7487994],[77.1989046,28.7488578],[77.1989035,28.7488059],[77.1984653,28.7488065],[77.1985838,28.750067],[77.1988042,28.7526148],[77.1989394,28.7539653],[77.1990007,28.7544922],[77.1990034,28.7548382],[77.1989551,28.7549749],[77.1988418,28.7550083],[77.1983679,28.7553244],[77.1982758,28.7553233],[77.1982373,28.7548521],[77.1981318,28.7542584],[77.1972317,28.7542725],[77.1972289,28.7548347],[77.1968393,28.7548291],[77.1968337,28.7547217],[77.1969809,28.7546358],[77.1968943,28.7545447],[77.1968782,28.7541788],[77.1962236,28.7542069],[77.1962175,28.7543087],[77.1955373,28.7543236],[77.1955323,28.7542472],[77.1950421,28.754295],[77.1950219,28.7542632],[77.193457,28.7543169],[77.1934522,28.7551918],[77.1934655,28.7554508],[77.193075,28.7554651],[77.1932919,28.7558332],[77.1937446,28.7564292],[77.1939992,28.7566551],[77.1944406,28.7573259],[77.1944453,28.7574532],[77.194606,28.7578451],[77.1947873,28.7581862],[77.1946449,28.7582713]]]},"properties":{"fill-opacity":0,"stroke-opacity":1,"stroke":"#ff0000","WNo_SEC":9,"AC_No":2,"AC_No_1":2,"AC_Name":"BURARI","Ward_No":9,"WardName":"SANT NAGAR","TotalPop":54096,"SC_Pop":7685,"NW2022":"9, SANT NAGAR"},"id":184},
{"type":"Feature","geometry":{"type":"MultiPolygon","coordinates":[[[[77.2232624,28.6566371],[77.22321,28.65727],[77.2216877,28.657184],[77.2200253,28.6570785],[77.2200589,28.6567202],[77.2202415,28.6564269],[77.2206134,28.655932],[77.2211322,28.6552918],[77.2213283,28.6550802],[77.2219304,28.6554472],[77.2225323,28.6558365],[77.2231307,28.656188],[77.223269,28.6562869],[77.2232624,28.6566371]]],[[[77.2041475,28.6552021],[77.204716,28.655251],[77.2053848,28.6552528],[77.2055565,28.6552087],[77.2058659,28.6550417],[77.2063201,28.6547554],[77.2067672,28.6544951],[77.2071993,28.6542077],[77.2076247,28.6538695],[77.2077709,28.6537912],[77.2090761,28.6537405],[77.211076,28.6536233],[77.2119023,28.6536639],[77.2140808,28.6538091],[77.2157089,28.6538647],[77.2164499,28.6539019],[77.2167919,28.65416],[77.2165242,28.6553249],[77.2163194,28.6562958],[77.2165644,28.6568317],[77.2170714,28.6568172],[77.2176567,28.6570409],[77.2178423,28.6565174],[77.218118,28.6566015],[77.218339,28.6566216],[77.2183793,28.6563146],[77.2185169,28.6556938],[77.2184816,28.6555062],[77.2185126,28.6551904],[77.218752,28.6552106],[77.2187599,28.6551453],[77.2190999,28.6551721],[77.2190267,28.6559634],[77.2189503,28.657012],[77.218788,28.6570019],[77.21848,28.6570525],[77.21827,28.6571776],[77.2180059,28.6575909],[77.2178259,28.6577513],[77.2176894,28.6577741],[77.2171795,28.6576766],[77.2166786,28.6576291],[77.2164204,28.6576725],[77.215923,28.6577058],[77.2158154,28.6577373],[77.2150027,28.6578689],[77.2143181,28.6580499],[77.2127159,28.6585164],[77.21264,28.6582532],[77.2122265,28.6569514],[77.2118453,28.6570271],[77.2115913,28.6571073],[77.2109627,28.6574617],[77.2107849,28.657547],[77.2103696,28.6576987],[77.2098478,28.6579123],[77.2095433,28.6579984],[77.2093467,28.6580976],[77.2092054,28.6582153],[77.2088785,28.6583854],[77.2083259,28.6586012],[77.2079793,28.6587635],[77.208077,28.6589424],[77.2082805,28.6592316],[77.2082999,28.6593846],[77.2084698,28.6597851],[77.2073265,28.6601346],[77.206402,28.6604245],[77.2051707,28.6607929],[77.2047291,28.6609156],[77.20431,28.66107],[77.20377,28.66063],[77.2033472,28.6599312],[77.203128,28.6594776],[77.2030378,28.6590886],[77.2030771,28.6586542],[77.2033977,28.657873],[77.2035751,28.6574795],[77.2037119,28.6570572],[77.2037883,28.6567482],[77.2040201,28.6556948],[77.2041475,28.6552021]]]]},"properties":{"fill-opacity":0,"stroke-opacity":1,"stroke":"#ff0000","WNo_SEC":81,"AC_No":22,"AC_No_1":22,"AC_Name":"BALLIMARAN","Ward_No":81,"WardName":"QURAISH NAGAR","TotalPop":60053,"SC_Pop":13059,"NW2022":"81, QURAISH NAGAR"},"id":185},
{"type":"Feature","geometry":{"type":"MultiPolygon","coordinates":[[[[77.2014566,28.5797334],[77.2014148,28.5798144],[77.20013,28.5797578],[77.2001279,28.5795664],[77.2001679,28.5792701],[77.2001758,28.578793],[77.2001992,28.5787557],[77.2001836,28.5783601],[77.2005868,28.5781183],[77.200889,28.57813],[77.2009686,28.5781012],[77.2011764,28.5781474],[77.2017858,28.5781519],[77.2018936,28.5781983],[77.2016206,28.5791087],[77.2016291,28.5791304],[77.2014566,28.5797334]]],[[[77.2399724,28.5927849],[77.2391356,28.5926859],[77.2379439,28.5926101],[77.2369564,28.5924688],[77.2341928,28.5921181],[77.2322919,28.5918916],[77.2314392,28.5917314],[77.2306348,28.5915536],[77.2292482,28.5912135],[77.2288383,28.5911415],[77.2279754,28.5910101],[77.2264658,28.5908463],[77.2247878,28.5906751],[77.2237233,28.5905489],[77.2239147,28.5889139],[77.2240429,28.587747],[77.2242791,28.5858743],[77.2245433,28.5839239],[77.2249614,28.5806573],[77.2249954,28.5803177],[77.2249967,28.5800544],[77.2249587,28.5796094],[77.224352,28.5796332],[77.2232066,28.5797538],[77.2229759,28.5797613],[77.2228001,28.5797314],[77.2225063,28.5795816],[77.2223442,28.5794169],[77.2222371,28.5792276],[77.2218006,28.5784873],[77.2215804,28.5780688],[77.221271,28.5776916],[77.2211331,28.5775592],[77.2213873,28.5773604],[77.2219051,28.5770526],[77.2220886,28.5769938],[77.2228432,28.5769062],[77.2237696,28.5765571],[77.2246,28.57607],[77.22508,28.57585],[77.22547,28.57573],[77.22613,28.57555],[77.22641,28.57549],[77.22687,28.57544],[77.2271308,28.5753815],[77.227385,28.5752595],[77.2278402,28.5751853],[77.2284053,28.5751284],[77.2285886,28.5750889],[77.2291307,28.5749025],[77.22915,28.57475],[77.2289,28.57434],[77.22857,28.57369],[77.22834,28.57331],[77.2278551,28.572411],[77.2277411,28.5722754],[77.2270835,28.5710902],[77.2263905,28.5698166],[77.225724,28.5686093],[77.2253366,28.5678916],[77.2255243,28.5678145],[77.2254942,28.5671163],[77.2250079,28.5661717],[77.2240002,28.5643273],[77.2239474,28.564191],[77.2239162,28.563935],[77.2238362,28.563729],[77.223516,28.5631703],[77.2231598,28.5625085],[77.2230403,28.5623154],[77.2227377,28.562027],[77.2225959,28.5618132],[77.2222859,28.5614101],[77.2220487,28.5611444],[77.2217512,28.5608633],[77.2211801,28.5604187],[77.2183415,28.5583359],[77.2178759,28.5580032],[77.2165005,28.557001],[77.2147923,28.5557305],[77.2130452,28.5544568],[77.2126881,28.5541595],[77.213059,28.553951],[77.2137134,28.5536211],[77.2147293,28.553082],[77.2153894,28.5536792],[77.2157899,28.5538231],[77.2164174,28.5539319],[77.2172527,28.5541325],[77.2178288,28.5542927],[77.2189427,28.5545552],[77.2196865,28.5547648],[77.2201186,28.5549086],[77.2205374,28.5551248],[77.220561,28.5553532],[77.2219337,28.5553135],[77.2222013,28.5552843],[77.2231599,28.5550948],[77.2247406,28.5547614],[77.2274,28.5541907],[77.2282863,28.5540087],[77.2285586,28.5546373],[77.22951,28.55674],[77.23012,28.55805],[77.2303167,28.5585057],[77.2306194,28.5592295],[77.2297703,28.5594478],[77.2293894,28.5595618],[77.2290273,28.5596455],[77.2290944,28.5598254],[77.2296162,28.5608191],[77.2300699,28.561702],[77.2303461,28.5622794],[77.2311003,28.561978],[77.2315286,28.5617616],[77.2316147,28.5624963],[77.2313125,28.562528],[77.2311777,28.5625856],[77.2306968,28.5628647],[77.230483,28.5629714],[77.2302484,28.5630382],[77.2302941,28.5635046],[77.2310485,28.5634307],[77.2314097,28.5634152],[77.2314261,28.5634841],[77.2315904,28.5648],[77.231695,28.5654446],[77.2319402,28.5654099],[77.2319479,28.5653403],[77.2317271,28.5634554],[77.2318776,28.5634427],[77.2316584,28.561705],[77.2319549,28.5615759],[77.2321635,28.5619289],[77.232864,28.5632244],[77.2336169,28.5645943],[77.2337819,28.5648826],[77.2340508,28.5654411],[77.2341825,28.565882],[77.2342414,28.5661629],[77.2344359,28.5673615],[77.234544,28.5677416],[77.2346463,28.5679829],[77.2353508,28.5692172],[77.2356696,28.5697511],[77.2362024,28.5706972],[77.2366084,28.5705197],[77.2367841,28.5709016],[77.2369354,28.5711687],[77.2365685,28.5713083],[77.2367683,28.5716513],[77.2373863,28.5726601],[77.2379417,28.5736655],[77.2382914,28.5742767],[77.2384829,28.5746483],[77.2385528,28.5750124],[77.238552,28.5755168],[77.2385106,28.5797883],[77.2385909,28.5803459],[77.2387717,28.5808371],[77.238946,28.5811493],[77.2400325,28.5829081],[77.2405228,28.5837105],[77.2407711,28.5841981],[77.2408248,28.5845617],[77.2408798,28.5855993],[77.2409161,28.5867427],[77.2408644,28.5877985],[77.240813,28.5880285],[77.2405829,28.5884609],[77.2401487,28.589158],[77.2399597,28.5896121],[77.2398962,28.5899683],[77.2398881,28.590222],[77.2399086,28.590938],[77.23993,28.59171],[77.2399724,28.5927849]]]]},"properties":{"fill-opacity":0,"stroke-opacity":1,"stroke":"#ff0000","WNo_SEC":145,"AC_No":42,"AC_No_1":42,"AC_Name":"KASTURBA NAGAR","Ward_No":145,"WardName":"ANDREWS GANJ","TotalPop":66237,"SC_Pop":9643,"NW2022":"145, ANDREWS GANJ"},"id":186},
{"type":"Feature","geometry":{"type":"Polygon","coordinates":[[[77.1838453,28.5506121],[77.1839809,28.5505238],[77.1843815,28.550333],[77.1856747,28.5498142],[77.1868153,28.5493717],[77.1875248,28.5490856],[77.1887882,28.5485895],[77.1910686,28.5476856],[77.191843,28.5473728],[77.1923695,28.547205],[77.1930523,28.5470028],[77.1945515,28.5465298],[77.1953297,28.5463009],[77.1955013,28.5462399],[77.1965798,28.5459601],[77.1971498,28.5458301],[77.1974697,28.5457401],[77.1978598,28.5456701],[77.1986698,28.5454501],[77.200054,28.5451271],[77.2004924,28.5450024],[77.2013569,28.5446973],[77.2017558,28.5454231],[77.2022076,28.5461834],[77.202507,28.5467097],[77.2029151,28.5475497],[77.203313,28.5486174],[77.2035953,28.5496046],[77.2036373,28.5495932],[77.2038969,28.5504123],[77.2041361,28.5510564],[77.2045256,28.5519692],[77.2048526,28.5527584],[77.2052628,28.5534777],[77.2054876,28.5539351],[77.2060672,28.5551626],[77.2062205,28.5555641],[77.206331,28.5559564],[77.2069148,28.5589764],[77.2070966,28.5594614],[77.2073075,28.5613034],[77.2073616,28.5616653],[77.2074966,28.5625398],[77.20678,28.5625855],[77.2063608,28.5628785],[77.2061288,28.5630822],[77.2057656,28.5633485],[77.2056459,28.5634792],[77.205417,28.5635964],[77.2052285,28.5636131],[77.2045927,28.5633608],[77.2044338,28.5633509],[77.2043716,28.5632391],[77.2038359,28.5628241],[77.203205,28.5625426],[77.2031009,28.5625368],[77.202461,28.5626447],[77.2018872,28.5627821],[77.2017605,28.5627735],[77.200973,28.5625535],[77.2007831,28.5624706],[77.2007703,28.5626786],[77.2007104,28.5629792],[77.2004335,28.5642266],[77.2002167,28.5652657],[77.2001682,28.5657054],[77.2000242,28.5661384],[77.1995925,28.5668584],[77.199401,28.5673852],[77.1993241,28.5677796],[77.1992653,28.5697824],[77.1986292,28.5697559],[77.1976195,28.569679],[77.1976205,28.5693656],[77.1975601,28.5691866],[77.1972662,28.5688514],[77.197049,28.5685716],[77.1967811,28.5682938],[77.1966672,28.568233],[77.1958936,28.5679297],[77.1946566,28.5675528],[77.1939754,28.5672949],[77.1936465,28.5671518],[77.1934806,28.5671085],[77.1932328,28.5670972],[77.1928141,28.5672151],[77.1923021,28.567438],[77.1921297,28.5675504],[77.1916649,28.5679121],[77.1914561,28.5680995],[77.1912502,28.5682217],[77.1907552,28.5684328],[77.1904875,28.5685061],[77.1900589,28.5685667],[77.1897174,28.5686374],[77.1895332,28.5687133],[77.1893267,28.5670821],[77.1891171,28.5657815],[77.1889183,28.5643282],[77.18888,28.56409],[77.18856,28.56238],[77.1884087,28.5618105],[77.1882804,28.5614942],[77.1879403,28.5605115],[77.1877542,28.5600312],[77.1876272,28.5596454],[77.18739,28.55902],[77.1864,28.55626],[77.1861963,28.5556781],[77.18567,28.55422],[77.18536,28.55331],[77.1852,28.55271],[77.18499,28.55218],[77.1849058,28.5520117],[77.1846991,28.551693],[77.1838453,28.5506121]]]},"properties":{"fill-opacity":0,"stroke-opacity":1,"stroke":"#ff0000","WNo_SEC":150,"AC_No":43,"AC_No_1":43,"AC_Name":"MALVIYA NAGAR","Ward_No":150,"WardName":"GREEN PARK","TotalPop":49705,"SC_Pop":4068,"NW2022":"150, GREEN PARK"},"id":187},
{"type":"Feature","geometry":{"type":"Polygon","coordinates":[[[77.1854974,28.5130645],[77.186055,28.5136724],[77.1875913,28.5153856],[77.1879625,28.5157734],[77.188272,28.5161736],[77.1887895,28.5170472],[77.1893049,28.5179331],[77.189411,28.5182668],[77.1895475,28.519723],[77.1896085,28.5202873],[77.189733,28.5217331],[77.1898196,28.5221811],[77.1900507,28.5229576],[77.1901729,28.523445],[77.1901102,28.5234623],[77.1901026,28.5241604],[77.1900797,28.5249119],[77.190072,28.5260601],[77.1901331,28.5265293],[77.1901216,28.5267391],[77.190053,28.5268726],[77.1892105,28.5276824],[77.1891942,28.527665],[77.188121,28.5284359],[77.1876806,28.528685],[77.186965,28.5289056],[77.1859856,28.5291677],[77.1856448,28.529218],[77.1851054,28.5293917],[77.1849563,28.5295116],[77.1849001,28.5298123],[77.1848114,28.5299123],[77.1849001,28.5301941],[77.184919,28.5305249],[77.1848585,28.5307226],[77.1847474,28.5308427],[77.1847042,28.5309968],[77.1849585,28.5314661],[77.1851684,28.5317822],[77.1852817,28.5318947],[77.1854028,28.5321456],[77.1854522,28.5324731],[77.1805986,28.5350179],[77.179989,28.5349803],[77.1774104,28.5358439],[77.176449,28.5418614],[77.1759167,28.5409107],[77.1756268,28.5404568],[77.1749401,28.5394154],[77.1748063,28.5391945],[77.1740132,28.5379786],[77.1735516,28.5372829],[77.1731739,28.5366917],[77.1728802,28.5361767],[77.1726894,28.5356922],[77.1722927,28.5345249],[77.1720867,28.5338879],[77.1714191,28.5319042],[77.1711477,28.5310567],[77.1708965,28.5303288],[77.1708965,28.5301762],[77.1709986,28.5299816],[77.1712709,28.5296197],[77.171484,28.5293827],[77.1717434,28.529211],[77.1719723,28.5289593],[77.1720104,28.5288525],[77.1720371,28.5285625],[77.1719646,28.5282307],[77.1718998,28.5281124],[77.1717052,28.5279675],[77.1710911,28.5278339],[77.1707582,28.5277233],[77.1705026,28.5275822],[77.170351,28.527441],[77.1701221,28.5271511],[77.169817,28.5268154],[77.1696596,28.5265408],[77.1693096,28.5255718],[77.1690502,28.5249043],[77.168931,28.5245506],[77.1684069,28.5230869],[77.1681886,28.5225065],[77.1680568,28.5222075],[77.1678952,28.5220116],[77.1675095,28.5217384],[77.1671945,28.5215882],[77.1664478,28.521273],[77.1658127,28.5209918],[77.1653399,28.5208806],[77.1643167,28.5207886],[77.1641093,28.5207495],[77.1638555,28.5206566],[77.1633186,28.5203634],[77.1613472,28.5192458],[77.1601847,28.5186115],[77.1598048,28.5183778],[77.16004,28.5179657],[77.1602531,28.5176752],[77.1607882,28.5172375],[77.1613174,28.5168422],[77.1621577,28.5161813],[77.1631703,28.5154164],[77.1638835,28.5148217],[77.164471,28.5142683],[77.1649135,28.513817],[77.1654024,28.5132453],[77.1665624,28.51178],[77.1668847,28.5113379],[77.1671919,28.5110733],[77.1678658,28.5107081],[77.1682692,28.5105821],[77.1695582,28.5104049],[77.1702842,28.5103298],[77.1708451,28.5101346],[77.1712322,28.5099659],[77.1718845,28.5096531],[77.1727314,28.5093365],[77.1732159,28.5091114],[77.1737537,28.5088367],[77.1743641,28.5082912],[77.174551,28.5081844],[77.1747646,28.508112],[77.1751804,28.5080318],[77.1765003,28.5078526],[77.1770459,28.5078317],[77.1771408,28.5079635],[77.1774715,28.5085714],[77.1777546,28.5090513],[77.1778847,28.5091791],[77.178021,28.5092218],[77.1787896,28.5093233],[77.1795709,28.5093606],[77.1798526,28.5094494],[77.1801653,28.5096958],[77.1811341,28.5107008],[77.1812974,28.5108453],[77.1814971,28.5109665],[77.1817733,28.5110638],[77.1830765,28.5113487],[77.1834952,28.5114262],[77.1840224,28.5115605],[77.1841733,28.5116261],[77.1843648,28.5117692],[77.1846711,28.5121362],[77.1854974,28.5130645]]]},"properties":{"fill-opacity":0,"stroke-opacity":1,"stroke":"#ff0000","WNo_SEC":155,"AC_No":45,"AC_No_1":45,"AC_Name":"MEHRAULI","Ward_No":155,"WardName":"MEHRAULI","TotalPop":74939,"SC_Pop":8317,"NW2022":"155, MEHRAULI"},"id":188},
{"type":"Feature","geometry":{"type":"Polygon","coordinates":[[[77.0932104,28.5141581],[77.0953257,28.5131948],[77.0986557,28.5114409],[77.0979603,28.5102802],[77.0971112,28.5089964],[77.0970239,28.508808],[77.0964941,28.5081685],[77.0963489,28.507932],[77.0961661,28.5074382],[77.095997,28.5070874],[77.0960468,28.5067449],[77.0963882,28.5063604],[77.0967644,28.505913],[77.0977082,28.5048157],[77.0978112,28.5047579],[77.0991528,28.5041958],[77.1005121,28.5036436],[77.1008208,28.503597],[77.1025417,28.5030075],[77.1029825,28.5028176],[77.1035939,28.5025221],[77.1037984,28.5023855],[77.1045618,28.5019162],[77.1052567,28.5014783],[77.1053027,28.5014052],[77.1059059,28.5011448],[77.107115,28.5006014],[77.1091985,28.4997727],[77.1093543,28.4996837],[77.1100794,28.4993596],[77.1107422,28.4990481],[77.1115039,28.4987121],[77.1121344,28.4985155],[77.1126959,28.498316],[77.1130547,28.4981236],[77.1135481,28.4979711],[77.1142025,28.4976711],[77.1147664,28.4973763],[77.1148599,28.4973062],[77.1151114,28.4972172],[77.1155879,28.4970985],[77.1161348,28.4969259],[77.1165101,28.4966789],[77.1173705,28.4963309],[77.1184764,28.4961998],[77.1193742,28.4960604],[77.1205946,28.4959154],[77.1208019,28.4961796],[77.1209164,28.4964161],[77.1229343,28.4964161],[77.1240253,28.496748],[77.1260777,28.4966488],[77.1267117,28.497377],[77.127066,28.4979363],[77.1271672,28.4979557],[77.1276745,28.4988267],[77.1279228,28.4994333],[77.1280427,28.4997867],[77.1281948,28.5000896],[77.1283791,28.5003658],[77.1284892,28.5004496],[77.1286559,28.5004589],[77.1291954,28.5004317],[77.1292512,28.5020682],[77.1291236,28.502162],[77.1291256,28.5033213],[77.1291597,28.5036662],[77.1291888,28.5047872],[77.1293755,28.5047714],[77.1293109,28.5053044],[77.1293116,28.5057694],[77.1295423,28.5064021],[77.1295948,28.5065899],[77.1296969,28.5067618],[77.1298114,28.5067421],[77.1310444,28.5062771],[77.1321163,28.5060444],[77.1323278,28.5060082],[77.1329407,28.5058359],[77.1336299,28.505701],[77.1338824,28.5056254],[77.1346939,28.5051208],[77.1355364,28.504718],[77.1358387,28.5046297],[77.1361897,28.5046152],[77.1365386,28.5044904],[77.1371467,28.5041585],[77.1375962,28.5038321],[77.1380198,28.5033957],[77.1384174,28.5030386],[77.1389096,28.5025639],[77.1392625,28.5021843],[77.1401632,28.5012738],[77.1403791,28.501096],[77.1409504,28.5006676],[77.1414106,28.5002847],[77.1416322,28.5000621],[77.1423404,28.4992789],[77.1427813,28.4988921],[77.1429337,28.4986268],[77.1432092,28.4982973],[77.1433251,28.4981222],[77.1433134,28.4978035],[77.1437846,28.4975079],[77.1441761,28.4977832],[77.1446383,28.4981391],[77.1446746,28.4986651],[77.1456608,28.4986932],[77.1457186,28.4986245],[77.1458507,28.4982429],[77.1458148,28.4973375],[77.1458212,28.4969422],[77.1457879,28.4954163],[77.1457842,28.4947983],[77.1465626,28.4947869],[77.1475564,28.4947826],[77.1478912,28.4947505],[77.1478469,28.4940117],[77.1478807,28.4931985],[77.1478955,28.4931536],[77.1490481,28.4936509],[77.1506037,28.4943469],[77.1512292,28.4946154],[77.1518684,28.4949213],[77.1525949,28.4953068],[77.153429,28.4956767],[77.1552315,28.4964443],[77.1568119,28.4971332],[77.1574328,28.4974216],[77.1583781,28.4978746],[77.1590314,28.4981484],[77.1600995,28.4985686],[77.1610536,28.4989588],[77.1615626,28.4991565],[77.1630488,28.4997626],[77.164332,28.5003581],[77.1662729,28.5012985],[77.1665681,28.5014461],[77.1670461,28.5016471],[77.1684498,28.5021815],[77.1697911,28.5028097],[77.1707619,28.5031752],[77.1714815,28.5034598],[77.1724707,28.5039182],[77.1729397,28.5041526],[77.1732303,28.5043535],[77.1744895,28.5055664],[77.1747265,28.5057597],[77.1750373,28.50607],[77.1758523,28.5068373],[77.1762634,28.5071023],[77.1768534,28.5076196],[77.1770459,28.5078317],[77.1765003,28.5078526],[77.1751804,28.5080318],[77.1747646,28.508112],[77.174551,28.5081844],[77.1743641,28.5082912],[77.1737537,28.5088367],[77.1732159,28.5091114],[77.1727314,28.5093365],[77.1718845,28.5096531],[77.1712322,28.5099659],[77.1708451,28.5101346],[77.1702842,28.5103298],[77.1695582,28.5104049],[77.1682692,28.5105821],[77.1678658,28.5107081],[77.1671919,28.5110733],[77.1668847,28.5113379],[77.1665624,28.51178],[77.1654024,28.5132453],[77.1649135,28.513817],[77.164471,28.5142683],[77.1638835,28.5148217],[77.1631703,28.5154164],[77.1621577,28.5161813],[77.1613174,28.5168422],[77.1607882,28.5172375],[77.1602531,28.5176752],[77.16004,28.5179657],[77.1598048,28.5183778],[77.1601847,28.5186115],[77.1613472,28.5192458],[77.1633186,28.5203634],[77.1638555,28.5206566],[77.1641093,28.5207495],[77.1643167,28.5207886],[77.1653399,28.5208806],[77.1658127,28.5209918],[77.1664478,28.521273],[77.1671945,28.5215882],[77.1675095,28.5217384],[77.1678952,28.5220116],[77.1680568,28.5222075],[77.1681886,28.5225065],[77.1684069,28.5230869],[77.168931,28.5245506],[77.1690502,28.5249043],[77.1689739,28.524931],[77.1672535,28.525835],[77.1663609,28.5263195],[77.1655894,28.5267752],[77.1653637,28.5269405],[77.1648252,28.527225],[77.1631336,28.5282307],[77.1612107,28.529338],[77.1588409,28.5308439],[77.1575333,28.5315451],[77.155921,28.532423],[77.1559354,28.5324658],[77.1548399,28.5330943],[77.1538196,28.5337074],[77.152385,28.5345297],[77.1528714,28.5351788],[77.1536383,28.5362262],[77.1538292,28.5364668],[77.154634,28.5375562],[77.1546636,28.5376149],[77.1552297,28.5383568],[77.1544615,28.538824],[77.1534889,28.5393964],[77.1533795,28.539483],[77.1527463,28.5403337],[77.1524773,28.5407843],[77.1518971,28.5414305],[77.1516538,28.5416258],[77.1513177,28.541829],[77.1508222,28.5419155],[77.1501668,28.541908],[77.1498016,28.5418855],[77.1504498,28.5429492],[77.1502753,28.5432463],[77.1506532,28.5440742],[77.1496655,28.5446785],[77.1478742,28.5457037],[77.1477814,28.5457378],[77.1479893,28.5462284],[77.1480377,28.546404],[77.1454184,28.5463916],[77.1456059,28.5442578],[77.145572,28.5406682],[77.1462116,28.5403233],[77.1465924,28.5401053],[77.1456842,28.5388663],[77.14542,28.538524],[77.1468957,28.5376937],[77.1486125,28.5367072],[77.1480007,28.5358982],[77.1474285,28.535162],[77.1461277,28.5333767],[77.1457844,28.5329304],[77.1451044,28.5320923],[77.145906,28.5315578],[77.1470268,28.530686],[77.1484975,28.5295492],[77.1491932,28.5304906],[77.1498155,28.5313738],[77.1503,28.5309852],[77.1503692,28.5309698],[77.1515596,28.5310375],[77.1521552,28.531083],[77.1526974,28.531106],[77.1531199,28.5311432],[77.1531402,28.5306141],[77.1531789,28.530209],[77.1534019,28.5302396],[77.1534275,28.5299041],[77.153497,28.528663],[77.1524979,28.5285854],[77.1509292,28.5284906],[77.1505062,28.5284571],[77.1503074,28.5282365],[77.1495943,28.5286395],[77.1491562,28.5281311],[77.1486525,28.5276182],[77.1485117,28.5277625],[77.1477987,28.5281496],[77.1477001,28.5282182],[77.1468225,28.5270695],[77.1465897,28.5267867],[77.1464965,28.52659],[77.1463722,28.5261228],[77.146138,28.5251758],[77.1460728,28.5249565],[77.1447036,28.5252181],[77.144876,28.5258294],[77.1451029,28.5268342],[77.1447986,28.5269557],[77.145158,28.5277935],[77.1455284,28.5283414],[77.1468037,28.5276474],[77.1468712,28.5276536],[77.1473907,28.5283389],[77.147435,28.5283764],[77.1479756,28.5290715],[77.148184,28.5292563],[77.1477391,28.5295937],[77.1468747,28.530429],[77.1456453,28.5313781],[77.1448225,28.531856],[77.1435051,28.5327539],[77.1433573,28.5324586],[77.1432365,28.5301849],[77.1445888,28.5300385],[77.1448566,28.5297987],[77.1444061,28.5291985],[77.144272,28.5289486],[77.1442318,28.5285091],[77.1440907,28.5280094],[77.1437435,28.5272808],[77.1431942,28.526453],[77.1430454,28.5261631],[77.142725,28.5253162],[77.1424084,28.524271],[77.1423299,28.5238138],[77.1416607,28.5238284],[77.1404858,28.5238288],[77.1399471,28.5238389],[77.1386279,28.5238475],[77.1380488,28.5238604],[77.136884,28.5238702],[77.1365534,28.5238817],[77.1356467,28.5238824],[77.1351767,28.5239422],[77.1349048,28.5240344],[77.1346534,28.5240861],[77.1344427,28.5235657],[77.1343138,28.5230344],[77.1342364,28.5226166],[77.1342004,28.5222376],[77.1342496,28.5220649],[77.1333327,28.5223275],[77.1327934,28.5225473],[77.1327,28.5226914],[77.1325265,28.5231771],[77.1325324,28.5238497],[77.1324794,28.5240321],[77.1323273,28.5241918],[77.1321852,28.5242575],[77.1318272,28.5242491],[77.1315724,28.5241656],[77.1314679,28.5240624],[77.1312181,28.5239126],[77.1308201,28.5236052],[77.1307374,28.5234988],[77.1305501,28.523458],[77.1303677,28.5236629],[77.13017,28.5235714],[77.1300807,28.5233835],[77.1298365,28.5234297],[77.1294209,28.523603],[77.1289083,28.5235988],[77.1287429,28.5236755],[77.1285485,28.5236729],[77.1280579,28.5236034],[77.1277753,28.5237083],[77.1275523,28.5237173],[77.1271721,28.5238048],[77.1267011,28.5239403],[77.1259425,28.5240661],[77.1251445,28.5241584],[77.1247073,28.5241449],[77.1246213,28.5241192],[77.124366,28.5239313],[77.1238265,28.5234042],[77.1234953,28.5231534],[77.1230462,28.5230492],[77.1228106,28.5231678],[77.12284,28.5233149],[77.1229429,28.5235],[77.1223988,28.5238185],[77.1218787,28.5239356],[77.1214684,28.5241023],[77.1212113,28.5239825],[77.1207225,28.5242476],[77.1205692,28.5244824],[77.1201576,28.5249623],[77.1201269,28.5261871],[77.1183206,28.5261604],[77.117741,28.526158],[77.11777,28.5272434],[77.1177476,28.527542],[77.1175401,28.5278888],[77.1171488,28.5284403],[77.1163575,28.5292102],[77.1159036,28.5294973],[77.1156187,28.529624],[77.1146004,28.5299021],[77.1139259,28.5297031],[77.1138996,28.5297638],[77.1139405,28.5305753],[77.1143554,28.531054],[77.1137638,28.5310622],[77.113322,28.5310452],[77.1127302,28.5310455],[77.1122769,28.5307839],[77.112197,28.5307931],[77.1116562,28.531295],[77.1115668,28.5313178],[77.1112894,28.5310944],[77.1107578,28.5310733],[77.1105445,28.5310234],[77.1099601,28.5313299],[77.1099733,28.5326854],[77.1099587,28.5328356],[77.1093858,28.533348],[77.1091597,28.5336115],[77.1091243,28.5338045],[77.1091472,28.5339827],[77.1091284,28.5343061],[77.1085911,28.534029],[77.1070499,28.5332737],[77.1061844,28.5328098],[77.1055813,28.5323696],[77.1050854,28.5318623],[77.1040974,28.5304356],[77.1020908,28.5274448],[77.1010189,28.5258808],[77.0990222,28.522924],[77.0982298,28.521744],[77.0975556,28.5207401],[77.0970249,28.5200138],[77.0961146,28.518642],[77.0934052,28.5144656],[77.0932104,28.5141581]]]},"properties":{"fill-opacity":0,"stroke-opacity":1,"stroke":"#ff0000","WNo_SEC":156,"AC_No":45,"AC_No_1":45,"AC_Name":"MEHRAULI","Ward_No":156,"WardName":"VASANT KUNJ","TotalPop":57080,"SC_Pop":5467,"NW2022":"156, VASANT KUNJ"},"id":189},
{"type":"Feature","geometry":{"type":"Polygon","coordinates":[[[77.2379586,28.5173381],[77.2383445,28.5170171],[77.2384739,28.5169048],[77.239157,28.5163846],[77.239519,28.5163385],[77.2414009,28.5163432],[77.2424437,28.516313],[77.2424838,28.5163221],[77.2424763,28.5157597],[77.2437366,28.5161792],[77.2445026,28.5166728],[77.2450093,28.5169774],[77.2449831,28.5174611],[77.245029,28.5176582],[77.2451587,28.517877],[77.2456094,28.5182424],[77.2457624,28.5183319],[77.2460109,28.5182541],[77.2461522,28.518284],[77.2463105,28.518378],[77.246635,28.5189342],[77.2466954,28.5190805],[77.2468481,28.5191402],[77.2470588,28.5190941],[77.247628,28.5191223],[77.2480629,28.5192094],[77.2481405,28.5192762],[77.2483377,28.5195531],[77.2490515,28.519823],[77.2495442,28.5198772],[77.249778,28.519935],[77.2500328,28.5201449],[77.2502397,28.5202355],[77.2501148,28.520431],[77.2500175,28.520456],[77.2501084,28.520631],[77.2504272,28.5209696],[77.25118,28.52159],[77.251766,28.5220114],[77.2515924,28.5221052],[77.2510147,28.5223605],[77.250709,28.5225236],[77.2503179,28.5227925],[77.2495061,28.5233141],[77.249294,28.5235096],[77.2489613,28.5239915],[77.2485702,28.5243175],[77.2482429,28.524646],[77.2480405,28.5248811],[77.2476086,28.5252648],[77.2472337,28.5254097],[77.2468942,28.525473],[77.2466594,28.5255443],[77.246337,28.5257918],[77.2462335,28.5259104],[77.2460452,28.5262486],[77.2460523,28.5265795],[77.245947,28.5266628],[77.245557,28.5268489],[77.2454309,28.5267482],[77.2450238,28.5266743],[77.244837,28.5266906],[77.2443916,28.5267826],[77.2439518,28.5266648],[77.2437138,28.5268336],[77.2432917,28.5272131],[77.2431794,28.5273619],[77.2428652,28.5280324],[77.2427052,28.5281628],[77.2422413,28.5283457],[77.2419842,28.5286164],[77.2418139,28.5288321],[77.2415904,28.5289933],[77.2413799,28.5290994],[77.2411886,28.5291262],[77.2407281,28.5290293],[77.240424,28.5290393],[77.2399315,28.5291438],[77.2388682,28.5294015],[77.2387657,28.5294598],[77.2386913,28.5296295],[77.2387287,28.5299148],[77.2385187,28.5302213],[77.2382026,28.5304844],[77.2377016,28.5307202],[77.2373522,28.5309132],[77.2369346,28.5311122],[77.2366652,28.5312857],[77.2361582,28.5317401],[77.2360195,28.5319644],[77.2358006,28.5322357],[77.2352675,28.5327411],[77.2348477,28.5330041],[77.2320233,28.5330644],[77.23199,28.53248],[77.23195,28.53113],[77.23193,28.53023],[77.2319,28.52945],[77.2318632,28.5289453],[77.2315331,28.5279387],[77.2313996,28.5275698],[77.2308198,28.5261833],[77.2306281,28.5257625],[77.2298866,28.5240124],[77.2299976,28.5239639],[77.2314088,28.5234386],[77.2321335,28.5231824],[77.2324144,28.5231386],[77.2331002,28.523123],[77.2358405,28.5230097],[77.2360345,28.5230613],[77.2372298,28.5239029],[77.2375915,28.5241284],[77.2378361,28.5238444],[77.23887,28.5226916],[77.2396256,28.5218875],[77.2402404,28.5212053],[77.2405145,28.5209161],[77.2405726,28.5207446],[77.2405784,28.5203639],[77.2405555,28.5201956],[77.2404541,28.519885],[77.2403791,28.5197624],[77.2401424,28.5194969],[77.2395846,28.5189829],[77.2401627,28.5184974],[77.2405535,28.5181861],[77.2409868,28.5178663],[77.2404647,28.5172565],[77.2401726,28.5169675],[77.240074,28.5169401],[77.2396479,28.517296],[77.2392351,28.5176157],[77.2386986,28.5180882],[77.2379586,28.5173381]]]},"properties":{"fill-opacity":0,"stroke-opacity":1,"stroke":"#ff0000","WNo_SEC":164,"AC_No":47,"AC_No_1":47,"AC_Name":"DEOLI","Ward_No":164,"WardName":"DAKSHIN PURI","TotalPop":72967,"SC_Pop":25724,"NW2022":"164, DAKSHIN PURI"},"id":190},
{"type":"Feature","geometry":{"type":"Polygon","coordinates":[[[77.2353655,28.5071964],[77.2357173,28.5070973],[77.2369807,28.5069244],[77.2368603,28.506361],[77.2368336,28.5060863],[77.2368606,28.5055371],[77.2375335,28.5055931],[77.2377638,28.5055609],[77.2382158,28.5054628],[77.238278,28.5052804],[77.2378751,28.5050739],[77.2375631,28.5049399],[77.2369334,28.5047458],[77.2361257,28.504567],[77.2357616,28.5039196],[77.2355213,28.5034428],[77.2353058,28.5029697],[77.2351823,28.5027583],[77.2349406,28.5022635],[77.2355274,28.5022377],[77.2369681,28.502201],[77.2387766,28.5021892],[77.2396834,28.50217],[77.2400458,28.5021495],[77.2412297,28.5021069],[77.2420098,28.502101],[77.2426573,28.5021091],[77.2426319,28.5025845],[77.2426643,28.5032185],[77.2423813,28.5040483],[77.2422328,28.504665],[77.242121,28.5055647],[77.2419637,28.5064208],[77.2419491,28.5067005],[77.2420423,28.5071702],[77.2421415,28.5074199],[77.2423166,28.5080053],[77.242535,28.5086849],[77.2429962,28.5097173],[77.2432093,28.5104371],[77.2433491,28.5108356],[77.2435194,28.5112445],[77.24366,28.5114945],[77.243833,28.5118731],[77.2439389,28.5121762],[77.2439411,28.5121975],[77.242375,28.5122684],[77.2424259,28.5132465],[77.2424325,28.5141533],[77.2424622,28.5149168],[77.2424763,28.5157597],[77.2424838,28.5163221],[77.2424437,28.516313],[77.2414009,28.5163432],[77.239519,28.5163385],[77.239157,28.5163846],[77.2384739,28.5169048],[77.2383445,28.5170171],[77.2378393,28.5165195],[77.2381795,28.5162762],[77.2381759,28.5145023],[77.2382872,28.5145005],[77.2382779,28.5133721],[77.2382388,28.5129668],[77.2376767,28.5130735],[77.2369797,28.5132435],[77.2364941,28.5133852],[77.2351044,28.5137044],[77.2349681,28.5132217],[77.2345758,28.513311],[77.2344644,28.5132289],[77.234248,28.5124601],[77.2344124,28.5123667],[77.2347528,28.5122958],[77.2347224,28.5118934],[77.2348393,28.5116307],[77.2354375,28.5115247],[77.2353282,28.5110066],[77.235252,28.5107383],[77.2351314,28.5107579],[77.2348,28.50974],[77.2347505,28.5094323],[77.234678,28.5092578],[77.2343247,28.5091445],[77.234187,28.509128],[77.2338995,28.5087284],[77.2337746,28.50846],[77.2337287,28.5081516],[77.2335577,28.5081583],[77.2335444,28.5077924],[77.2342057,28.5077758],[77.2341779,28.5074007],[77.2346748,28.5073895],[77.2349163,28.5073663],[77.2353655,28.5071964]]]},"properties":{"fill-opacity":0,"stroke-opacity":1,"stroke":"#ff0000","WNo_SEC":162,"AC_No":47,"AC_No_1":47,"AC_Name":"DEOLI","Ward_No":162,"WardName":"TIGRI","TotalPop":70576,"SC_Pop":24661,"NW2022":"162, TIGRI"},"id":191},
{"type":"Feature","geometry":{"type":"Polygon","coordinates":[[[77.2381949,28.4884447],[77.2386641,28.489536],[77.2389139,28.4899309],[77.2391539,28.4902366],[77.2394244,28.4905073],[77.2392041,28.4907655],[77.2390164,28.4913141],[77.2394322,28.4913939],[77.2393001,28.4919473],[77.2392472,28.4922705],[77.2392906,28.4925548],[77.2392599,28.4929007],[77.2398345,28.4929354],[77.2410569,28.4930584],[77.241251,28.4934177],[77.2413444,28.4938746],[77.2413941,28.4939336],[77.2413631,28.4942923],[77.2413532,28.4948897],[77.2414414,28.4953981],[77.2414707,28.4956841],[77.2414225,28.4959416],[77.2414341,28.4961681],[77.2415861,28.496496],[77.2416363,28.4966831],[77.2417088,28.4966564],[77.2426483,28.4966374],[77.2426548,28.4969082],[77.2437149,28.496863],[77.243711,28.4977093],[77.2437277,28.4986116],[77.243327,28.4986331],[77.2423354,28.4986415],[77.2423387,28.4988332],[77.2413162,28.498835],[77.2403851,28.4988022],[77.2397959,28.4987698],[77.239559,28.4987881],[77.2395803,28.4986445],[77.2395188,28.4984478],[77.2391039,28.4987931],[77.238807,28.4989805],[77.238617,28.4986213],[77.2385792,28.4984196],[77.2379809,28.4984297],[77.2378195,28.4985536],[77.2377161,28.4985554],[77.2366708,28.4988334],[77.2360654,28.4989762],[77.2340018,28.4995345],[77.2336411,28.4996189],[77.2334347,28.4991627],[77.2329159,28.4991474],[77.232729,28.4991245],[77.2319965,28.4991207],[77.2317715,28.4991016],[77.2312412,28.4991093],[77.2299061,28.4991016],[77.2294827,28.4990902],[77.2287468,28.4990899],[77.2287381,28.4988625],[77.2287603,28.4981667],[77.2288331,28.4976462],[77.2290108,28.4961445],[77.2291399,28.4952145],[77.2292592,28.4941499],[77.2292693,28.4937898],[77.2296,28.4937792],[77.2296496,28.4936533],[77.2304001,28.4935967],[77.2303384,28.4910377],[77.230298,28.4906807],[77.2294709,28.4906922],[77.2294656,28.4902945],[77.2294848,28.489739],[77.2293245,28.4897396],[77.2293196,28.48954],[77.2291827,28.4879859],[77.2297597,28.4878613],[77.2301544,28.4877395],[77.2299483,28.487543],[77.2294342,28.4872596],[77.2297265,28.4873404],[77.2299505,28.4872223],[77.2301838,28.4867754],[77.230554,28.4866836],[77.231082,28.4864033],[77.2314941,28.4859963],[77.2318771,28.4857471],[77.2322964,28.485683],[77.2326522,28.4856772],[77.2328489,28.4858026],[77.2329188,28.4860444],[77.2331326,28.4862124],[77.233425,28.4870366],[77.2333175,28.48731],[77.2373302,28.4881016],[77.2376687,28.4880389],[77.2380925,28.4881891],[77.2381949,28.4884447]]]},"properties":{"fill-opacity":0,"stroke-opacity":1,"stroke":"#ff0000","WNo_SEC":163,"AC_No":47,"AC_No_1":47,"AC_Name":"DEOLI","Ward_No":163,"WardName":"SANGAM VIHAR-A","TotalPop":75114,"SC_Pop":11363,"NW2022":"163, SANGAM VIHAR-A"},"id":192},
{"type":"Feature","geometry":{"type":"Polygon","coordinates":[[[77.2294342,28.4872596],[77.2299483,28.487543],[77.2301544,28.4877395],[77.2297597,28.4878613],[77.2291827,28.4879859],[77.2293196,28.48954],[77.2293245,28.4897396],[77.2294848,28.489739],[77.2294656,28.4902945],[77.2294709,28.4906922],[77.230298,28.4906807],[77.2303384,28.4910377],[77.2304001,28.4935967],[77.2296496,28.4936533],[77.2296,28.4937792],[77.2292693,28.4937898],[77.2292592,28.4941499],[77.2291399,28.4952145],[77.2290108,28.4961445],[77.2288331,28.4976462],[77.2287603,28.4981667],[77.2287381,28.4988625],[77.2287468,28.4990899],[77.2294827,28.4990902],[77.2299061,28.4991016],[77.2312412,28.4991093],[77.2317715,28.4991016],[77.2319965,28.4991207],[77.232729,28.4991245],[77.2329159,28.4991474],[77.2334347,28.4991627],[77.2336411,28.4996189],[77.2340018,28.4995345],[77.2360654,28.4989762],[77.2366708,28.4988334],[77.2377161,28.4985554],[77.2378195,28.4985536],[77.2379809,28.4984297],[77.2385792,28.4984196],[77.238617,28.4986213],[77.238807,28.4989805],[77.2391039,28.4987931],[77.2395188,28.4984478],[77.2395803,28.4986445],[77.239559,28.4987881],[77.2397959,28.4987698],[77.2403851,28.4988022],[77.2413162,28.498835],[77.2423387,28.4988332],[77.2423354,28.4986415],[77.243327,28.4986331],[77.2437277,28.4986116],[77.2436972,28.4990579],[77.2435876,28.4994994],[77.2435085,28.4997017],[77.2435037,28.5000411],[77.243472,28.5004835],[77.2430853,28.5004752],[77.2429748,28.5008873],[77.2427931,28.5016857],[77.2427311,28.5021085],[77.2426573,28.5021091],[77.2420098,28.502101],[77.2412297,28.5021069],[77.2400458,28.5021495],[77.2396834,28.50217],[77.2387766,28.5021892],[77.2369681,28.502201],[77.2355274,28.5022377],[77.2349406,28.5022635],[77.2351823,28.5027583],[77.2353058,28.5029697],[77.2355213,28.5034428],[77.2357616,28.5039196],[77.2361257,28.504567],[77.2369334,28.5047458],[77.2375631,28.5049399],[77.2378751,28.5050739],[77.238278,28.5052804],[77.2382158,28.5054628],[77.2377638,28.5055609],[77.2375335,28.5055931],[77.2368606,28.5055371],[77.2368336,28.5060863],[77.2368603,28.506361],[77.2369807,28.5069244],[77.2357173,28.5070973],[77.2353655,28.5071964],[77.2352759,28.5067232],[77.2353295,28.5067101],[77.235178,28.506054],[77.2340815,28.5061169],[77.2324662,28.5061454],[77.2319788,28.5061602],[77.231923,28.5056214],[77.2317764,28.5043525],[77.2313972,28.5044707],[77.2311891,28.5044525],[77.2308321,28.5043522],[77.2306347,28.5043669],[77.2304757,28.5043011],[77.2301631,28.5042394],[77.229625,28.5041034],[77.2290415,28.5040672],[77.2290555,28.5038973],[77.2285282,28.5038762],[77.2285305,28.5035907],[77.2281057,28.5034912],[77.2281056,28.503436],[77.2275347,28.5032072],[77.2273538,28.5031538],[77.2268232,28.5029389],[77.2262262,28.5028533],[77.2261888,28.5023318],[77.2257073,28.5024688],[77.2256348,28.5024521],[77.225381,28.5021062],[77.2251297,28.5018938],[77.225105,28.5018316],[77.2247168,28.5019036],[77.2240613,28.5020559],[77.2237023,28.5021084],[77.2232644,28.5021231],[77.2225605,28.5021218],[77.2224893,28.5026103],[77.2222748,28.5031721],[77.2220857,28.5034213],[77.2218058,28.5039291],[77.221555,28.5044266],[77.2214675,28.5045657],[77.2211982,28.5045632],[77.2198439,28.5045812],[77.2196245,28.504604],[77.219686,28.5051736],[77.2197301,28.506199],[77.2197101,28.5062177],[77.2190481,28.5062238],[77.2190541,28.5065829],[77.2190551,28.5080282],[77.2184106,28.5080262],[77.217783,28.5082886],[77.217365,28.5085003],[77.216942,28.5086172],[77.216181,28.5087992],[77.2161625,28.5087553],[77.215499,28.5088892],[77.214296,28.5091509],[77.214305,28.5091069],[77.2142381,28.5082204],[77.2142294,28.5078063],[77.214163,28.5063803],[77.2141673,28.5063129],[77.2141486,28.5051764],[77.2162002,28.505144],[77.2162088,28.5040414],[77.2175677,28.5040517],[77.2173978,28.5029799],[77.2185354,28.5029844],[77.2184651,28.5018925],[77.2192545,28.5018657],[77.2192369,28.5012752],[77.219906,28.5012922],[77.2199214,28.5005197],[77.2209172,28.5005453],[77.2209405,28.5004007],[77.2215829,28.5003949],[77.2215779,28.4995495],[77.2211211,28.4994976],[77.220806,28.4993118],[77.2202625,28.4989033],[77.2202053,28.4989796],[77.2200642,28.4989147],[77.2196407,28.498888],[77.2187824,28.4989452],[77.2176952,28.4989758],[77.2162495,28.4989605],[77.2146587,28.4989109],[77.2143269,28.4988918],[77.2137737,28.4987926],[77.2134113,28.4987621],[77.2133579,28.4981403],[77.2122805,28.4981716],[77.2114452,28.4981585],[77.2111198,28.4981384],[77.2108347,28.4977494],[77.2109173,28.4972805],[77.2107835,28.4970905],[77.2105596,28.4965684],[77.2103641,28.4962384],[77.210208,28.4960197],[77.2100211,28.4954048],[77.2098879,28.4947547],[77.2102875,28.494606],[77.2103915,28.4947409],[77.2108135,28.4946191],[77.2111905,28.4943752],[77.2112868,28.4942269],[77.2117631,28.4940336],[77.2120418,28.4937824],[77.21221,28.4935544],[77.2125691,28.4933177],[77.2130894,28.4928267],[77.2137796,28.4921407],[77.2143055,28.4915846],[77.2151349,28.4910618],[77.2158166,28.4905581],[77.2160945,28.4900051],[77.2161079,28.4899205],[77.216446,28.4894581],[77.217038,28.4888243],[77.2171609,28.4886287],[77.2173827,28.4885469],[77.2175047,28.4883589],[77.2175209,28.4882104],[77.218326,28.4880544],[77.220147,28.4882144],[77.2209558,28.488172],[77.2217438,28.4879255],[77.2217828,28.4877789],[77.2182256,28.4849495],[77.2181998,28.484572],[77.2182319,28.4844014],[77.2181859,28.4841187],[77.2181094,28.4840535],[77.2175064,28.4842272],[77.2172566,28.4842667],[77.2166701,28.4842674],[77.2163773,28.4841703],[77.2158383,28.4840463],[77.2154317,28.4840175],[77.2152376,28.4838435],[77.2151437,28.4836678],[77.2151247,28.4834821],[77.2151821,28.4833483],[77.2151775,28.4831269],[77.2150992,28.4824993],[77.215057,28.4823981],[77.2150786,28.4822339],[77.214648,28.482015],[77.2144955,28.4819156],[77.2142795,28.4816583],[77.2141706,28.481478],[77.2131439,28.481043],[77.2128982,28.4807989],[77.2126307,28.4807103],[77.2120222,28.4811011],[77.2112773,28.4816757],[77.2109999,28.4811133],[77.2100954,28.4805301],[77.2095788,28.4807555],[77.2093243,28.48033],[77.2092386,28.4800657],[77.2091232,28.4798195],[77.2086976,28.4791222],[77.2084136,28.4787193],[77.2083471,28.4786584],[77.2073335,28.4788476],[77.2072144,28.4777997],[77.2076379,28.4775221],[77.2081907,28.4779755],[77.2085919,28.4780652],[77.2089407,28.4779634],[77.2093121,28.4777863],[77.2096851,28.477684],[77.209966,28.4778077],[77.210248,28.4779849],[77.2104868,28.4778313],[77.2109545,28.4782086],[77.2111133,28.4782809],[77.2116475,28.4783684],[77.2123204,28.4781436],[77.2125601,28.4780328],[77.2127893,28.477997],[77.2132267,28.4780861],[77.2134846,28.4782636],[77.2140405,28.4782332],[77.2144661,28.4783332],[77.214745,28.4783607],[77.2152643,28.4777321],[77.2159393,28.4764489],[77.2163793,28.4755008],[77.21691,28.4754173],[77.2176944,28.475319],[77.2192125,28.4732736],[77.2261007,28.4754371],[77.2278054,28.4759799],[77.2251792,28.4826551],[77.2250585,28.4838435],[77.2275467,28.4852321],[77.2280208,28.4854673],[77.2284368,28.4860179],[77.2287717,28.4865556],[77.2290892,28.4870364],[77.2294342,28.4872596]]]},"properties":{"fill-opacity":0,"stroke-opacity":1,"stroke":"#ff0000","WNo_SEC":161,"AC_No":47,"AC_No_1":47,"AC_Name":"DEOLI","Ward_No":161,"WardName":"DEOLI","TotalPop":69916,"SC_Pop":12113,"NW2022":"161, DEOLI"},"id":193},
{"type":"Feature","geometry":{"type":"Polygon","coordinates":[[[77.2751216,28.5060959],[77.27413,28.50643],[77.27278,28.50696],[77.27183,28.50734],[77.27093,28.50769],[77.27049,28.50776],[77.26974,28.50779],[77.2675089,28.5084279],[77.2670907,28.5085888],[77.2667869,28.5086729],[77.2659667,28.5088671],[77.2646476,28.5092218],[77.2643634,28.5093408],[77.26407,28.5095],[77.26356,28.50982],[77.26257,28.51052],[77.26201,28.51087],[77.2617404,28.511009],[77.2610507,28.5114899],[77.2608499,28.5116041],[77.2602357,28.511867],[77.25967,28.5120373],[77.2594208,28.5120834],[77.2591274,28.5120733],[77.2589282,28.5122084],[77.2583646,28.5125225],[77.2576254,28.5128506],[77.2555234,28.5141718],[77.2545994,28.5146662],[77.2549036,28.5151982],[77.2551535,28.515591],[77.2558207,28.5166068],[77.2565359,28.5173233],[77.2568193,28.5175266],[77.2574537,28.5179085],[77.2577863,28.5183705],[77.2580356,28.5186892],[77.2585386,28.5192166],[77.2592634,28.5198716],[77.2600972,28.5206424],[77.2611881,28.5213854],[77.2619525,28.5218121],[77.2622773,28.5219488],[77.2624186,28.5216823],[77.2626554,28.5215088],[77.2628829,28.5214024],[77.2632172,28.521361],[77.2636242,28.5213365],[77.2636798,28.5213795],[77.2638621,28.5216892],[77.2644366,28.5215078],[77.2649934,28.5230575],[77.26455,28.5233],[77.26401,28.52451],[77.2639172,28.5247527],[77.2636333,28.5252084],[77.2633814,28.5251437],[77.2630867,28.5251624],[77.2619788,28.525336],[77.2606045,28.5255705],[77.2607274,28.5263791],[77.2607827,28.5264273],[77.2608161,28.5266469],[77.2610014,28.5269072],[77.2611672,28.5272254],[77.2608926,28.5272307],[77.2595329,28.5272199],[77.2594927,28.5272994],[77.2595023,28.5279513],[77.259083,28.5279285],[77.2587311,28.5279376],[77.2587014,28.528113],[77.2585899,28.5282294],[77.2582021,28.5283229],[77.2582442,28.5284662],[77.2578835,28.528612],[77.2578427,28.5285775],[77.2575713,28.5279259],[77.2568871,28.5262005],[77.2564977,28.5251768],[77.2563076,28.5246285],[77.2559251,28.5236249],[77.2551062,28.523837],[77.2550324,28.5238781],[77.2544034,28.5244951],[77.2530103,28.5234178],[77.2533455,28.5231006],[77.2526423,28.5225466],[77.2525826,28.5226082],[77.251766,28.5220114],[77.25118,28.52159],[77.2504272,28.5209696],[77.2501084,28.520631],[77.2500175,28.520456],[77.2501148,28.520431],[77.2502397,28.5202355],[77.2500328,28.5201449],[77.249778,28.519935],[77.2495442,28.5198772],[77.2490515,28.519823],[77.2483377,28.5195531],[77.2481405,28.5192762],[77.2480629,28.5192094],[77.247628,28.5191223],[77.2470588,28.5190941],[77.2468481,28.5191402],[77.2466954,28.5190805],[77.246635,28.5189342],[77.2463105,28.518378],[77.2461522,28.518284],[77.2460109,28.5182541],[77.2457624,28.5183319],[77.2456094,28.5182424],[77.2451587,28.517877],[77.245029,28.5176582],[77.2449831,28.5174611],[77.2450093,28.5169774],[77.2445026,28.5166728],[77.2437366,28.5161792],[77.2424763,28.5157597],[77.2424622,28.5149168],[77.2424325,28.5141533],[77.2424259,28.5132465],[77.242375,28.5122684],[77.2439411,28.5121975],[77.2439389,28.5121762],[77.244966,28.512109],[77.2456725,28.5120888],[77.246172,28.5120373],[77.2467889,28.5120026],[77.2482241,28.511936],[77.2487335,28.5119208],[77.2493361,28.5119199],[77.2493264,28.5110267],[77.249363,28.5102608],[77.2494104,28.5096169],[77.2495098,28.5089655],[77.2495229,28.5084742],[77.2495643,28.5078377],[77.2495605,28.5076571],[77.2495039,28.5071326],[77.2492595,28.505435],[77.2491426,28.5050795],[77.2487282,28.504026],[77.2496557,28.503759],[77.249786,28.5037329],[77.2501166,28.5046658],[77.2502194,28.5050303],[77.2502934,28.5050134],[77.2504939,28.5054546],[77.2514391,28.5052645],[77.2515575,28.5054426],[77.2520628,28.5052373],[77.2518095,28.5047069],[77.2517736,28.5045161],[77.2516347,28.5045469],[77.2513733,28.5039086],[77.2508795,28.5040811],[77.2505638,28.5034212],[77.2519962,28.502788],[77.252753,28.5024199],[77.2535007,28.5019952],[77.254019,28.5017592],[77.2544021,28.5015422],[77.2549659,28.5012676],[77.2552632,28.5011038],[77.2556096,28.5017671],[77.2557416,28.5018679],[77.2568862,28.502031],[77.2571784,28.5021024],[77.2572617,28.50223],[77.2571595,28.5029311],[77.2569362,28.503586],[77.2569695,28.5041543],[77.2570565,28.5042577],[77.2572541,28.504187],[77.2574541,28.5040303],[77.2576918,28.5037893],[77.25791,28.5035052],[77.2583288,28.5039184],[77.2584761,28.5038711],[77.2586577,28.5040439],[77.2582093,28.5043095],[77.2584459,28.5046425],[77.2585848,28.5048012],[77.2590264,28.5048462],[77.2595126,28.5049916],[77.2598786,28.5051706],[77.2601911,28.5053735],[77.2609992,28.505234],[77.2613597,28.5051318],[77.2615574,28.5050485],[77.2625577,28.504335],[77.262954,28.5042163],[77.2634715,28.5042477],[77.2636251,28.5042211],[77.2640567,28.5040538],[77.2646633,28.5040116],[77.2649011,28.5041118],[77.2650689,28.5043252],[77.265342,28.5048012],[77.266446,28.5047027],[77.2671078,28.5042752],[77.2675649,28.5040273],[77.2677812,28.5039676],[77.2677065,28.5038647],[77.2678407,28.5037824],[77.2680064,28.5038998],[77.2684895,28.5040199],[77.2694143,28.5044449],[77.269816,28.5045743],[77.2706425,28.5046406],[77.270646,28.5048027],[77.270851,28.5048068],[77.2708634,28.5050444],[77.2709611,28.5050341],[77.2709989,28.5051956],[77.2711109,28.5051678],[77.2713245,28.5054302],[77.2714334,28.5053721],[77.2716012,28.5056634],[77.2719774,28.5053998],[77.2725075,28.505352],[77.2729497,28.5051998],[77.2731871,28.5050877],[77.2736938,28.5047462],[77.2738446,28.504588],[77.2738063,28.5043984],[77.2741626,28.5041782],[77.2742853,28.5046539],[77.2743705,28.5049182],[77.274464,28.5050847],[77.27449,28.5053286],[77.2746207,28.5054577],[77.2747921,28.5057115],[77.2749794,28.5058977],[77.2751216,28.5060959]]]},"properties":{"fill-opacity":0,"stroke-opacity":1,"stroke":"#ff0000","WNo_SEC":170,"AC_No":49,"AC_No_1":49,"AC_Name":"SANGAM VIHAR","Ward_No":170,"WardName":"TUGHLAKABAD EXTENSION","TotalPop":72486,"SC_Pop":5834,"NW2022":"170, TUGHLAKABAD EXTENSION"},"id":194},
{"type":"Feature","geometry":{"type":"Polygon","coordinates":[[[77.2741626,28.5041782],[77.2738063,28.5043984],[77.2738446,28.504588],[77.2736938,28.5047462],[77.2731871,28.5050877],[77.2729497,28.5051998],[77.2725075,28.505352],[77.2719774,28.5053998],[77.2716012,28.5056634],[77.2714334,28.5053721],[77.2713245,28.5054302],[77.2711109,28.5051678],[77.2709989,28.5051956],[77.2709611,28.5050341],[77.2708634,28.5050444],[77.270851,28.5048068],[77.270646,28.5048027],[77.2706425,28.5046406],[77.269816,28.5045743],[77.2694143,28.5044449],[77.2684895,28.5040199],[77.2680064,28.5038998],[77.2678407,28.5037824],[77.2677065,28.5038647],[77.2677812,28.5039676],[77.2675649,28.5040273],[77.2671078,28.5042752],[77.266446,28.5047027],[77.265342,28.5048012],[77.2650689,28.5043252],[77.2649011,28.5041118],[77.2646633,28.5040116],[77.2640567,28.5040538],[77.2636251,28.5042211],[77.2634715,28.5042477],[77.262954,28.5042163],[77.2625577,28.504335],[77.2615574,28.5050485],[77.2613597,28.5051318],[77.2609992,28.505234],[77.2601911,28.5053735],[77.2598786,28.5051706],[77.2595126,28.5049916],[77.2590264,28.5048462],[77.2585848,28.5048012],[77.2584459,28.5046425],[77.2582093,28.5043095],[77.2586577,28.5040439],[77.2584761,28.5038711],[77.2583288,28.5039184],[77.25791,28.5035052],[77.2576918,28.5037893],[77.2574541,28.5040303],[77.2572541,28.504187],[77.2570565,28.5042577],[77.2569695,28.5041543],[77.2569362,28.503586],[77.2571595,28.5029311],[77.2572617,28.50223],[77.2571784,28.5021024],[77.2568862,28.502031],[77.2557416,28.5018679],[77.2556096,28.5017671],[77.2552632,28.5011038],[77.2549659,28.5012676],[77.2544021,28.5015422],[77.254019,28.5017592],[77.2535007,28.5019952],[77.252753,28.5024199],[77.2519962,28.502788],[77.2505638,28.5034212],[77.2508795,28.5040811],[77.2513733,28.5039086],[77.2516347,28.5045469],[77.2517736,28.5045161],[77.2518095,28.5047069],[77.2520628,28.5052373],[77.2515575,28.5054426],[77.2514391,28.5052645],[77.2504939,28.5054546],[77.2502934,28.5050134],[77.2502194,28.5050303],[77.2501166,28.5046658],[77.249786,28.5037329],[77.2496557,28.503759],[77.2487282,28.504026],[77.2485665,28.5036414],[77.2483195,28.5032049],[77.2481639,28.5029768],[77.2476137,28.502954],[77.2472751,28.5023014],[77.2469692,28.501439],[77.2468094,28.5010934],[77.2463379,28.5002731],[77.2461172,28.4999236],[77.2459848,28.4996638],[77.2463597,28.4994778],[77.2467922,28.4993133],[77.2483595,28.4994866],[77.2487276,28.4995211],[77.2487744,28.4991896],[77.2487248,28.4989949],[77.2486174,28.4990057],[77.247969,28.4989422],[77.2479685,28.4990655],[77.2477748,28.4990421],[77.2477881,28.4988808],[77.2476215,28.4989255],[77.247085,28.4988754],[77.2469509,28.4989561],[77.2467328,28.4989263],[77.2466519,28.498847],[77.2457761,28.4990948],[77.2456775,28.4988326],[77.245476,28.4977389],[77.2453801,28.4972669],[77.2464828,28.4970744],[77.2464366,28.4968924],[77.2468012,28.4968241],[77.2477701,28.4964888],[77.2482952,28.4962839],[77.2487615,28.4960727],[77.2486589,28.4958862],[77.2483929,28.4954818],[77.2495046,28.4950349],[77.2496615,28.4952588],[77.2502904,28.4950153],[77.2512121,28.4946406],[77.2513276,28.4948547],[77.2520637,28.4945398],[77.2514915,28.4939168],[77.2508173,28.4940691],[77.2503699,28.4932408],[77.2501141,28.493356],[77.2491251,28.4938324],[77.2485662,28.4941177],[77.2481261,28.4943577],[77.2474054,28.4946935],[77.2470695,28.4948261],[77.2462928,28.4950919],[77.2454331,28.4953757],[77.2449108,28.4955214],[77.2446365,28.494618],[77.2446044,28.4943203],[77.2444659,28.4935711],[77.2444481,28.4931227],[77.244374,28.4928445],[77.2450343,28.4926152],[77.2453416,28.4924911],[77.2456198,28.492407],[77.2455955,28.4923312],[77.2458856,28.4921893],[77.2465512,28.491793],[77.2478914,28.4911919],[77.2480442,28.4911631],[77.2480856,28.4913006],[77.248708,28.4911474],[77.2490507,28.4910443],[77.2488471,28.4904058],[77.2492017,28.4902977],[77.2497579,28.4901527],[77.2496668,28.4898524],[77.2495344,28.4896943],[77.2489598,28.4895374],[77.2484105,28.4892963],[77.2476445,28.4896105],[77.2481949,28.4887345],[77.2483282,28.4884609],[77.2483544,28.4882015],[77.2482972,28.4878803],[77.2481497,28.4876138],[77.2478642,28.4872093],[77.2475549,28.4870618],[77.2475549,28.4869333],[77.2478667,28.4869416],[77.2480428,28.486894],[77.2484092,28.4864966],[77.2487995,28.4862254],[77.2489065,28.4861016],[77.2492682,28.4855068],[77.2492849,28.4853545],[77.2491802,28.4851332],[77.249154,28.484743],[77.2491826,28.4844241],[77.2493087,28.4839792],[77.2494419,28.4836341],[77.2494477,28.4833193],[77.2495571,28.4832455],[77.2497618,28.4832384],[77.2506279,28.4834216],[77.2509658,28.4833668],[77.2512751,28.4833668],[77.2516201,28.4834882],[77.2517986,28.4834811],[77.2520556,28.4834192],[77.2529003,28.4835072],[77.2531621,28.4833699],[77.2533963,28.4832785],[77.253836,28.4831452],[77.2541786,28.4831053],[77.2543557,28.4830348],[77.2544642,28.4830463],[77.2546351,28.48298],[77.255454,28.483359],[77.2562935,28.4837157],[77.2566198,28.4838673],[77.2573402,28.4840688],[77.2585114,28.4843223],[77.2594335,28.4845116],[77.2604183,28.4848334],[77.2612817,28.4850778],[77.2633661,28.4856021],[77.2638602,28.4856273],[77.2638611,28.485632],[77.2679295,28.4927855],[77.2703746,28.4976733],[77.2701051,28.4983536],[77.2706318,28.4999859],[77.2720493,28.4998367],[77.2725949,28.5003103],[77.2728924,28.5009328],[77.2738484,28.5034669],[77.2740924,28.5038813],[77.2741626,28.5041782]]]},"properties":{"fill-opacity":0,"stroke-opacity":1,"stroke":"#ff0000","WNo_SEC":169,"AC_No":49,"AC_No_1":49,"AC_Name":"SANGAM VIHAR","Ward_No":169,"WardName":"SANGAM VIHAR-B","TotalPop":72010,"SC_Pop":8365,"NW2022":"169, SANGAM VIHAR-B"},"id":195},
{"type":"Feature","geometry":{"type":"Polygon","coordinates":[[[77.245838,28.4787229],[77.246078,28.4789168],[77.2463382,28.4792192],[77.246484,28.4793518],[77.2468547,28.4797737],[77.2470495,28.4798972],[77.2474133,28.4802287],[77.2483161,28.48042],[77.2489523,28.4805261],[77.2493921,28.4807567],[77.2501065,28.4810249],[77.2514499,28.4816789],[77.2517439,28.4818645],[77.2524095,28.4820847],[77.2528682,28.482209],[77.2531066,28.4823305],[77.2536233,28.4826426],[77.2539167,28.4827464],[77.2543882,28.4828672],[77.2546351,28.48298],[77.2544642,28.4830463],[77.2543557,28.4830348],[77.2541786,28.4831053],[77.253836,28.4831452],[77.2533963,28.4832785],[77.2531621,28.4833699],[77.2529003,28.4835072],[77.2520556,28.4834192],[77.2517986,28.4834811],[77.2516201,28.4834882],[77.2512751,28.4833668],[77.2509658,28.4833668],[77.2506279,28.4834216],[77.2497618,28.4832384],[77.2495571,28.4832455],[77.2494477,28.4833193],[77.2494419,28.4836341],[77.2493087,28.4839792],[77.2491826,28.4844241],[77.249154,28.484743],[77.2491802,28.4851332],[77.2492849,28.4853545],[77.2492682,28.4855068],[77.2489065,28.4861016],[77.2487995,28.4862254],[77.2484092,28.4864966],[77.2480428,28.486894],[77.2478667,28.4869416],[77.2475549,28.4869333],[77.2475549,28.4870618],[77.2478642,28.4872093],[77.2481497,28.4876138],[77.2482972,28.4878803],[77.2483544,28.4882015],[77.2483282,28.4884609],[77.2481949,28.4887345],[77.2476445,28.4896105],[77.2484105,28.4892963],[77.2489598,28.4895374],[77.2495344,28.4896943],[77.2496668,28.4898524],[77.2497579,28.4901527],[77.2492017,28.4902977],[77.2488471,28.4904058],[77.2490507,28.4910443],[77.248708,28.4911474],[77.2480856,28.4913006],[77.2480442,28.4911631],[77.2478914,28.4911919],[77.2465512,28.491793],[77.2458856,28.4921893],[77.2455955,28.4923312],[77.2456198,28.492407],[77.2453416,28.4924911],[77.2450343,28.4926152],[77.244374,28.4928445],[77.2444481,28.4931227],[77.2444659,28.4935711],[77.2446044,28.4943203],[77.2446365,28.494618],[77.2449108,28.4955214],[77.2454331,28.4953757],[77.2462928,28.4950919],[77.2470695,28.4948261],[77.2474054,28.4946935],[77.2481261,28.4943577],[77.2485662,28.4941177],[77.2491251,28.4938324],[77.2501141,28.493356],[77.2503699,28.4932408],[77.2508173,28.4940691],[77.2514915,28.4939168],[77.2520637,28.4945398],[77.2513276,28.4948547],[77.2512121,28.4946406],[77.2502904,28.4950153],[77.2496615,28.4952588],[77.2495046,28.4950349],[77.2483929,28.4954818],[77.2486589,28.4958862],[77.2487615,28.4960727],[77.2482952,28.4962839],[77.2477701,28.4964888],[77.2468012,28.4968241],[77.2464366,28.4968924],[77.2464828,28.4970744],[77.2453801,28.4972669],[77.245476,28.4977389],[77.2456775,28.4988326],[77.2457761,28.4990948],[77.2466519,28.498847],[77.2467328,28.4989263],[77.2469509,28.4989561],[77.247085,28.4988754],[77.2476215,28.4989255],[77.2477881,28.4988808],[77.2477748,28.4990421],[77.2479685,28.4990655],[77.247969,28.4989422],[77.2486174,28.4990057],[77.2487248,28.4989949],[77.2487744,28.4991896],[77.2487276,28.4995211],[77.2483595,28.4994866],[77.2467922,28.4993133],[77.2463597,28.4994778],[77.2459848,28.4996638],[77.2461172,28.4999236],[77.2463379,28.5002731],[77.2468094,28.5010934],[77.2469692,28.501439],[77.2472751,28.5023014],[77.2476137,28.502954],[77.2481639,28.5029768],[77.2483195,28.5032049],[77.2485665,28.5036414],[77.2487282,28.504026],[77.2491426,28.5050795],[77.2492595,28.505435],[77.2495039,28.5071326],[77.2495605,28.5076571],[77.2495643,28.5078377],[77.2495229,28.5084742],[77.2495098,28.5089655],[77.2494104,28.5096169],[77.249363,28.5102608],[77.2493264,28.5110267],[77.2493361,28.5119199],[77.2487335,28.5119208],[77.2482241,28.511936],[77.2467889,28.5120026],[77.246172,28.5120373],[77.2456725,28.5120888],[77.244966,28.512109],[77.2439389,28.5121762],[77.243833,28.5118731],[77.24366,28.5114945],[77.2435194,28.5112445],[77.2433491,28.5108356],[77.2432093,28.5104371],[77.2429962,28.5097173],[77.242535,28.5086849],[77.2423166,28.5080053],[77.2421415,28.5074199],[77.2420423,28.5071702],[77.2419491,28.5067005],[77.2419637,28.5064208],[77.242121,28.5055647],[77.2422328,28.504665],[77.2423813,28.5040483],[77.2426643,28.5032185],[77.2426319,28.5025845],[77.2426573,28.5021091],[77.2427311,28.5021085],[77.2427931,28.5016857],[77.2429748,28.5008873],[77.2430853,28.5004752],[77.243472,28.5004835],[77.2435037,28.5000411],[77.2435085,28.4997017],[77.2435876,28.4994994],[77.2436972,28.4990579],[77.2437277,28.4986116],[77.243711,28.4977093],[77.2437149,28.496863],[77.2426548,28.4969082],[77.2426483,28.4966374],[77.2417088,28.4966564],[77.2416363,28.4966831],[77.2415861,28.496496],[77.2414341,28.4961681],[77.2414225,28.4959416],[77.2414707,28.4956841],[77.2414414,28.4953981],[77.2413532,28.4948897],[77.2413631,28.4942923],[77.2413941,28.4939336],[77.2413444,28.4938746],[77.241251,28.4934177],[77.2410569,28.4930584],[77.2398345,28.4929354],[77.2392599,28.4929007],[77.2392906,28.4925548],[77.2392472,28.4922705],[77.2393001,28.4919473],[77.2394322,28.4913939],[77.2390164,28.4913141],[77.2392041,28.4907655],[77.2394244,28.4905073],[77.2391539,28.4902366],[77.2389139,28.4899309],[77.2386641,28.489536],[77.2381949,28.4884447],[77.2402149,28.4890975],[77.2406451,28.4880184],[77.2411277,28.4871242],[77.2418161,28.4860123],[77.2421125,28.4854928],[77.2422645,28.4850329],[77.2426595,28.4845833],[77.242896,28.4842935],[77.2430032,28.4840059],[77.2429453,28.4835638],[77.2434101,28.483356],[77.2439997,28.4829317],[77.2443119,28.4823977],[77.2445814,28.482136],[77.2448371,28.4819888],[77.2448814,28.481788],[77.244861,28.4815882],[77.2444186,28.4813239],[77.2447489,28.4808754],[77.2452338,28.4800955],[77.2455066,28.479991],[77.245838,28.4787229]]]},"properties":{"fill-opacity":0,"stroke-opacity":1,"stroke":"#ff0000","WNo_SEC":168,"AC_No":49,"AC_No_1":49,"AC_Name":"SANGAM VIHAR","Ward_No":168,"WardName":"SANGAM VIHAR-C","TotalPop":73215,"SC_Pop":8611,"NW2022":"168, SANGAM VIHAR-C"},"id":196},
{"type":"Feature","geometry":{"type":"Polygon","coordinates":[[[77.2282863,28.5540087],[77.22817,28.55363],[77.22815,28.5533],[77.22818,28.55273],[77.2282607,28.5517344],[77.22839,28.55024],[77.2284794,28.5491314],[77.22866,28.54839],[77.2288013,28.5480526],[77.2284789,28.5479813],[77.2283108,28.5478772],[77.2281463,28.5476823],[77.2279652,28.5475545],[77.2277308,28.5473372],[77.2275701,28.5472641],[77.2273882,28.5471137],[77.227155,28.5468508],[77.2266624,28.5464147],[77.2264109,28.5463363],[77.2261953,28.5462115],[77.2261117,28.5460906],[77.2254926,28.5456992],[77.2248102,28.5457563],[77.2235467,28.544718],[77.2212978,28.5436869],[77.2212208,28.5436996],[77.2211731,28.5430782],[77.2207957,28.54309],[77.2207561,28.542549],[77.219868,28.5426114],[77.2197755,28.5418071],[77.2198715,28.5417063],[77.2201658,28.5418577],[77.2205587,28.5419495],[77.2209829,28.5420025],[77.22123,28.5419716],[77.2216269,28.5417902],[77.2217969,28.541692],[77.222094,28.5414447],[77.2224363,28.5412459],[77.2229205,28.5409279],[77.2236244,28.5404091],[77.2238355,28.5402827],[77.224235,28.5401005],[77.224642,28.5399785],[77.2249546,28.539957],[77.2253353,28.5400056],[77.2256562,28.5400752],[77.2257251,28.540055],[77.2261944,28.5407772],[77.2264814,28.5406764],[77.226589,28.5409427],[77.2267915,28.5413154],[77.2269203,28.5417215],[77.2269792,28.5420835],[77.2274785,28.542037],[77.2283288,28.5419138],[77.2290103,28.5418609],[77.2310928,28.5417129],[77.231486,28.5416692],[77.2320096,28.5415793],[77.2320281,28.5413087],[77.2321414,28.5403834],[77.2321338,28.5398894],[77.2322,28.53989],[77.23246,28.53974],[77.23288,28.53961],[77.23348,28.53954],[77.23373,28.53957],[77.2344608,28.5398545],[77.23606,28.54053],[77.2364407,28.5407391],[77.2367011,28.5408167],[77.2376713,28.5412305],[77.23918,28.54181],[77.2397606,28.5420495],[77.24074,28.54242],[77.24153,28.54274],[77.24251,28.54308],[77.243021,28.5432491],[77.24327,28.54335],[77.2439289,28.5435848],[77.2444134,28.543787],[77.2458252,28.5443273],[77.246514,28.5445892],[77.2473018,28.544935],[77.2502695,28.546035],[77.248633,28.5493744],[77.2509864,28.5502743],[77.2511546,28.5504733],[77.2512401,28.5505201],[77.2520668,28.5508053],[77.2537265,28.5514542],[77.2549573,28.5518615],[77.2554125,28.5520299],[77.2556064,28.5520562],[77.2568576,28.5518986],[77.2573543,28.5518212],[77.2579809,28.5514409],[77.2583301,28.5513522],[77.2584829,28.5513639],[77.2583032,28.5515936],[77.2581888,28.5516877],[77.2580375,28.5519347],[77.257969,28.5522973],[77.2579186,28.5523797],[77.2575842,28.5527472],[77.2574323,28.5530368],[77.2572515,28.5532371],[77.256853,28.5533302],[77.25664,28.55351],[77.25636,28.55361],[77.25605,28.55376],[77.2583185,28.5549618],[77.2591375,28.5553118],[77.2593337,28.5554377],[77.2596381,28.5557702],[77.2599213,28.5562113],[77.2605023,28.5572217],[77.2609667,28.5579686],[77.26006,28.55847],[77.2597833,28.558613],[77.2596909,28.5584867],[77.2590522,28.5577024],[77.2587595,28.5578667],[77.2584438,28.5580783],[77.2580373,28.5583039],[77.2572039,28.5587888],[77.2563534,28.5592961],[77.2558837,28.5586628],[77.2550892,28.5576207],[77.2548726,28.5574123],[77.2546141,28.5572379],[77.2542323,28.557041],[77.2536712,28.5567738],[77.2528073,28.5563588],[77.2523371,28.5561459],[77.2519033,28.5560424],[77.2508565,28.5560218],[77.2493607,28.5560277],[77.2492157,28.5561857],[77.248818,28.556564],[77.2486968,28.5570324],[77.2487243,28.5573835],[77.2488156,28.5578839],[77.2486529,28.558649],[77.2487067,28.5587997],[77.2486958,28.5590776],[77.2487859,28.5592287],[77.2482551,28.559189],[77.2482072,28.5593547],[77.2476517,28.559665],[77.2475285,28.5595446],[77.2464801,28.5592971],[77.2463298,28.5596973],[77.2460513,28.5601325],[77.2459703,28.5603135],[77.2447795,28.56001],[77.2418519,28.5592806],[77.241012,28.5590782],[77.2404019,28.5589207],[77.240029,28.5587765],[77.2397451,28.5585491],[77.2393277,28.5581624],[77.2390333,28.5583095],[77.2385948,28.5584693],[77.2375869,28.5587566],[77.236557,28.5590787],[77.2357318,28.559257],[77.2348454,28.5594592],[77.2329076,28.5598879],[77.2323642,28.5600163],[77.2321642,28.560105],[77.2313202,28.5605876],[77.2309478,28.559951],[77.2306941,28.5594071],[77.2303167,28.5585057],[77.23012,28.55805],[77.22951,28.55674],[77.2285586,28.5546373],[77.2282863,28.5540087]]]},"properties":{"fill-opacity":0,"stroke-opacity":1,"stroke":"#ff0000","WNo_SEC":173,"AC_No":50,"AC_No_1":50,"AC_Name":"GREATER KAILASH","Ward_No":173,"WardName":"GREATER KAILASH","TotalPop":47763,"SC_Pop":1582,"NW2022":"173, GREATER KAILASH"},"id":197},
{"type":"Feature","geometry":{"type":"Polygon","coordinates":[[[77.251766,28.5220114],[77.2525826,28.5226082],[77.2526423,28.5225466],[77.2533455,28.5231006],[77.2530103,28.5234178],[77.2544034,28.5244951],[77.2550324,28.5238781],[77.2551062,28.523837],[77.2559251,28.5236249],[77.2563076,28.5246285],[77.2564977,28.5251768],[77.2568871,28.5262005],[77.2575713,28.5279259],[77.2578427,28.5285775],[77.2578835,28.528612],[77.2580566,28.5290184],[77.2583669,28.5298383],[77.2587266,28.5307562],[77.2591187,28.5318084],[77.2593886,28.5324794],[77.2579209,28.5329616],[77.2574756,28.5331476],[77.2574446,28.5332222],[77.2565697,28.5347119],[77.2571062,28.5349334],[77.257924,28.5349603],[77.2579073,28.5351374],[77.2583461,28.535146],[77.2580535,28.5358959],[77.25764,28.5366],[77.2575244,28.536735],[77.2569226,28.5373554],[77.2566577,28.5375907],[77.2561747,28.5378817],[77.2556596,28.5381187],[77.2552833,28.5382715],[77.2541973,28.5387662],[77.2533726,28.5391251],[77.25191,28.53982],[77.25139,28.54003],[77.25123,28.54013],[77.25069,28.54035],[77.24999,28.54067],[77.24886,28.54116],[77.24802,28.5416],[77.24758,28.54189],[77.24724,28.54217],[77.24689,28.54253],[77.24645,28.54312],[77.24621,28.54353],[77.24595,28.54404],[77.2458252,28.5443273],[77.2444134,28.543787],[77.2439289,28.5435848],[77.24327,28.54335],[77.243021,28.5432491],[77.24251,28.54308],[77.24153,28.54274],[77.24074,28.54242],[77.2397606,28.5420495],[77.23918,28.54181],[77.2376713,28.5412305],[77.2367011,28.5408167],[77.2364407,28.5407391],[77.23606,28.54053],[77.2344608,28.5398545],[77.2346903,28.5393277],[77.2351895,28.5382637],[77.2349653,28.538198],[77.2351071,28.5377827],[77.2351417,28.5372684],[77.2352134,28.53666],[77.2352103,28.53657],[77.2353888,28.5362196],[77.2357136,28.535482],[77.2348803,28.5352302],[77.2352801,28.5344804],[77.2345836,28.5344297],[77.2346064,28.534179],[77.2347937,28.5338794],[77.2355427,28.5334799],[77.2359547,28.5331553],[77.2359297,28.5325561],[77.2358006,28.5322357],[77.2360195,28.5319644],[77.2361582,28.5317401],[77.2366652,28.5312857],[77.2369346,28.5311122],[77.2373522,28.5309132],[77.2377016,28.5307202],[77.2382026,28.5304844],[77.2385187,28.5302213],[77.2387287,28.5299148],[77.2386913,28.5296295],[77.2387657,28.5294598],[77.2388682,28.5294015],[77.2399315,28.5291438],[77.240424,28.5290393],[77.2407281,28.5290293],[77.2411886,28.5291262],[77.2413799,28.5290994],[77.2415904,28.5289933],[77.2418139,28.5288321],[77.2419842,28.5286164],[77.2422413,28.5283457],[77.2427052,28.5281628],[77.2428652,28.5280324],[77.2431794,28.5273619],[77.2432917,28.5272131],[77.2437138,28.5268336],[77.2439518,28.5266648],[77.2443916,28.5267826],[77.244837,28.5266906],[77.2450238,28.5266743],[77.2454309,28.5267482],[77.245557,28.5268489],[77.245947,28.5266628],[77.2460523,28.5265795],[77.2460452,28.5262486],[77.2462335,28.5259104],[77.246337,28.5257918],[77.2466594,28.5255443],[77.2468942,28.525473],[77.2472337,28.5254097],[77.2476086,28.5252648],[77.2480405,28.5248811],[77.2482429,28.524646],[77.2485702,28.5243175],[77.2489613,28.5239915],[77.249294,28.5235096],[77.2495061,28.5233141],[77.2503179,28.5227925],[77.250709,28.5225236],[77.2510147,28.5223605],[77.2515924,28.5221052],[77.251766,28.5220114]]]},"properties":{"fill-opacity":0,"stroke-opacity":1,"stroke":"#ff0000","WNo_SEC":171,"AC_No":50,"AC_No_1":50,"AC_Name":"GREATER KAILASH","Ward_No":171,"WardName":"CHITARANJAN PARK","TotalPop":62940,"SC_Pop":3184,"NW2022":"171, CHITARANJAN PARK"},"id":198},
{"type":"Feature","geometry":{"type":"Polygon","coordinates":[[[77.2320233,28.5330644],[77.2348477,28.5330041],[77.2352675,28.5327411],[77.2358006,28.5322357],[77.2359297,28.5325561],[77.2359547,28.5331553],[77.2355427,28.5334799],[77.2347937,28.5338794],[77.2346064,28.534179],[77.2345836,28.5344297],[77.2352801,28.5344804],[77.2348803,28.5352302],[77.2357136,28.535482],[77.2353888,28.5362196],[77.2352103,28.53657],[77.2352134,28.53666],[77.2351417,28.5372684],[77.2351071,28.5377827],[77.2349653,28.538198],[77.2351895,28.5382637],[77.2346903,28.5393277],[77.2344608,28.5398545],[77.23373,28.53957],[77.23348,28.53954],[77.23288,28.53961],[77.23246,28.53974],[77.2322,28.53989],[77.2321338,28.5398894],[77.2321414,28.5403834],[77.2320281,28.5413087],[77.2320096,28.5415793],[77.231486,28.5416692],[77.2310928,28.5417129],[77.2290103,28.5418609],[77.2283288,28.5419138],[77.2274785,28.542037],[77.2269792,28.5420835],[77.2269203,28.5417215],[77.2267915,28.5413154],[77.226589,28.5409427],[77.2264814,28.5406764],[77.2261944,28.5407772],[77.2257251,28.540055],[77.2256562,28.5400752],[77.2253353,28.5400056],[77.2249546,28.539957],[77.224642,28.5399785],[77.224235,28.5401005],[77.2238355,28.5402827],[77.2236244,28.5404091],[77.2229205,28.5409279],[77.2224363,28.5412459],[77.222094,28.5414447],[77.2217969,28.541692],[77.2216269,28.5417902],[77.22123,28.5419716],[77.2209829,28.5420025],[77.2205587,28.5419495],[77.2201658,28.5418577],[77.2198715,28.5417063],[77.2197755,28.5418071],[77.219868,28.5426114],[77.2207561,28.542549],[77.2207957,28.54309],[77.2211731,28.5430782],[77.2212208,28.5436996],[77.2212978,28.5436869],[77.2235467,28.544718],[77.2248102,28.5457563],[77.2254926,28.5456992],[77.2261117,28.5460906],[77.2261953,28.5462115],[77.2264109,28.5463363],[77.2266624,28.5464147],[77.227155,28.5468508],[77.2273882,28.5471137],[77.2275701,28.5472641],[77.2277308,28.5473372],[77.2279652,28.5475545],[77.2281463,28.5476823],[77.2283108,28.5478772],[77.2284789,28.5479813],[77.2288013,28.5480526],[77.22866,28.54839],[77.2284794,28.5491314],[77.22839,28.55024],[77.2282607,28.5517344],[77.22818,28.55273],[77.22815,28.5533],[77.22817,28.55363],[77.2282863,28.5540087],[77.2274,28.5541907],[77.2247406,28.5547614],[77.2231599,28.5550948],[77.2222013,28.5552843],[77.2219337,28.5553135],[77.220561,28.5553532],[77.2205374,28.5551248],[77.2201186,28.5549086],[77.2196865,28.5547648],[77.2189427,28.5545552],[77.2178288,28.5542927],[77.2172527,28.5541325],[77.2164174,28.5539319],[77.2157899,28.5538231],[77.2153894,28.5536792],[77.2147293,28.553082],[77.2137134,28.5536211],[77.213059,28.553951],[77.2126881,28.5541595],[77.2123013,28.5537815],[77.2120609,28.5535107],[77.21171,28.5530415],[77.2113396,28.5523863],[77.2109736,28.5513968],[77.2108258,28.5509214],[77.2104206,28.5498409],[77.2102146,28.5491543],[77.2100199,28.5486101],[77.2098299,28.5481201],[77.2093906,28.5468006],[77.2092724,28.5464802],[77.2091699,28.5461201],[77.2090399,28.5457701],[77.2089599,28.5454801],[77.2089299,28.5450701],[77.2087999,28.5438201],[77.208832,28.5435015],[77.2089443,28.5432453],[77.2091122,28.5430775],[77.2093678,28.5428944],[77.2099857,28.5418034],[77.2102184,28.5415096],[77.2104664,28.5413647],[77.2106533,28.5412922],[77.2109013,28.5412426],[77.211298,28.5412006],[77.2117786,28.541029],[77.2120953,28.5409336],[77.2124424,28.5407887],[77.2125835,28.5406971],[77.2127705,28.5404224],[77.2131095,28.5392799],[77.2131976,28.5391136],[77.2134341,28.5389115],[77.2140999,28.5385435],[77.2145937,28.538183],[77.2147823,28.5381047],[77.2149375,28.5380891],[77.2151622,28.5381366],[77.2154338,28.5382884],[77.2157121,28.5385013],[77.2162708,28.5389626],[77.2171579,28.5382998],[77.2173168,28.5381428],[77.2175354,28.5377806],[77.2178021,28.5368932],[77.2178158,28.5367718],[77.2180154,28.5360169],[77.2158799,28.535558],[77.2153392,28.5354294],[77.2149558,28.535013],[77.2145734,28.5346425],[77.214445,28.5345516],[77.2145198,28.5340996],[77.214729,28.5334644],[77.2147424,28.5331913],[77.2146424,28.5330632],[77.214105,28.5327029],[77.2141864,28.5325488],[77.2143739,28.5318978],[77.2139026,28.531825],[77.2132693,28.5317792],[77.2130922,28.5317437],[77.2131493,28.5315485],[77.213881,28.5316073],[77.2138828,28.531377],[77.2144608,28.5313424],[77.214484,28.5310406],[77.2151399,28.5310512],[77.2155879,28.5310968],[77.2155448,28.531299],[77.2158426,28.531346],[77.2158593,28.5312161],[77.216315,28.5312534],[77.2162468,28.5317479],[77.2164816,28.5317977],[77.2170365,28.5318521],[77.2170645,28.5313665],[77.2176188,28.5313731],[77.2180267,28.5314358],[77.2181573,28.5313663],[77.2184291,28.5313866],[77.218409,28.531561],[77.218654,28.5316481],[77.2187025,28.5319738],[77.21887,28.5324139],[77.2189882,28.5327798],[77.219617,28.5326792],[77.220004,28.5326028],[77.2205552,28.5324555],[77.2208198,28.5324309],[77.2212557,28.5324371],[77.2212494,28.5323201],[77.222016,28.5323007],[77.2222708,28.5310286],[77.2250987,28.5316634],[77.22816,28.53236],[77.22999,28.53278],[77.23056,28.53292],[77.23086,28.53296],[77.2313178,28.5329939],[77.2320233,28.5330644]]]},"properties":{"fill-opacity":0,"stroke-opacity":1,"stroke":"#ff0000","WNo_SEC":172,"AC_No":50,"AC_No_1":50,"AC_Name":"GREATER KAILASH","Ward_No":172,"WardName":"CHIRAG DELHI","TotalPop":74850,"SC_Pop":10313,"NW2022":"172, CHIRAG DELHI"},"id":199},
{"type":"Feature","geometry":{"type":"Polygon","coordinates":[[[77.2682222,28.5458334],[77.2671393,28.5453071],[77.2664059,28.5448458],[77.2661354,28.5447903],[77.26434,28.5443605],[77.26421,28.54468],[77.2641025,28.544697],[77.2638846,28.5453131],[77.2634722,28.5462852],[77.2633348,28.546643],[77.2629272,28.5476358],[77.2626349,28.5483258],[77.262546,28.5483891],[77.2624215,28.5486711],[77.2623634,28.5489929],[77.2622734,28.5492818],[77.2624336,28.5493248],[77.262789,28.5494722],[77.263004,28.5495983],[77.2632537,28.5497939],[77.2635922,28.5501756],[77.2638389,28.5506108],[77.2639959,28.5509864],[77.2642292,28.5516251],[77.2642912,28.5516222],[77.264504,28.552256],[77.2648623,28.5532062],[77.2651932,28.553939],[77.2655007,28.5544935],[77.2654573,28.5545653],[77.26572,28.55497],[77.2654136,28.5554055],[77.2651036,28.5559692],[77.2645367,28.5566217],[77.2641017,28.5569831],[77.2635607,28.5575934],[77.262574,28.5587265],[77.262122,28.5592563],[77.2609667,28.5579686],[77.2605023,28.5572217],[77.2599213,28.5562113],[77.2596381,28.5557702],[77.2593337,28.5554377],[77.2591375,28.5553118],[77.2583185,28.5549618],[77.25605,28.55376],[77.25636,28.55361],[77.25664,28.55351],[77.256853,28.5533302],[77.2572515,28.5532371],[77.2574323,28.5530368],[77.2575842,28.5527472],[77.2579186,28.5523797],[77.257969,28.5522973],[77.2580375,28.5519347],[77.2581888,28.5516877],[77.2583032,28.5515936],[77.2584829,28.5513639],[77.2583301,28.5513522],[77.2579809,28.5514409],[77.2573543,28.5518212],[77.2568576,28.5518986],[77.2556064,28.5520562],[77.2554125,28.5520299],[77.2549573,28.5518615],[77.2537265,28.5514542],[77.2520668,28.5508053],[77.2512401,28.5505201],[77.2511546,28.5504733],[77.2509864,28.5502743],[77.248633,28.5493744],[77.2502695,28.546035],[77.2473018,28.544935],[77.246514,28.5445892],[77.2458252,28.5443273],[77.24595,28.54404],[77.24621,28.54353],[77.24645,28.54312],[77.24689,28.54253],[77.24724,28.54217],[77.24758,28.54189],[77.24802,28.5416],[77.24886,28.54116],[77.24999,28.54067],[77.25069,28.54035],[77.25123,28.54013],[77.25139,28.54003],[77.25191,28.53982],[77.2533726,28.5391251],[77.2541973,28.5387662],[77.2552833,28.5382715],[77.2556596,28.5381187],[77.2561747,28.5378817],[77.2566577,28.5375907],[77.2569226,28.5373554],[77.2575244,28.536735],[77.25764,28.5366],[77.2580535,28.5358959],[77.2583461,28.535146],[77.2579073,28.5351374],[77.257924,28.5349603],[77.2571062,28.5349334],[77.2565697,28.5347119],[77.2574446,28.5332222],[77.2574756,28.5331476],[77.2579209,28.5329616],[77.2593886,28.5324794],[77.2596068,28.5330372],[77.2599021,28.5338532],[77.26007,28.5343485],[77.2605648,28.5356392],[77.2606557,28.5358597],[77.2610506,28.5369598],[77.26098,28.5369827],[77.2612543,28.5376696],[77.2613816,28.5380191],[77.2617197,28.5388739],[77.2626469,28.5385835],[77.2634255,28.5383872],[77.2643756,28.5381848],[77.2651186,28.5380949],[77.2652231,28.538163],[77.2658699,28.5383536],[77.2666474,28.538617],[77.2679439,28.5391143],[77.2696652,28.5398448],[77.2720789,28.5409471],[77.271958,28.5411349],[77.2728906,28.5416474],[77.2721986,28.5433593],[77.2721459,28.5434643],[77.2710299,28.543806],[77.2710497,28.5442259],[77.2704818,28.5443476],[77.2701171,28.544485],[77.2700116,28.5446061],[77.2700076,28.5447971],[77.2700478,28.5450352],[77.2699913,28.5451722],[77.2698346,28.5452729],[77.2694457,28.5453246],[77.2691438,28.5452624],[77.2686531,28.5452657],[77.2682213,28.5450732],[77.2680296,28.5450415],[77.2680209,28.5456509],[77.2682222,28.5458334]]]},"properties":{"fill-opacity":0,"stroke-opacity":1,"stroke":"#ff0000","WNo_SEC":175,"AC_No":51,"AC_No_1":51,"AC_Name":"KALKAJI","Ward_No":175,"WardName":"KALKAJI","TotalPop":45038,"SC_Pop":3016,"NW2022":"175, KALKAJI"},"id":200},
{"type":"Feature","geometry":{"type":"Polygon","coordinates":[[[77.2666474,28.538617],[77.2658699,28.5383536],[77.2652231,28.538163],[77.2651186,28.5380949],[77.2643756,28.5381848],[77.2634255,28.5383872],[77.2626469,28.5385835],[77.2617197,28.5388739],[77.2613816,28.5380191],[77.2612543,28.5376696],[77.26098,28.5369827],[77.2610506,28.5369598],[77.2606557,28.5358597],[77.2605648,28.5356392],[77.26007,28.5343485],[77.2599021,28.5338532],[77.2596068,28.5330372],[77.2593886,28.5324794],[77.2591187,28.5318084],[77.2587266,28.5307562],[77.2583669,28.5298383],[77.2580566,28.5290184],[77.2578835,28.528612],[77.2582442,28.5284662],[77.2582021,28.5283229],[77.2585899,28.5282294],[77.2587014,28.528113],[77.2587311,28.5279376],[77.259083,28.5279285],[77.2595023,28.5279513],[77.2594927,28.5272994],[77.2595329,28.5272199],[77.2608926,28.5272307],[77.2611672,28.5272254],[77.2613634,28.5271754],[77.26273,28.5266434],[77.263349,28.5263808],[77.2633202,28.526554],[77.2632051,28.5269417],[77.26293,28.52757],[77.26245,28.52871],[77.26206,28.52966],[77.26183,28.53025],[77.2619099,28.5304339],[77.2623741,28.5316272],[77.2626762,28.5323181],[77.2645754,28.5318388],[77.2649874,28.5319176],[77.2652548,28.5310669],[77.2659773,28.5312108],[77.2661377,28.5306531],[77.2662236,28.530404],[77.2673537,28.5306358],[77.2677668,28.5307604],[77.2681996,28.5303181],[77.2683915,28.5300767],[77.2690207,28.5291334],[77.2696698,28.5282506],[77.2706978,28.5287424],[77.2713882,28.5290297],[77.2711669,28.5293344],[77.2702345,28.5306889],[77.2697419,28.5314159],[77.2694452,28.5319367],[77.2691434,28.5326159],[77.2686293,28.5339131],[77.26796,28.53548],[77.26775,28.53601],[77.26751,28.53657],[77.26737,28.53697],[77.2671,28.53756],[77.2666474,28.538617]]]},"properties":{"fill-opacity":0,"stroke-opacity":1,"stroke":"#ff0000","WNo_SEC":176,"AC_No":51,"AC_No_1":51,"AC_Name":"KALKAJI","Ward_No":176,"WardName":"GOVIND PURI","TotalPop":74610,"SC_Pop":10566,"NW2022":"176, GOVIND PURI"},"id":201},
{"type":"Feature","geometry":{"type":"Polygon","coordinates":[[[77.3184433,28.6129434],[77.3205414,28.6115912],[77.3205623,28.6116153],[77.3215453,28.6110281],[77.3215701,28.610927],[77.3221648,28.6105264],[77.3227558,28.6101446],[77.3234891,28.609703],[77.324119,28.6092824],[77.324896,28.6085941],[77.3251051,28.6084959],[77.3254613,28.6084639],[77.3257376,28.6083579],[77.3261067,28.6082503],[77.3262514,28.6081254],[77.3272838,28.6079258],[77.327209,28.6084895],[77.3271239,28.6089746],[77.327216,28.6092161],[77.3274114,28.6093537],[77.328731,28.6102195],[77.3280687,28.6106013],[77.3276645,28.6107806],[77.327406,28.6108741],[77.3269107,28.6111099],[77.3270608,28.6112888],[77.3275921,28.6120503],[77.327846,28.6124581],[77.3277949,28.6124819],[77.3279326,28.6127252],[77.3278303,28.6127862],[77.327337,28.6129991],[77.3273832,28.6132437],[77.327426,28.6138212],[77.3262294,28.614358],[77.3261254,28.6138734],[77.3260504,28.6136135],[77.3257864,28.6130893],[77.3255275,28.6125019],[77.3253677,28.612431],[77.3243768,28.6128899],[77.3242513,28.6126751],[77.3241697,28.612714],[77.3239057,28.612219],[77.3236713,28.6123075],[77.3230625,28.6126109],[77.3228327,28.6127394],[77.3229448,28.6130186],[77.3226046,28.6132038],[77.322267,28.6135037],[77.3217653,28.6138807],[77.3226453,28.6148901],[77.3239912,28.6165336],[77.3255949,28.6184193],[77.3275242,28.6206588],[77.327776,28.6209279],[77.3293047,28.6227113],[77.3314046,28.6251192],[77.3317298,28.6255146],[77.3338315,28.6279784],[77.3341159,28.6282883],[77.3337566,28.628992],[77.3322481,28.6300018],[77.3315396,28.6308611],[77.331135,28.6313119],[77.3307939,28.6317942],[77.3306086,28.6316541],[77.3300833,28.6314245],[77.3297729,28.631324],[77.3205238,28.6283286],[77.3192212,28.6279273],[77.317131,28.6272328],[77.3171739,28.6270934],[77.317549,28.6263057],[77.3181056,28.6251911],[77.3188821,28.623457],[77.3191247,28.6227985],[77.3183783,28.6225876],[77.31874,28.6216404],[77.318065,28.6214314],[77.3179893,28.6216145],[77.316933,28.6212989],[77.3169806,28.6211495],[77.3166419,28.6211036],[77.3169182,28.6203129],[77.3170224,28.6203451],[77.3170995,28.6201706],[77.3169017,28.620107],[77.3168088,28.6200102],[77.316775,28.6197676],[77.3168053,28.6195109],[77.3158208,28.619189],[77.3159832,28.6188756],[77.3160352,28.6186801],[77.3157736,28.6185965],[77.3155763,28.6187865],[77.314925,28.6193407],[77.3145218,28.6197759],[77.3139796,28.6202741],[77.313404,28.6197779],[77.313153,28.6196192],[77.3127353,28.619483],[77.3127909,28.6193208],[77.3129452,28.6190169],[77.3131197,28.6184977],[77.313404,28.6178453],[77.3126239,28.6176222],[77.3123467,28.6175288],[77.3100953,28.6168666],[77.3098279,28.6167933],[77.3105261,28.6150012],[77.3111579,28.6132952],[77.3114318,28.6127259],[77.314232,28.6130859],[77.3149916,28.6131929],[77.3159443,28.6133966],[77.3179196,28.613876],[77.318235,28.6139858],[77.3183816,28.6140937],[77.3192955,28.6149896],[77.3192765,28.6151176],[77.3192923,28.6155462],[77.3198311,28.6151734],[77.3202155,28.6149541],[77.3202165,28.6149129],[77.3197079,28.614396],[77.3191253,28.6137407],[77.3184433,28.6129434]]]},"properties":{"fill-opacity":0,"stroke-opacity":1,"stroke":"#ff0000","WNo_SEC":195,"AC_No":56,"AC_No_1":56,"AC_Name":"KONDLI","Ward_No":195,"WardName":"KALYANPURI","TotalPop":87375,"SC_Pop":34937,"NW2022":"195, KALYANPURI"},"id":202},
{"type":"Feature","geometry":{"type":"Polygon","coordinates":[[[77.3276645,28.6107806],[77.3279785,28.611376],[77.3288228,28.6128412],[77.3291423,28.613366],[77.3309434,28.6125351],[77.3348334,28.6108886],[77.3352701,28.6106776],[77.3348055,28.6098144],[77.3344762,28.6092494],[77.3340375,28.6084705],[77.3340783,28.6084485],[77.3338191,28.6079695],[77.3336577,28.6078581],[77.3323476,28.6084345],[77.3325618,28.6087995],[77.3314638,28.6092791],[77.3295741,28.6101654],[77.3293452,28.6102669],[77.3291462,28.6099677],[77.3301675,28.6093419],[77.3309544,28.6087876],[77.3314923,28.6082028],[77.3318212,28.6078182],[77.3324997,28.6069657],[77.3335504,28.6057134],[77.3349666,28.6066476],[77.335805,28.6072134],[77.3361017,28.6073938],[77.3365984,28.6069204],[77.3366979,28.6069776],[77.3371583,28.606535],[77.337308,28.6068215],[77.337983,28.60758],[77.3376145,28.6078277],[77.3379422,28.6082593],[77.3379872,28.6084285],[77.3382449,28.6087633],[77.3389089,28.6083433],[77.3396723,28.6078464],[77.3382647,28.6061763],[77.3376774,28.6057859],[77.3361144,28.6047649],[77.335123,28.604107],[77.3349973,28.6040325],[77.3356338,28.6032778],[77.3355954,28.6032591],[77.3361812,28.6025633],[77.3362663,28.6025384],[77.3368677,28.6018585],[77.3371513,28.6020223],[77.3375619,28.6023008],[77.3377406,28.602521],[77.3381383,28.6029346],[77.3384332,28.6031936],[77.3386756,28.6029542],[77.3389295,28.6031784],[77.3390946,28.6033924],[77.3396863,28.6040665],[77.3404077,28.6046371],[77.3408443,28.6051762],[77.3411703,28.6051157],[77.3412586,28.6051953],[77.3414983,28.606244],[77.3417187,28.6071568],[77.3419592,28.6083883],[77.3418317,28.608778],[77.3418303,28.6089904],[77.3419403,28.6095983],[77.3420044,28.6104767],[77.3419873,28.6109877],[77.3419487,28.6113988],[77.3419247,28.6120347],[77.3418493,28.6126148],[77.3417535,28.6135485],[77.3414196,28.6135919],[77.3412044,28.6136829],[77.3414056,28.6140887],[77.3414549,28.6147689],[77.341489,28.6154957],[77.341535,28.6158437],[77.3416827,28.6177983],[77.3417628,28.6194327],[77.3416086,28.6199958],[77.3414707,28.6203352],[77.3411431,28.6209444],[77.34097,28.6211703],[77.3404033,28.6215152],[77.340248,28.6216475],[77.3401273,28.6219104],[77.3399369,28.6225123],[77.3398443,28.6229622],[77.339682,28.623472],[77.3395741,28.6237076],[77.3393521,28.6240996],[77.3392806,28.6242816],[77.3389431,28.6245399],[77.3386289,28.6247564],[77.3372621,28.6256013],[77.335819,28.6265508],[77.3355407,28.6267236],[77.3347275,28.6272643],[77.3346038,28.6273226],[77.3338315,28.6279784],[77.3317298,28.6255146],[77.3314046,28.6251192],[77.3293047,28.6227113],[77.327776,28.6209279],[77.3275242,28.6206588],[77.3255949,28.6184193],[77.3239912,28.6165336],[77.3226453,28.6148901],[77.3217653,28.6138807],[77.322267,28.6135037],[77.3226046,28.6132038],[77.3229448,28.6130186],[77.3228327,28.6127394],[77.3230625,28.6126109],[77.3236713,28.6123075],[77.3239057,28.612219],[77.3241697,28.612714],[77.3242513,28.6126751],[77.3243768,28.6128899],[77.3253677,28.612431],[77.3255275,28.6125019],[77.3257864,28.6130893],[77.3260504,28.6136135],[77.3261254,28.6138734],[77.3262294,28.614358],[77.327426,28.6138212],[77.3273832,28.6132437],[77.327337,28.6129991],[77.3278303,28.6127862],[77.3279326,28.6127252],[77.3277949,28.6124819],[77.327846,28.6124581],[77.3275921,28.6120503],[77.3270608,28.6112888],[77.3269107,28.6111099],[77.327406,28.6108741],[77.3276645,28.6107806]]]},"properties":{"fill-opacity":0,"stroke-opacity":1,"stroke":"#ff0000","WNo_SEC":194,"AC_No":56,"AC_No_1":56,"AC_Name":"KONDLI","Ward_No":194,"WardName":"GHAROLI","TotalPop":78926,"SC_Pop":21747,"NW2022":"194, GHAROLI"},"id":203},
{"type":"Feature","geometry":{"type":"Polygon","coordinates":[[[77.3184433,28.6129434],[77.3180767,28.6125148],[77.3168712,28.6111618],[77.3161295,28.6102926],[77.3142,28.608136],[77.3129521,28.6066974],[77.3114633,28.6049626],[77.3109816,28.6043629],[77.3104109,28.6037507],[77.3095554,28.6027171],[77.3094888,28.6026586],[77.30875,28.6017664],[77.3079482,28.6008825],[77.3104465,28.5991414],[77.3110851,28.598675],[77.3128523,28.5974653],[77.3129495,28.5974436],[77.3130654,28.5975685],[77.3141208,28.5968552],[77.3142214,28.5967567],[77.3149253,28.5969575],[77.3156067,28.5969398],[77.3160966,28.5968935],[77.3167693,28.5968611],[77.3172104,28.5968972],[77.3176307,28.5969754],[77.3181709,28.5971051],[77.3192752,28.5973979],[77.3204081,28.5976875],[77.320706,28.5977167],[77.3209812,28.5977117],[77.3223962,28.5975513],[77.3226549,28.5975029],[77.3228227,28.5975299],[77.3236725,28.5977491],[77.3247271,28.5979741],[77.3252627,28.5980533],[77.3259565,28.5982425],[77.326404,28.5983789],[77.3266842,28.5986517],[77.3261622,28.5988803],[77.3262056,28.5990829],[77.3274439,28.599938],[77.3276303,28.5997312],[77.3280754,28.600036],[77.3292875,28.6003321],[77.3303829,28.6005035],[77.3308323,28.6000153],[77.331491,28.6005705],[77.3322551,28.600989],[77.3333871,28.6013265],[77.3337371,28.6014858],[77.3344651,28.6017155],[77.3348183,28.601787],[77.3350674,28.601789],[77.3355535,28.6016998],[77.3359828,28.6016983],[77.3367298,28.6017789],[77.3368677,28.6018585],[77.3362663,28.6025384],[77.3361812,28.6025633],[77.3355954,28.6032591],[77.3356338,28.6032778],[77.3349973,28.6040325],[77.335123,28.604107],[77.3361144,28.6047649],[77.3376774,28.6057859],[77.3382647,28.6061763],[77.3396723,28.6078464],[77.3389089,28.6083433],[77.3382449,28.6087633],[77.3379872,28.6084285],[77.3379422,28.6082593],[77.3376145,28.6078277],[77.337983,28.60758],[77.337308,28.6068215],[77.3371583,28.606535],[77.3366979,28.6069776],[77.3365984,28.6069204],[77.3361017,28.6073938],[77.335805,28.6072134],[77.3349666,28.6066476],[77.3335504,28.6057134],[77.3324997,28.6069657],[77.3318212,28.6078182],[77.3314923,28.6082028],[77.3309544,28.6087876],[77.3301675,28.6093419],[77.3291462,28.6099677],[77.3293452,28.6102669],[77.3295741,28.6101654],[77.3314638,28.6092791],[77.3325618,28.6087995],[77.3323476,28.6084345],[77.3336577,28.6078581],[77.3338191,28.6079695],[77.3340783,28.6084485],[77.3340375,28.6084705],[77.3344762,28.6092494],[77.3348055,28.6098144],[77.3352701,28.6106776],[77.3348334,28.6108886],[77.3309434,28.6125351],[77.3291423,28.613366],[77.3288228,28.6128412],[77.3279785,28.611376],[77.3276645,28.6107806],[77.3280687,28.6106013],[77.328731,28.6102195],[77.3274114,28.6093537],[77.327216,28.6092161],[77.3271239,28.6089746],[77.327209,28.6084895],[77.3272838,28.6079258],[77.3262514,28.6081254],[77.3261067,28.6082503],[77.3257376,28.6083579],[77.3254613,28.6084639],[77.3251051,28.6084959],[77.324896,28.6085941],[77.324119,28.6092824],[77.3234891,28.609703],[77.3227558,28.6101446],[77.3221648,28.6105264],[77.3215701,28.610927],[77.3215453,28.6110281],[77.3205623,28.6116153],[77.3205414,28.6115912],[77.3184433,28.6129434]]]},"properties":{"fill-opacity":0,"stroke-opacity":1,"stroke":"#ff0000","WNo_SEC":193,"AC_No":56,"AC_No_1":56,"AC_Name":"KONDLI","Ward_No":193,"WardName":"KONDLI","TotalPop":66098,"SC_Pop":5743,"NW2022":"193, KONDLI"},"id":204},
{"type":"Feature","geometry":{"type":"Polygon","coordinates":[[[77.2994718,28.6331553],[77.3005974,28.6340018],[77.3006794,28.6340466],[77.3012206,28.6342391],[77.3020168,28.6344981],[77.3032317,28.6349145],[77.3031857,28.6350071],[77.3036611,28.6349859],[77.3043565,28.6348557],[77.3045059,28.6348591],[77.3049872,28.6350215],[77.3051907,28.6351303],[77.305387,28.6353488],[77.3055068,28.6355762],[77.3059482,28.6362582],[77.3054653,28.636523],[77.3051616,28.6367597],[77.304862,28.6370364],[77.304523,28.637411],[77.3037611,28.6382943],[77.3041484,28.6385612],[77.3033527,28.6395484],[77.302546,28.6404771],[77.3032649,28.6410435],[77.304404,28.6419016],[77.3063226,28.6434213],[77.3070785,28.6439966],[77.3077186,28.6444982],[77.3071292,28.6450373],[77.3068947,28.6448704],[77.3065482,28.645181],[77.3061091,28.6448355],[77.3056675,28.6452575],[77.3045324,28.6464291],[77.3038641,28.6470818],[77.3032482,28.647697],[77.3026875,28.6472588],[77.3023809,28.6476107],[77.3019583,28.6480225],[77.3007713,28.6491995],[77.29956,28.6504213],[77.2985419,28.6514743],[77.2983276,28.6519215],[77.298236,28.6522316],[77.2978544,28.6538795],[77.2978314,28.6539789],[77.2974257,28.6539342],[77.2963447,28.6537245],[77.2947976,28.6534566],[77.2935019,28.6531893],[77.2928159,28.6530611],[77.2925576,28.652998],[77.29291,28.65188],[77.29319,28.65095],[77.2934024,28.6504008],[77.29351,28.65019],[77.2939,28.64961],[77.29492,28.64843],[77.29569,28.64756],[77.29627,28.64686],[77.29578,28.64659],[77.29554,28.64651],[77.29516,28.64647],[77.29392,28.64641],[77.29243,28.64635],[77.29179,28.6463409],[77.2916459,28.6463115],[77.2913411,28.6463102],[77.2913315,28.64594],[77.2909267,28.6456059],[77.2901878,28.645068],[77.2900462,28.6449539],[77.2902002,28.6447684],[77.2910273,28.6439564],[77.2911281,28.6438309],[77.2909584,28.6438069],[77.2874819,28.6436381],[77.2814343,28.6433502],[77.2814725,28.6432422],[77.2819334,28.642436],[77.2821659,28.6420657],[77.2828507,28.6408826],[77.283231,28.6402735],[77.2836105,28.6396307],[77.2838381,28.6392894],[77.284214,28.6386471],[77.2847556,28.6377505],[77.2854302,28.6366013],[77.2857631,28.6359733],[77.2858336,28.635799],[77.2858915,28.6351954],[77.2859489,28.6343122],[77.2860326,28.6333851],[77.2861601,28.6317052],[77.2861609,28.6307313],[77.286104,28.6296186],[77.2860572,28.629224],[77.2860486,28.6288288],[77.2861014,28.6277363],[77.2861491,28.62768],[77.2861604,28.6276667],[77.2869485,28.6282801],[77.2871818,28.6284506],[77.288778,28.6297118],[77.2891766,28.6300192],[77.2906623,28.6311793],[77.291646,28.6319389],[77.2936366,28.6335015],[77.2943811,28.6340765],[77.2956431,28.6350676],[77.2962098,28.6354967],[77.2967209,28.6359173],[77.2972266,28.6354217],[77.2974274,28.6351672],[77.2981526,28.634459],[77.2992475,28.6333527],[77.2994718,28.6331553]]]},"properties":{"fill-opacity":0,"stroke-opacity":1,"stroke":"#ff0000","WNo_SEC":204,"AC_No":59,"AC_No_1":59,"AC_Name":"VISHWAS NAGAR","Ward_No":204,"WardName":"PREET VIHAR","TotalPop":52293,"SC_Pop":2150,"NW2022":"204, PREET VIHAR"},"id":205},
{"type":"Feature","geometry":{"type":"Polygon","coordinates":[[[77.317131,28.6272328],[77.3192212,28.6279273],[77.3205238,28.6283286],[77.3297729,28.631324],[77.3296021,28.6317279],[77.329102,28.6320552],[77.3285965,28.6323217],[77.3282268,28.6324891],[77.3279049,28.6326128],[77.3274776,28.6327455],[77.3268467,28.6328459],[77.3260455,28.6331425],[77.3257929,28.6332829],[77.3245332,28.6345254],[77.3240093,28.6349902],[77.3224697,28.6362199],[77.3214454,28.6370472],[77.3200858,28.6383021],[77.3190588,28.6389702],[77.3171503,28.6403188],[77.3159696,28.6412205],[77.3158159,28.640768],[77.3154657,28.6398034],[77.3153744,28.6395009],[77.3149841,28.6383528],[77.3148319,28.6376485],[77.3147774,28.6372459],[77.3147449,28.636676],[77.3147582,28.6364012],[77.313457,28.6363172],[77.3133085,28.6362889],[77.3115508,28.6361634],[77.3099397,28.6360744],[77.3081539,28.6359567],[77.3073628,28.6359232],[77.3068908,28.635978],[77.3065786,28.6360413],[77.3061343,28.6361689],[77.3059482,28.6362582],[77.3055068,28.6355762],[77.305387,28.6353488],[77.3051907,28.6351303],[77.3049872,28.6350215],[77.3045059,28.6348591],[77.3043565,28.6348557],[77.3036611,28.6349859],[77.3031857,28.6350071],[77.3032317,28.6349145],[77.3020168,28.6344981],[77.3012206,28.6342391],[77.3006794,28.6340466],[77.3005974,28.6340018],[77.2994718,28.6331553],[77.2980466,28.6320492],[77.297921,28.6319204],[77.2979421,28.6318591],[77.2985289,28.6313846],[77.2993743,28.6307237],[77.2995828,28.6304876],[77.2998152,28.6298964],[77.3001736,28.6290594],[77.3004569,28.628566],[77.3007901,28.6284034],[77.3015247,28.6279946],[77.3018017,28.6278122],[77.3012741,28.6275789],[77.3007713,28.6273031],[77.301102,28.6271099],[77.3018758,28.6267351],[77.3024966,28.6265192],[77.3037105,28.6261435],[77.3042047,28.6259745],[77.3048918,28.6257113],[77.304051,28.6254574],[77.3031801,28.6252291],[77.3017538,28.6247786],[77.3019329,28.6243776],[77.3020639,28.6241701],[77.3011152,28.6238547],[77.3011731,28.6237633],[77.3013971,28.6232581],[77.3014939,28.6230922],[77.3017689,28.6223509],[77.3018741,28.6221246],[77.304378,28.6229618],[77.3052818,28.6232816],[77.3070316,28.6238448],[77.307969,28.6241667],[77.3088962,28.624466],[77.3121279,28.625547],[77.3141758,28.6262448],[77.3160252,28.6268544],[77.317131,28.6272328]]]},"properties":{"fill-opacity":0,"stroke-opacity":1,"stroke":"#ff0000","WNo_SEC":205,"AC_No":59,"AC_No_1":59,"AC_Name":"VISHWAS NAGAR","Ward_No":205,"WardName":"I.P. EXTENSION","TotalPop":60343,"SC_Pop":4041,"NW2022":"205, I.P. EXTENSION"},"id":206},
{"type":"Feature","geometry":{"type":"Polygon","coordinates":[[[77.3033574,28.6666204],[77.3033711,28.6658652],[77.303426,28.6646252],[77.3034756,28.6628984],[77.3035059,28.6625315],[77.3035362,28.661668],[77.3035364,28.660332],[77.3036459,28.6601861],[77.3036025,28.6599506],[77.3035862,28.6592735],[77.3034724,28.6585016],[77.3032088,28.6576962],[77.3029501,28.6571124],[77.3027292,28.6567594],[77.3023464,28.65625],[77.3020436,28.6558984],[77.3016568,28.6555472],[77.3010729,28.655101],[77.3007925,28.6549373],[77.3001228,28.6546257],[77.2995922,28.6544238],[77.2992294,28.6543296],[77.2993899,28.6541777],[77.2978544,28.6538795],[77.298236,28.6522316],[77.2983276,28.6519215],[77.2985419,28.6514743],[77.29956,28.6504213],[77.3007713,28.6491995],[77.3019583,28.6480225],[77.3023809,28.6476107],[77.3026875,28.6472588],[77.3032482,28.647697],[77.3038641,28.6470818],[77.3045324,28.6464291],[77.3056675,28.6452575],[77.3061091,28.6448355],[77.3065482,28.645181],[77.3068947,28.6448704],[77.3071292,28.6450373],[77.3077186,28.6444982],[77.3070785,28.6439966],[77.3063226,28.6434213],[77.304404,28.6419016],[77.3032649,28.6410435],[77.302546,28.6404771],[77.3033527,28.6395484],[77.3041484,28.6385612],[77.3037611,28.6382943],[77.304523,28.637411],[77.304862,28.6370364],[77.3051616,28.6367597],[77.3054653,28.636523],[77.3059482,28.6362582],[77.3061343,28.6361689],[77.3065786,28.6360413],[77.3068908,28.635978],[77.3073628,28.6359232],[77.3081539,28.6359567],[77.3099397,28.6360744],[77.3115508,28.6361634],[77.3133085,28.6362889],[77.313457,28.6363172],[77.3147582,28.6364012],[77.3147449,28.636676],[77.3147774,28.6372459],[77.3148319,28.6376485],[77.3149841,28.6383528],[77.3153744,28.6395009],[77.3154657,28.6398034],[77.3158159,28.640768],[77.3159696,28.6412205],[77.3158721,28.641295],[77.3159983,28.6416845],[77.3162296,28.6423211],[77.3169129,28.6442579],[77.3170315,28.6445372],[77.3172665,28.6452227],[77.3174121,28.6455991],[77.3175766,28.646104],[77.3181574,28.6477284],[77.3183539,28.6482622],[77.3185214,28.6487619],[77.3187447,28.6493609],[77.3187896,28.6495582],[77.3189505,28.6500337],[77.319403,28.6513054],[77.3195578,28.6518294],[77.3196438,28.6523098],[77.3196633,28.6525379],[77.3197106,28.6536228],[77.3197651,28.6545383],[77.3199236,28.6573549],[77.31996,28.6576991],[77.3200102,28.6585018],[77.3200861,28.6594309],[77.3201217,28.6604027],[77.3201665,28.6612764],[77.3202196,28.662096],[77.3204078,28.6629469],[77.3205216,28.6633702],[77.320758,28.6640267],[77.3208717,28.6644491],[77.321201,28.6654021],[77.3219055,28.6674883],[77.3220095,28.6677654],[77.3210068,28.6679619],[77.3206756,28.6680147],[77.3203139,28.6680115],[77.3199225,28.6679495],[77.3192831,28.6677399],[77.3153807,28.6661828],[77.3151138,28.6651827],[77.3131876,28.665582],[77.3118196,28.6658595],[77.3104012,28.6661407],[77.3087027,28.6664589],[77.3081534,28.6665862],[77.3079771,28.666606],[77.3074653,28.666615],[77.3059948,28.6666111],[77.3052395,28.666624],[77.3033574,28.6666204]]]},"properties":{"fill-opacity":0,"stroke-opacity":1,"stroke":"#ff0000","WNo_SEC":206,"AC_No":59,"AC_No_1":59,"AC_Name":"VISHWAS NAGAR","Ward_No":206,"WardName":"ANAND VIHAR","TotalPop":56495,"SC_Pop":7107,"NW2022":"206, ANAND VIHAR"},"id":207},
{"type":"Feature","geometry":{"type":"Polygon","coordinates":[[[77.2925576,28.652998],[77.2928159,28.6530611],[77.2935019,28.6531893],[77.2947976,28.6534566],[77.2963447,28.6537245],[77.2974257,28.6539342],[77.2978314,28.6539789],[77.2978544,28.6538795],[77.2993899,28.6541777],[77.2992294,28.6543296],[77.2995922,28.6544238],[77.3001228,28.6546257],[77.3007925,28.6549373],[77.3010729,28.655101],[77.3016568,28.6555472],[77.3020436,28.6558984],[77.3023464,28.65625],[77.3027292,28.6567594],[77.3029501,28.6571124],[77.3032088,28.6576962],[77.3034724,28.6585016],[77.3035862,28.6592735],[77.3036025,28.6599506],[77.3036459,28.6601861],[77.3035364,28.660332],[77.3035362,28.661668],[77.3035059,28.6625315],[77.3034756,28.6628984],[77.303426,28.6646252],[77.3033711,28.6658652],[77.3033574,28.6666204],[77.3033153,28.6673776],[77.3032563,28.6696512],[77.3032566,28.6700487],[77.3020768,28.6705267],[77.3018262,28.6701345],[77.3008992,28.6701312],[77.3005088,28.6702094],[77.300347,28.6701606],[77.3002839,28.6699517],[77.3003327,28.66975],[77.2992646,28.6692593],[77.2980907,28.6686846],[77.2973199,28.6683207],[77.2953693,28.6674173],[77.2934828,28.6664847],[77.2928796,28.6662167],[77.291678,28.6656305],[77.288435,28.6640779],[77.2870459,28.6633768],[77.2861635,28.662975],[77.2863843,28.6626704],[77.2908182,28.656955],[77.2911858,28.6565166],[77.2914767,28.656101],[77.2916901,28.655629],[77.2919103,28.6550797],[77.2923938,28.653507],[77.2925576,28.652998]]]},"properties":{"fill-opacity":0,"stroke-opacity":1,"stroke":"#ff0000","WNo_SEC":207,"AC_No":59,"AC_No_1":59,"AC_Name":"VISHWAS NAGAR","Ward_No":207,"WardName":"VISHWAS NAGAR","TotalPop":53057,"SC_Pop":15149,"NW2022":"207, VISHWAS NAGAR"},"id":208},
{"type":"Feature","geometry":{"type":"MultiPolygon","coordinates":[[[[77.2366084,28.5705197],[77.2362024,28.5706972],[77.2356696,28.5697511],[77.2353508,28.5692172],[77.2346463,28.5679829],[77.234544,28.5677416],[77.2344359,28.5673615],[77.2342414,28.5661629],[77.2341825,28.565882],[77.2340508,28.5654411],[77.2337819,28.5648826],[77.2336169,28.5645943],[77.232864,28.5632244],[77.2321635,28.5619289],[77.2319549,28.5615759],[77.2316584,28.561705],[77.2318776,28.5634427],[77.2317271,28.5634554],[77.2319479,28.5653403],[77.2319402,28.5654099],[77.231695,28.5654446],[77.2315904,28.5648],[77.2314261,28.5634841],[77.2314097,28.5634152],[77.2310485,28.5634307],[77.2302941,28.5635046],[77.2302484,28.5630382],[77.230483,28.5629714],[77.2306968,28.5628647],[77.2311777,28.5625856],[77.2313125,28.562528],[77.2316147,28.5624963],[77.2315286,28.5617616],[77.2311003,28.561978],[77.2303461,28.5622794],[77.2300699,28.561702],[77.2296162,28.5608191],[77.2290944,28.5598254],[77.2290273,28.5596455],[77.2293894,28.5595618],[77.2297703,28.5594478],[77.2306194,28.5592295],[77.2303167,28.5585057],[77.2306941,28.5594071],[77.2309478,28.559951],[77.2313202,28.5605876],[77.2321642,28.560105],[77.2323642,28.5600163],[77.2329076,28.5598879],[77.2348454,28.5594592],[77.2357318,28.559257],[77.236557,28.5590787],[77.2375869,28.5587566],[77.2385948,28.5584693],[77.2390333,28.5583095],[77.2393277,28.5581624],[77.2397451,28.5585491],[77.240029,28.5587765],[77.2404019,28.5589207],[77.241012,28.5590782],[77.2418519,28.5592806],[77.2447795,28.56001],[77.2459703,28.5603135],[77.2460513,28.5601325],[77.2463298,28.5596973],[77.2464801,28.5592971],[77.2475285,28.5595446],[77.2476517,28.559665],[77.2482072,28.5593547],[77.2482551,28.559189],[77.2487859,28.5592287],[77.2486958,28.5590776],[77.2487067,28.5587997],[77.2486529,28.558649],[77.2488156,28.5578839],[77.2487243,28.5573835],[77.2486968,28.5570324],[77.248818,28.556564],[77.2492157,28.5561857],[77.2493607,28.5560277],[77.2508565,28.5560218],[77.2519033,28.5560424],[77.2523371,28.5561459],[77.2528073,28.5563588],[77.2536712,28.5567738],[77.2535011,28.557009],[77.2531826,28.5573639],[77.2528886,28.5577242],[77.2527897,28.5578011],[77.2523812,28.5582529],[77.2520507,28.5586505],[77.2526109,28.5590479],[77.2529534,28.559269],[77.253133,28.5593054],[77.253186,28.5596408],[77.2533013,28.5598108],[77.252827,28.5601234],[77.252637,28.5603131],[77.2525278,28.5604711],[77.2521042,28.560751],[77.2519058,28.5609156],[77.2518312,28.5610833],[77.2517795,28.5618485],[77.2517813,28.5621458],[77.2523188,28.5620969],[77.2531269,28.562],[77.2537831,28.5619461],[77.2552411,28.5619706],[77.2552241,28.56279],[77.2550356,28.5628741],[77.2547273,28.5630992],[77.2540934,28.5638347],[77.2538027,28.564147],[77.2527094,28.5654342],[77.2521851,28.5661161],[77.2519254,28.5659642],[77.2514126,28.5657753],[77.2510011,28.5656906],[77.2502518,28.5656132],[77.2501753,28.5662614],[77.2495595,28.5662024],[77.2481299,28.5660825],[77.2474454,28.5660421],[77.2474082,28.5662568],[77.2469661,28.5662239],[77.2468977,28.5663035],[77.24717,28.5668254],[77.2472581,28.5669623],[77.2474774,28.5668785],[77.2476981,28.5673022],[77.2469277,28.5675961],[77.2463294,28.5664665],[77.2443022,28.5673222],[77.2418218,28.5683343],[77.2406817,28.5688122],[77.2390682,28.5694563],[77.2374006,28.5701379],[77.2365875,28.5704815],[77.2366084,28.5705197]],[[77.2496543,28.5586226],[77.2496295,28.5590122],[77.2498472,28.5590472],[77.2499036,28.5586435],[77.2496543,28.5586226]]],[[[77.2399086,28.590938],[77.2398881,28.590222],[77.2398962,28.5899683],[77.2399597,28.5896121],[77.2401487,28.589158],[77.2405829,28.5884609],[77.240813,28.5880285],[77.2408644,28.5877985],[77.2409161,28.5867427],[77.2408798,28.5855993],[77.2408248,28.5845617],[77.2407711,28.5841981],[77.2405228,28.5837105],[77.2400325,28.5829081],[77.238946,28.5811493],[77.2387717,28.5808371],[77.2385909,28.5803459],[77.2385106,28.5797883],[77.238552,28.5755168],[77.2385528,28.5750124],[77.2384829,28.5746483],[77.2382914,28.5742767],[77.2389824,28.5742705],[77.2390125,28.573705],[77.2390368,28.572766],[77.2400554,28.5727867],[77.2414824,28.5728055],[77.2414735,28.5735016],[77.2414401,28.5748565],[77.2414263,28.5763028],[77.2428464,28.5763249],[77.2431851,28.5763361],[77.2431719,28.5768562],[77.2431586,28.5784504],[77.2431419,28.5790465],[77.2441429,28.5790815],[77.2457134,28.579085],[77.24568,28.58128],[77.2456675,28.5829613],[77.2455763,28.5832305],[77.2454649,28.5831542],[77.245285,28.583401],[77.2451643,28.5836634],[77.2449321,28.5842552],[77.2447832,28.5846598],[77.2445026,28.5851588],[77.2444382,28.5853378],[77.2443057,28.5858517],[77.2440298,28.5866633],[77.2440352,28.5866969],[77.2433373,28.5874522],[77.2428453,28.5878958],[77.2421993,28.5885038],[77.2411521,28.5895239],[77.2403791,28.5903521],[77.2399086,28.590938]]]]},"properties":{"fill-opacity":0,"stroke-opacity":1,"stroke":"#ff0000","WNo_SEC":146,"AC_No":42,"AC_No_1":42,"AC_Name":"KASTURBA NAGAR","Ward_No":146,"WardName":"AMAR COLONY","TotalPop":56045,"SC_Pop":2235,"NW2022":"146, AMAR COLONY"},"id":209},
{"type":"Feature","geometry":{"type":"MultiPolygon","coordinates":[[[[77.2496543,28.5586226],[77.2499036,28.5586435],[77.2498472,28.5590472],[77.2496295,28.5590122],[77.2496543,28.5586226]]],[[[77.2582881,28.5724678],[77.2577,28.57205],[77.2568578,28.5714759],[77.2564459,28.5711486],[77.25606,28.57091],[77.2555849,28.5706814],[77.2551608,28.5704293],[77.2548369,28.5701747],[77.2545811,28.5699328],[77.2543703,28.5696713],[77.2541929,28.5693843],[77.2539564,28.5688566],[77.253809,28.5685796],[77.2531785,28.5673324],[77.2528414,28.566751],[77.2526972,28.5665621],[77.2524771,28.566341],[77.2521851,28.5661161],[77.2527094,28.5654342],[77.2538027,28.564147],[77.2540934,28.5638347],[77.2547273,28.5630992],[77.2550356,28.5628741],[77.2552241,28.56279],[77.2552411,28.5619706],[77.2537831,28.5619461],[77.2531269,28.562],[77.2523188,28.5620969],[77.2517813,28.5621458],[77.2517795,28.5618485],[77.2518312,28.5610833],[77.2519058,28.5609156],[77.2521042,28.560751],[77.2525278,28.5604711],[77.252637,28.5603131],[77.252827,28.5601234],[77.2533013,28.5598108],[77.253186,28.5596408],[77.253133,28.5593054],[77.2529534,28.559269],[77.2526109,28.5590479],[77.2520507,28.5586505],[77.2523812,28.5582529],[77.2527897,28.5578011],[77.2528886,28.5577242],[77.2531826,28.5573639],[77.2535011,28.557009],[77.2536712,28.5567738],[77.2542323,28.557041],[77.2546141,28.5572379],[77.2548726,28.5574123],[77.2550892,28.5576207],[77.2558837,28.5586628],[77.2563534,28.5592961],[77.2572039,28.5587888],[77.2580373,28.5583039],[77.2584438,28.5580783],[77.2587595,28.5578667],[77.2590522,28.5577024],[77.2596909,28.5584867],[77.2597833,28.558613],[77.26006,28.55847],[77.2609667,28.5579686],[77.262122,28.5592563],[77.262574,28.5587265],[77.2635607,28.5575934],[77.2641017,28.5569831],[77.2645367,28.5566217],[77.2651036,28.5559692],[77.2654136,28.5554055],[77.26572,28.55497],[77.2654573,28.5545653],[77.2655007,28.5544935],[77.2651932,28.553939],[77.2648623,28.5532062],[77.264504,28.552256],[77.2642912,28.5516222],[77.2642292,28.5516251],[77.2639959,28.5509864],[77.2638389,28.5506108],[77.2635922,28.5501756],[77.2632537,28.5497939],[77.263004,28.5495983],[77.262789,28.5494722],[77.2624336,28.5493248],[77.2622734,28.5492818],[77.2623634,28.5489929],[77.2624215,28.5486711],[77.262546,28.5483891],[77.2626349,28.5483258],[77.2629272,28.5476358],[77.2633348,28.546643],[77.2634722,28.5462852],[77.2638846,28.5453131],[77.2641025,28.544697],[77.26421,28.54468],[77.26434,28.5443605],[77.2661354,28.5447903],[77.2664059,28.5448458],[77.2671393,28.5453071],[77.2682222,28.5458334],[77.2685824,28.5460319],[77.2687119,28.5460686],[77.2692571,28.5460574],[77.2694527,28.5461097],[77.2698027,28.54632],[77.2694292,28.5470489],[77.2700425,28.5473643],[77.2725363,28.5487506],[77.2735599,28.54931],[77.2748204,28.5500506],[77.2749547,28.549869],[77.2769552,28.5475913],[77.279515,28.5486786],[77.2797917,28.5488235],[77.2818521,28.5458899],[77.2830029,28.5442085],[77.2834158,28.5443921],[77.284058,28.5465145],[77.2847127,28.5482797],[77.2847929,28.5484097],[77.2836888,28.5504292],[77.282441,28.5499358],[77.2810932,28.5493631],[77.2801949,28.5514186],[77.2802558,28.5517956],[77.2789725,28.5513824],[77.2785763,28.5523177],[77.2780481,28.5536539],[77.2792655,28.5540631],[77.2789591,28.5549014],[77.2790559,28.5549698],[77.2801244,28.5558389],[77.2795551,28.5562141],[77.2791354,28.5565265],[77.2780844,28.5573348],[77.2780231,28.5573424],[77.2774647,28.5569404],[77.276928,28.5575629],[77.2766433,28.558002],[77.2757053,28.557423],[77.2757015,28.5573675],[77.2760778,28.556912],[77.2764465,28.5565303],[77.2762566,28.5563819],[77.275949,28.5561982],[77.2752482,28.5568296],[77.2742855,28.5577969],[77.2741344,28.5579382],[77.273696,28.5584174],[77.2733736,28.5589886],[77.2730847,28.5595496],[77.2729453,28.5598813],[77.2727328,28.5607022],[77.2726703,28.5610011],[77.2715075,28.5609826],[77.2702849,28.5609307],[77.2702703,28.5616755],[77.2705411,28.5617917],[77.270964,28.5620937],[77.27118,28.5622121],[77.2713919,28.5622648],[77.2720045,28.5625542],[77.2714102,28.5635139],[77.271205,28.5638872],[77.2707333,28.5646572],[77.2705465,28.5649825],[77.2702797,28.5653855],[77.2699297,28.5660259],[77.2696041,28.5666891],[77.2694244,28.566992],[77.2690001,28.5676279],[77.2685169,28.5683292],[77.2676824,28.5694764],[77.2673834,28.5692361],[77.2671456,28.5693702],[77.2669614,28.5695343],[77.2667626,28.5697661],[77.2666117,28.5700525],[77.2665602,28.5702199],[77.2664259,28.5702148],[77.266359,28.5705032],[77.266813,28.5707211],[77.2663174,28.5715672],[77.26605,28.57206],[77.2655648,28.5730128],[77.2653306,28.5733468],[77.2648931,28.5738863],[77.2640912,28.5748083],[77.2632544,28.5757298],[77.2624378,28.575196],[77.2601966,28.5737603],[77.2597697,28.5734791],[77.2582881,28.5724678]]]]},"properties":{"fill-opacity":0,"stroke-opacity":1,"stroke":"#ff0000","WNo_SEC":174,"AC_No":51,"AC_No_1":51,"AC_Name":"KALKAJI","Ward_No":174,"WardName":"SRI NIWAS PURI","TotalPop":70489,"SC_Pop":8174,"NW2022":"174, SRI NIWAS PURI"},"id":210},
{"type":"Feature","geometry":{"type":"Polygon","coordinates":[[[77.1838268,28.550585],[77.1833897,28.5499325],[77.1829739,28.5492725],[77.1830463,28.5492344],[77.1829472,28.5490665],[77.1830769,28.5490017],[77.1829662,28.5488758],[77.1826305,28.5481548],[77.1822147,28.5474415],[77.1819935,28.5471249],[77.1816807,28.5472202],[77.1808147,28.5475254],[77.18046,28.5476627],[77.1802883,28.5477047],[77.1798229,28.5478764],[77.1793613,28.5464725],[77.1791325,28.5459309],[77.1788616,28.5454731],[77.178072,28.5442905],[77.1775188,28.5434933],[77.1770954,28.5428677],[77.176449,28.5418614],[77.1774104,28.5358439],[77.179989,28.5349803],[77.1805986,28.5350179],[77.1854522,28.5324731],[77.1854028,28.5321456],[77.1852817,28.5318947],[77.1851684,28.5317822],[77.1849585,28.5314661],[77.1847042,28.5309968],[77.1847474,28.5308427],[77.1848585,28.5307226],[77.184919,28.5305249],[77.1849001,28.5301941],[77.1848114,28.5299123],[77.1849001,28.5298123],[77.1849563,28.5295116],[77.1851054,28.5293917],[77.1856448,28.529218],[77.1859856,28.5291677],[77.186965,28.5289056],[77.1876806,28.528685],[77.188121,28.5284359],[77.1891942,28.527665],[77.1892105,28.5276824],[77.1896437,28.5281326],[77.1900466,28.5285319],[77.1906556,28.5289614],[77.1916056,28.5295429],[77.1931944,28.530551],[77.1941776,28.5311653],[77.1944551,28.5313805],[77.1948528,28.5318125],[77.1949165,28.5317714],[77.1950188,28.5320275],[77.1956291,28.5327816],[77.1962509,28.5335641],[77.1963853,28.5337863],[77.1965507,28.5342038],[77.1967353,28.5347595],[77.1969115,28.535172],[77.1970749,28.535494],[77.1974282,28.5362953],[77.197568,28.5364251],[77.1980106,28.5372731],[77.198238,28.5378055],[77.1982957,28.537976],[77.1984636,28.5383299],[77.1988272,28.5389318],[77.1991288,28.5395888],[77.199266,28.5399475],[77.1995791,28.5409432],[77.2000486,28.5418738],[77.200172,28.5421547],[77.2006021,28.5429871],[77.2014321,28.544673],[77.2030748,28.5440637],[77.20383,28.54388],[77.20422,28.54384],[77.2049197,28.54379],[77.20521,28.54379],[77.2060366,28.5437271],[77.20638,28.54369],[77.2070217,28.5436497],[77.208832,28.5435015],[77.2087999,28.5438201],[77.2089299,28.5450701],[77.2089599,28.5454801],[77.2090399,28.5457701],[77.2091699,28.5461201],[77.2092724,28.5464802],[77.2093906,28.5468006],[77.2098299,28.5481201],[77.2100199,28.5486101],[77.2102146,28.5491543],[77.2104206,28.5498409],[77.2108258,28.5509214],[77.2109736,28.5513968],[77.2113396,28.5523863],[77.21171,28.5530415],[77.2120609,28.5535107],[77.2123013,28.5537815],[77.2126881,28.5541595],[77.2130452,28.5544568],[77.2147923,28.5557305],[77.2165005,28.557001],[77.2178759,28.5580032],[77.2183415,28.5583359],[77.2211801,28.5604187],[77.2217512,28.5608633],[77.2220487,28.5611444],[77.2222859,28.5614101],[77.2217488,28.5614448],[77.2217573,28.5615539],[77.2214904,28.5615659],[77.2214546,28.5611464],[77.2213599,28.5610696],[77.2209041,28.5610707],[77.2207081,28.5609159],[77.2201209,28.5615182],[77.2204422,28.5618146],[77.2208297,28.5622323],[77.2214459,28.5628229],[77.2209218,28.5631204],[77.220755,28.5632365],[77.2207832,28.5639358],[77.2215113,28.5639896],[77.2214568,28.5641886],[77.2214358,28.5647318],[77.2214547,28.5648047],[77.2219537,28.5646499],[77.2220595,28.5650026],[77.2218766,28.5650802],[77.2218712,28.5651757],[77.2215387,28.5652658],[77.2218644,28.5658735],[77.2216891,28.5659591],[77.2215835,28.5658079],[77.2213471,28.5659148],[77.2210177,28.5652375],[77.2206465,28.5653207],[77.2205687,28.5652579],[77.2204607,28.5648832],[77.2203973,28.5648232],[77.2203022,28.5644764],[77.2203114,28.5644011],[77.220206,28.564167],[77.2199082,28.5642779],[77.219724,28.5642991],[77.2189452,28.5646567],[77.218935,28.5647462],[77.2182331,28.5650987],[77.2179795,28.5652498],[77.2172138,28.5656598],[77.2175118,28.5661903],[77.2168417,28.5664857],[77.2166354,28.5661386],[77.2163399,28.5662394],[77.2162843,28.5661371],[77.2157437,28.5663394],[77.2154005,28.5664482],[77.2152398,28.566565],[77.2151827,28.5665857],[77.2144222,28.5657592],[77.214085,28.5655214],[77.213761,28.5653733],[77.2129888,28.5650993],[77.2126152,28.5649254],[77.2124076,28.5647488],[77.2116817,28.5639807],[77.211096,28.5634136],[77.2107996,28.5631417],[77.2107203,28.5629597],[77.21063,28.5624345],[77.2104146,28.5618814],[77.2101448,28.5616191],[77.2094595,28.5609969],[77.2091899,28.5607247],[77.2091235,28.5606225],[77.2091047,28.5604428],[77.2089685,28.5604284],[77.2086952,28.5605395],[77.2084155,28.560704],[77.2075904,28.5614192],[77.2073616,28.5616653],[77.2073075,28.5613034],[77.2070966,28.5594614],[77.2069148,28.5589764],[77.206331,28.5559564],[77.2062205,28.5555641],[77.2060672,28.5551626],[77.2054876,28.5539351],[77.2052628,28.5534777],[77.2048526,28.5527584],[77.2045256,28.5519692],[77.2041361,28.5510564],[77.2038969,28.5504123],[77.2036373,28.5495932],[77.2035953,28.5496046],[77.203313,28.5486174],[77.2029151,28.5475497],[77.202507,28.5467097],[77.2022076,28.5461834],[77.2017558,28.5454231],[77.2013569,28.5446973],[77.2004924,28.5450024],[77.200054,28.5451271],[77.1986698,28.5454501],[77.1978598,28.5456701],[77.1974697,28.5457401],[77.1971498,28.5458301],[77.1965798,28.5459601],[77.1955013,28.5462399],[77.1953297,28.5463009],[77.1945515,28.5465298],[77.1930523,28.5470028],[77.1923695,28.547205],[77.191843,28.5473728],[77.1910686,28.5476856],[77.1887882,28.5485895],[77.1875248,28.5490856],[77.1868153,28.5493717],[77.1856747,28.5498142],[77.1843815,28.550333],[77.1839809,28.5505238],[77.1838453,28.5506121],[77.1838268,28.550585]],[[77.1860752,28.5444164],[77.1910038,28.5424366],[77.1923847,28.5419254],[77.1920517,28.5416595],[77.1906709,28.5413108],[77.1899148,28.5409615],[77.1892809,28.540527],[77.1886346,28.5401435],[77.1883621,28.5396509],[77.1873226,28.539957],[77.1866398,28.5401134],[77.1861426,28.5402071],[77.1854631,28.5404131],[77.1850567,28.5405483],[77.1846439,28.5407763],[77.1838462,28.5412393],[77.1832123,28.5416236],[77.1838663,28.5424211],[77.1837139,28.5433979],[77.1839924,28.5438386],[77.1840753,28.5438641],[77.1851025,28.5435925],[77.185606,28.5436993],[77.1857978,28.5440956],[77.1860752,28.5444164]]]},"properties":{"fill-opacity":0,"stroke-opacity":1,"stroke":"#ff0000","WNo_SEC":148,"AC_No":43,"AC_No_1":43,"AC_Name":"MALVIYA NAGAR","Ward_No":148,"WardName":"HAUZ KHAS","TotalPop":45509,"SC_Pop":4368,"NW2022":"148, HAUZ KHAS"},"id":211},
{"type":"Feature","geometry":{"type":"MultiPolygon","coordinates":[[[[77.2147021,28.5160884],[77.2144505,28.5165773],[77.2143935,28.5167605],[77.2143578,28.5172238],[77.2143791,28.5180209],[77.2153014,28.5179233],[77.21574,28.51945],[77.21633,28.52163],[77.2164385,28.5219897],[77.2165024,28.5224134],[77.21655,28.52308],[77.21654,28.52343],[77.21643,28.52412],[77.21622,28.52477],[77.215958,28.5256355],[77.217094,28.5258767],[77.2183026,28.526174],[77.2201722,28.5266438],[77.2213675,28.5269763],[77.2218072,28.5270882],[77.2209148,28.5298808],[77.220683,28.5306707],[77.22026,28.53056],[77.21837,28.53013],[77.2177615,28.5299871],[77.214205,28.5291203],[77.2132173,28.5288117],[77.2125115,28.5285415],[77.2121222,28.5284118],[77.2115575,28.528292],[77.2108204,28.5282062],[77.2095453,28.5281147],[77.2080174,28.5279581],[77.2068475,28.527853],[77.2058634,28.5278451],[77.2051882,28.5278776],[77.204043,28.5280918],[77.2034234,28.5283215],[77.2026686,28.5286835],[77.2006827,28.5296563],[77.1990822,28.5304271],[77.1982394,28.5308466],[77.1977111,28.5310533],[77.1974211,28.5311463],[77.1967428,28.5312862],[77.1956091,28.5314955],[77.1953107,28.5315791],[77.1949165,28.5317714],[77.1948528,28.5318125],[77.1944551,28.5313805],[77.1941776,28.5311653],[77.1931944,28.530551],[77.1916056,28.5295429],[77.1906556,28.5289614],[77.1900466,28.5285319],[77.1896437,28.5281326],[77.1892105,28.5276824],[77.190053,28.5268726],[77.1901216,28.5267391],[77.1901331,28.5265293],[77.190072,28.5260601],[77.1900797,28.5249119],[77.1901026,28.5241604],[77.1901102,28.5234623],[77.1901729,28.523445],[77.1900507,28.5229576],[77.1898196,28.5221811],[77.189733,28.5217331],[77.1896085,28.5202873],[77.1895475,28.519723],[77.189411,28.5182668],[77.1893049,28.5179331],[77.1887895,28.5170472],[77.188272,28.5161736],[77.1879625,28.5157734],[77.1875913,28.5153856],[77.186055,28.5136724],[77.1854974,28.5130645],[77.1860904,28.5125413],[77.1865203,28.5121871],[77.187238,28.5115491],[77.187658,28.5111635],[77.1880911,28.5114149],[77.1881508,28.5114124],[77.1890845,28.5108675],[77.1890946,28.5108498],[77.1902034,28.5102926],[77.190675,28.5101121],[77.1911988,28.5100543],[77.1918001,28.5102575],[77.1925436,28.5107214],[77.1942217,28.5122114],[77.1944557,28.5125214],[77.1944132,28.5129909],[77.194211,28.5142117],[77.1942568,28.5143337],[77.1944666,28.5151463],[77.1944933,28.5154591],[77.1947061,28.5156574],[77.1950719,28.5158785],[77.1951647,28.5159855],[77.1953935,28.5164967],[77.1954851,28.51684],[77.1954851,28.5169506],[77.1952791,28.5170536],[77.1955538,28.5173244],[77.1961717,28.5177937],[77.1967287,28.5181141],[77.1975412,28.5184193],[77.197854,28.5185604],[77.197999,28.5187435],[77.1984616,28.5192543],[77.1983789,28.5193771],[77.1992399,28.5199948],[77.1994231,28.5201451],[77.1995228,28.5201822],[77.1999067,28.5200843],[77.2000533,28.5200126],[77.2002087,28.5202074],[77.200497,28.5204492],[77.2010138,28.520769],[77.2011485,28.5208354],[77.2021216,28.5205909],[77.2032859,28.5203511],[77.2043516,28.5200908],[77.2056009,28.5198536],[77.206319,28.5197086],[77.2069462,28.5195276],[77.2078345,28.5193407],[77.2076923,28.5190631],[77.2075614,28.5187314],[77.2075782,28.5181083],[77.2075434,28.517749],[77.2103711,28.5170346],[77.2123284,28.5166016],[77.2147021,28.5160884]]],[[[77.1860752,28.5444164],[77.1857978,28.5440956],[77.185606,28.5436993],[77.1851025,28.5435925],[77.1840753,28.5438641],[77.1839924,28.5438386],[77.1837139,28.5433979],[77.1838663,28.5424211],[77.1832123,28.5416236],[77.1838462,28.5412393],[77.1846439,28.5407763],[77.1850567,28.5405483],[77.1854631,28.5404131],[77.1861426,28.5402071],[77.1866398,28.5401134],[77.1873226,28.539957],[77.1883621,28.5396509],[77.1886346,28.5401435],[77.1892809,28.540527],[77.1899148,28.5409615],[77.1906709,28.5413108],[77.1920517,28.5416595],[77.1923847,28.5419254],[77.1910038,28.5424366],[77.1860752,28.5444164]]],[[[77.1663352,28.5534204],[77.1662725,28.5532205],[77.1659646,28.5527773],[77.1657973,28.5528599],[77.1654816,28.5530638],[77.1654408,28.5531954],[77.1647803,28.5545197],[77.1643118,28.5541726],[77.1635043,28.5534978],[77.1632737,28.5530753],[77.1629386,28.552554],[77.1623045,28.5514968],[77.1639366,28.5500726],[77.1608906,28.5459742],[77.160067,28.5448577],[77.1588709,28.5432556],[77.1568251,28.5405078],[77.1552297,28.5383568],[77.1546636,28.5376149],[77.154634,28.5375562],[77.1538292,28.5364668],[77.1536383,28.5362262],[77.1528714,28.5351788],[77.152385,28.5345297],[77.1538196,28.5337074],[77.1548399,28.5330943],[77.1559354,28.5324658],[77.155921,28.532423],[77.1575333,28.5315451],[77.1588409,28.5308439],[77.1612107,28.529338],[77.1631336,28.5282307],[77.1648252,28.527225],[77.1653637,28.5269405],[77.1655894,28.5267752],[77.1663609,28.5263195],[77.1672535,28.525835],[77.1689739,28.524931],[77.1690502,28.5249043],[77.1693096,28.5255718],[77.1696596,28.5265408],[77.169817,28.5268154],[77.1701221,28.5271511],[77.170351,28.527441],[77.1705026,28.5275822],[77.1707582,28.5277233],[77.1710911,28.5278339],[77.1717052,28.5279675],[77.1718998,28.5281124],[77.1719646,28.5282307],[77.1720371,28.5285625],[77.1720104,28.5288525],[77.1719723,28.5289593],[77.1717434,28.529211],[77.171484,28.5293827],[77.1712709,28.5296197],[77.1709986,28.5299816],[77.1708965,28.5301762],[77.1708965,28.5303288],[77.1711477,28.5310567],[77.1714191,28.5319042],[77.1720867,28.5338879],[77.1722927,28.5345249],[77.1726894,28.5356922],[77.1728802,28.5361767],[77.1731739,28.5366917],[77.1735516,28.5372829],[77.1740132,28.5379786],[77.1748063,28.5391945],[77.1749401,28.5394154],[77.1756268,28.5404568],[77.1759167,28.5409107],[77.176449,28.5418614],[77.1770954,28.5428677],[77.1775188,28.5434933],[77.178072,28.5442905],[77.1788616,28.5454731],[77.1791325,28.5459309],[77.1793613,28.5464725],[77.1798229,28.5478764],[77.1802883,28.5477047],[77.18046,28.5476627],[77.1808147,28.5475254],[77.1816807,28.5472202],[77.1819935,28.5471249],[77.1822147,28.5474415],[77.1826305,28.5481548],[77.1829662,28.5488758],[77.1830769,28.5490017],[77.1829472,28.5490665],[77.1830463,28.5492344],[77.1829739,28.5492725],[77.1833897,28.5499325],[77.1838268,28.550585],[77.182999,28.5511204],[77.1825534,28.5514287],[77.1814538,28.5521388],[77.1808666,28.5525285],[77.1795425,28.5533877],[77.1786548,28.5539723],[77.1780099,28.5533543],[77.1772734,28.5536115],[77.177177,28.5535983],[77.1764802,28.5530105],[77.1760905,28.5526657],[77.1752743,28.5519822],[77.174556,28.5513948],[77.1742126,28.5510966],[77.1736858,28.5505847],[77.1732632,28.5502276],[77.1729207,28.5499778],[77.1713432,28.5506459],[77.1706576,28.5509672],[77.1697901,28.5514723],[77.1694022,28.5517086],[77.1685707,28.5521869],[77.1681239,28.5524541],[77.1669835,28.5530992],[77.1664348,28.5534228],[77.1663352,28.5534204]]],[[[77.1540095,28.5538911],[77.1535834,28.5528845],[77.1536508,28.5524071],[77.1540839,28.5519705],[77.1538655,28.551401],[77.153868,28.5511252],[77.1539749,28.5509982],[77.1541881,28.5509125],[77.1543701,28.5508845],[77.1545007,28.5509254],[77.1549286,28.5514271],[77.1549963,28.5515621],[77.1550545,28.5518333],[77.1552036,28.5519814],[77.1552852,28.5522057],[77.1553295,28.5525882],[77.1555582,28.5528638],[77.155757,28.5530684],[77.1559773,28.5535304],[77.156056,28.553608],[77.1562471,28.5536336],[77.1564689,28.5535692],[77.156847,28.5536169],[77.1571727,28.5538731],[77.1572519,28.5539793],[77.15742,28.5540697],[77.1576967,28.5541119],[77.1577845,28.5538455],[77.157913,28.553779],[77.1581715,28.5539289],[77.1583058,28.5539482],[77.15842,28.5538697],[77.1587034,28.5540795],[77.1588827,28.5542642],[77.159169,28.5547165],[77.1590427,28.5548653],[77.1587742,28.5550464],[77.1579606,28.555473],[77.1575219,28.5556651],[77.1572225,28.5557547],[77.1566032,28.5552949],[77.1564729,28.5552783],[77.1564153,28.5553665],[77.1555805,28.5561541],[77.1549648,28.5567474],[77.1542011,28.5574484],[77.1533748,28.5570766],[77.1538373,28.5563092],[77.1540932,28.5560243],[77.1542533,28.5559034],[77.1544263,28.5558362],[77.1546408,28.5558113],[77.1551465,28.5557009],[77.15508,28.5554214],[77.1551229,28.5552704],[77.1549757,28.555213],[77.1548774,28.5546203],[77.1545666,28.5545164],[77.1544104,28.5542789],[77.1543358,28.5542511],[77.1540095,28.5538911]]]]},"properties":{"fill-opacity":0,"stroke-opacity":1,"stroke":"#ff0000","WNo_SEC":154,"AC_No":45,"AC_No_1":45,"AC_Name":"MEHRAULI","Ward_No":154,"WardName":"LADO SARAI","TotalPop":68172,"SC_Pop":16349,"NW2022":"154, LADO SARAI"},"id":212},
{"type":"Feature","geometry":{"type":"Polygon","coordinates":[[[77.2222708,28.5310286],[77.222016,28.5323007],[77.2212494,28.5323201],[77.2212557,28.5324371],[77.2208198,28.5324309],[77.2205552,28.5324555],[77.220004,28.5326028],[77.219617,28.5326792],[77.2189882,28.5327798],[77.21887,28.5324139],[77.2187025,28.5319738],[77.218654,28.5316481],[77.218409,28.531561],[77.2184291,28.5313866],[77.2181573,28.5313663],[77.2180267,28.5314358],[77.2176188,28.5313731],[77.2170645,28.5313665],[77.2170365,28.5318521],[77.2164816,28.5317977],[77.2162468,28.5317479],[77.216315,28.5312534],[77.2158593,28.5312161],[77.2158426,28.531346],[77.2155448,28.531299],[77.2155879,28.5310968],[77.2151399,28.5310512],[77.214484,28.5310406],[77.2144608,28.5313424],[77.2138828,28.531377],[77.213881,28.5316073],[77.2131493,28.5315485],[77.2130922,28.5317437],[77.2132693,28.5317792],[77.2139026,28.531825],[77.2143739,28.5318978],[77.2141864,28.5325488],[77.214105,28.5327029],[77.2146424,28.5330632],[77.2147424,28.5331913],[77.214729,28.5334644],[77.2145198,28.5340996],[77.214445,28.5345516],[77.2145734,28.5346425],[77.2149558,28.535013],[77.2153392,28.5354294],[77.2158799,28.535558],[77.2180154,28.5360169],[77.2178158,28.5367718],[77.2178021,28.5368932],[77.2175354,28.5377806],[77.2173168,28.5381428],[77.2171579,28.5382998],[77.2162708,28.5389626],[77.2157121,28.5385013],[77.2154338,28.5382884],[77.2151622,28.5381366],[77.2149375,28.5380891],[77.2147823,28.5381047],[77.2145937,28.538183],[77.2140999,28.5385435],[77.2134341,28.5389115],[77.2131976,28.5391136],[77.2131095,28.5392799],[77.2127705,28.5404224],[77.2125835,28.5406971],[77.2124424,28.5407887],[77.2120953,28.5409336],[77.2117786,28.541029],[77.211298,28.5412006],[77.2109013,28.5412426],[77.2106533,28.5412922],[77.2104664,28.5413647],[77.2102184,28.5415096],[77.2099857,28.5418034],[77.2093678,28.5428944],[77.2091122,28.5430775],[77.2089443,28.5432453],[77.208832,28.5435015],[77.2070217,28.5436497],[77.20638,28.54369],[77.2060366,28.5437271],[77.20521,28.54379],[77.2049197,28.54379],[77.20422,28.54384],[77.20383,28.54388],[77.2030748,28.5440637],[77.2014321,28.544673],[77.2006021,28.5429871],[77.200172,28.5421547],[77.2000486,28.5418738],[77.1995791,28.5409432],[77.199266,28.5399475],[77.1991288,28.5395888],[77.1988272,28.5389318],[77.1984636,28.5383299],[77.1982957,28.537976],[77.198238,28.5378055],[77.1980106,28.5372731],[77.197568,28.5364251],[77.1974282,28.5362953],[77.1970749,28.535494],[77.1969115,28.535172],[77.1967353,28.5347595],[77.1965507,28.5342038],[77.1963853,28.5337863],[77.1962509,28.5335641],[77.1956291,28.5327816],[77.1950188,28.5320275],[77.1949165,28.5317714],[77.1953107,28.5315791],[77.1956091,28.5314955],[77.1967428,28.5312862],[77.1974211,28.5311463],[77.1977111,28.5310533],[77.1982394,28.5308466],[77.1990822,28.5304271],[77.2006827,28.5296563],[77.2026686,28.5286835],[77.2034234,28.5283215],[77.204043,28.5280918],[77.2051882,28.5278776],[77.2058634,28.5278451],[77.2068475,28.527853],[77.2080174,28.5279581],[77.2095453,28.5281147],[77.2108204,28.5282062],[77.2115575,28.528292],[77.2121222,28.5284118],[77.2125115,28.5285415],[77.2132173,28.5288117],[77.214205,28.5291203],[77.2177615,28.5299871],[77.21837,28.53013],[77.22026,28.53056],[77.220683,28.5306707],[77.2222708,28.5310286]]]},"properties":{"fill-opacity":0,"stroke-opacity":1,"stroke":"#ff0000","WNo_SEC":149,"AC_No":43,"AC_No_1":43,"AC_Name":"MALVIYA NAGAR","Ward_No":149,"WardName":"MALVIYA NAGAR","TotalPop":62475,"SC_Pop":5106,"NW2022":"149, MALVIYA NAGAR"},"id":213},
{"type":"Feature","geometry":{"type":"Polygon","coordinates":[[[77.2222371,28.5792276],[77.2213972,28.579278],[77.2198843,28.5794027],[77.2182581,28.5795201],[77.2161459,28.5796847],[77.2154098,28.5797361],[77.214053,28.5798423],[77.2116106,28.5800408],[77.2114568,28.5795334],[77.2109083,28.5781592],[77.2107208,28.5776281],[77.2103229,28.5766745],[77.2096362,28.5749932],[77.2095375,28.5746549],[77.209391,28.5736709],[77.2093383,28.5731386],[77.2102246,28.5731499],[77.2116565,28.5731966],[77.2130497,28.5731645],[77.2135497,28.5731727],[77.2143239,28.5732604],[77.2150257,28.5735572],[77.2155746,28.5738728],[77.2165236,28.5744783],[77.2179212,28.5754128],[77.2184092,28.5757825],[77.2186342,28.5751811],[77.2187504,28.5749263],[77.2188045,28.5747346],[77.218879,28.5742608],[77.2187512,28.5736011],[77.2186085,28.5732978],[77.2183941,28.5730229],[77.2181231,28.5724452],[77.2179095,28.5719073],[77.2176536,28.5709303],[77.2174901,28.5704555],[77.2171945,28.5698779],[77.2171388,28.5689102],[77.2170326,28.5686302],[77.2167578,28.5681618],[77.2165251,28.5679159],[77.2163158,28.567731],[77.2159765,28.5673881],[77.2152398,28.566565],[77.2154005,28.5664482],[77.2157437,28.5663394],[77.2162843,28.5661371],[77.2163399,28.5662394],[77.2166354,28.5661386],[77.2168417,28.5664857],[77.2175118,28.5661903],[77.2172138,28.5656598],[77.2179795,28.5652498],[77.2182331,28.5650987],[77.218935,28.5647462],[77.2189452,28.5646567],[77.219724,28.5642991],[77.2199082,28.5642779],[77.220206,28.564167],[77.2203114,28.5644011],[77.2203022,28.5644764],[77.2203973,28.5648232],[77.2204607,28.5648832],[77.2205687,28.5652579],[77.2206465,28.5653207],[77.2210177,28.5652375],[77.2213471,28.5659148],[77.2215835,28.5658079],[77.2216891,28.5659591],[77.2218644,28.5658735],[77.2215387,28.5652658],[77.2218712,28.5651757],[77.2218766,28.5650802],[77.2220595,28.5650026],[77.2219537,28.5646499],[77.2214547,28.5648047],[77.2214358,28.5647318],[77.2214568,28.5641886],[77.2215113,28.5639896],[77.2207832,28.5639358],[77.220755,28.5632365],[77.2209218,28.5631204],[77.2214459,28.5628229],[77.2208297,28.5622323],[77.2204422,28.5618146],[77.2201209,28.5615182],[77.2207081,28.5609159],[77.2209041,28.5610707],[77.2213599,28.5610696],[77.2214546,28.5611464],[77.2214904,28.5615659],[77.2217573,28.5615539],[77.2217488,28.5614448],[77.2222859,28.5614101],[77.2225959,28.5618132],[77.2227377,28.562027],[77.2230403,28.5623154],[77.2231598,28.5625085],[77.223516,28.5631703],[77.2238362,28.563729],[77.2239162,28.563935],[77.2239474,28.564191],[77.2240002,28.5643273],[77.2250079,28.5661717],[77.2254942,28.5671163],[77.2255243,28.5678145],[77.2253366,28.5678916],[77.225724,28.5686093],[77.2263905,28.5698166],[77.2270835,28.5710902],[77.2277411,28.5722754],[77.2278551,28.572411],[77.22834,28.57331],[77.22857,28.57369],[77.2289,28.57434],[77.22915,28.57475],[77.2291307,28.5749025],[77.2285886,28.5750889],[77.2284053,28.5751284],[77.2278402,28.5751853],[77.227385,28.5752595],[77.2271308,28.5753815],[77.22687,28.57544],[77.22641,28.57549],[77.22613,28.57555],[77.22547,28.57573],[77.22508,28.57585],[77.2246,28.57607],[77.2237696,28.5765571],[77.2228432,28.5769062],[77.2220886,28.5769938],[77.2219051,28.5770526],[77.2213873,28.5773604],[77.2211331,28.5775592],[77.221271,28.5776916],[77.2215804,28.5780688],[77.2218006,28.5784873],[77.2222371,28.5792276]]]},"properties":{"fill-opacity":0,"stroke-opacity":1,"stroke":"#ff0000","WNo_SEC":147,"AC_No":42,"AC_No_1":42,"AC_Name":"KASTURBA NAGAR","Ward_No":147,"WardName":"KOTLA MUBARAKPUR","TotalPop":49669,"SC_Pop":11030,"NW2022":"147, KOTLA MUBARAKPUR"},"id":214},
{"type":"Feature","geometry":{"type":"Polygon","coordinates":[[[77.1744712,28.7281156],[77.1744748,28.728127],[77.1738646,28.7289444],[77.1726984,28.7304922],[77.1721309,28.731236],[77.171325,28.7323499],[77.1726965,28.7331654],[77.173607,28.7336923],[77.1743372,28.734132],[77.174574,28.7343486],[77.174785,28.7349614],[77.1723247,28.7358943],[77.171657,28.7361372],[77.1702271,28.7366437],[77.1682561,28.7373065],[77.167335,28.7375003],[77.1680945,28.7386028],[77.1681491,28.7386545],[77.1680374,28.7386891],[77.1678214,28.7386124],[77.165822,28.7390863],[77.1655349,28.7377309],[77.1651853,28.7377537],[77.1639643,28.7377662],[77.1631389,28.7377402],[77.1631792,28.7364729],[77.1632366,28.7357819],[77.1632069,28.7353458],[77.1631694,28.7352588],[77.1628008,28.7352014],[77.1627529,28.7347505],[77.1628675,28.7345461],[77.1629435,28.7342937],[77.1630044,28.7342225],[77.1632821,28.7340612],[77.1639323,28.7332096],[77.1649003,28.7319212],[77.1658895,28.730594],[77.16605,28.73043],[77.16697,28.73094],[77.1666818,28.7311145],[77.1666008,28.7311998],[77.1669453,28.7313731],[77.1673718,28.7316206],[77.1670547,28.7320621],[77.1666179,28.7318304],[77.1664479,28.7321308],[77.1663711,28.7321923],[77.1678625,28.7330413],[77.1684515,28.7322442],[77.1692697,28.7311525],[77.1684325,28.730644],[77.1666811,28.7296355],[77.1666196,28.7295941],[77.1671693,28.7288469],[77.1679824,28.7277112],[77.1682239,28.7274146],[77.1690062,28.7264055],[77.1697308,28.7254098],[77.1698443,28.7254652],[77.1715285,28.7264504],[77.1744712,28.7281156]]]},"properties":{"fill-opacity":0,"stroke-opacity":1,"stroke":"#ff0000","WNo_SEC":17,"AC_No":5,"AC_No_1":5,"AC_Name":"BADLI","Ward_No":17,"WardName":"BHALSWA","TotalPop":63537,"SC_Pop":13939,"NW2022":"17, BHALSWA"},"id":215},
{"type":"Feature","geometry":{"type":"Polygon","coordinates":[[[77.1666196,28.7295941],[77.1666811,28.7296355],[77.1684325,28.730644],[77.1692697,28.7311525],[77.1684515,28.7322442],[77.1678625,28.7330413],[77.1663711,28.7321923],[77.1664479,28.7321308],[77.1666179,28.7318304],[77.1670547,28.7320621],[77.1673718,28.7316206],[77.1669453,28.7313731],[77.1666008,28.7311998],[77.1666818,28.7311145],[77.16697,28.73094],[77.16605,28.73043],[77.1658895,28.730594],[77.1649003,28.7319212],[77.1639323,28.7332096],[77.1632821,28.7340612],[77.1630044,28.7342225],[77.1629435,28.7342937],[77.1628675,28.7345461],[77.1627529,28.7347505],[77.1628008,28.7352014],[77.1631694,28.7352588],[77.1632069,28.7353458],[77.1632366,28.7357819],[77.1631792,28.7364729],[77.1631389,28.7377402],[77.1639643,28.7377662],[77.1651853,28.7377537],[77.1655349,28.7377309],[77.165822,28.7390863],[77.1678214,28.7386124],[77.1680374,28.7386891],[77.1681491,28.7386545],[77.1709612,28.7409288],[77.1720296,28.741821],[77.1724674,28.7425547],[77.1690579,28.7441715],[77.1690288,28.7441903],[77.1695314,28.7447983],[77.1699981,28.7454041],[77.1704667,28.7459902],[77.1709206,28.7465034],[77.1710732,28.7467101],[77.1713206,28.7474802],[77.1713521,28.7484415],[77.1714029,28.7486996],[77.1714439,28.7498159],[77.1714364,28.7502513],[77.1703079,28.7502677],[77.1699602,28.7502249],[77.1699293,28.7500755],[77.1697116,28.7498106],[77.1691228,28.7498058],[77.1644783,28.7498817],[77.1611172,28.7497389],[77.1603421,28.7497611],[77.1603283,28.7482847],[77.1589017,28.7483066],[77.1577814,28.7483144],[77.1578101,28.7491273],[77.1569501,28.7491454],[77.1545813,28.7491845],[77.1528582,28.7491929],[77.1519213,28.7491837],[77.1524739,28.7474903],[77.152645,28.7469447],[77.1531034,28.7455422],[77.1535062,28.7442289],[77.1525186,28.7439868],[77.1535039,28.7412228],[77.1534973,28.7412149],[77.15474,28.73758],[77.1550437,28.7370912],[77.1560032,28.7363913],[77.1563789,28.7360554],[77.1566605,28.7357319],[77.1568584,28.735459],[77.1572519,28.7356575],[77.1576198,28.7355371],[77.1578423,28.7353717],[77.1580629,28.7350373],[77.1585428,28.7342705],[77.1585947,28.7341231],[77.1586119,28.7338627],[77.1588772,28.7340394],[77.1601595,28.7323471],[77.1603456,28.7321529],[77.1616975,28.7303221],[77.162138,28.7297388],[77.1627103,28.7289597],[77.1631067,28.7284041],[77.1635426,28.7278279],[77.1639028,28.7280359],[77.1640119,28.7280754],[77.1645986,28.7284358],[77.1653236,28.7288454],[77.1666196,28.7295941]]]},"properties":{"fill-opacity":0,"stroke-opacity":1,"stroke":"#ff0000","WNo_SEC":18,"AC_No":5,"AC_No_1":5,"AC_Name":"BADLI","Ward_No":18,"WardName":"JAHANGIR PURI","TotalPop":80335,"SC_Pop":15048,"NW2022":"18, JAHANGIR PURI"},"id":216},
{"type":"Feature","geometry":{"type":"Polygon","coordinates":[[[77.1457791,28.7637245],[77.145307,28.7637879],[77.1438911,28.7641232],[77.1434829,28.7641957],[77.1424249,28.7644301],[77.1403242,28.7648757],[77.1401996,28.765],[77.1398777,28.7654946],[77.1395841,28.7658807],[77.1393517,28.7659999],[77.1385907,28.7661328],[77.1381875,28.7661463],[77.1379799,28.7661046],[77.1377131,28.7659765],[77.1372271,28.7656533],[77.136981,28.7654284],[77.1363733,28.7648012],[77.1357638,28.7642282],[77.1347564,28.763249],[77.1344378,28.7629671],[77.1336799,28.7622112],[77.1330823,28.7615783],[77.1325538,28.7609644],[77.1319734,28.760332],[77.1317269,28.7600883],[77.1306046,28.7590882],[77.1306453,28.7587883],[77.131017,28.758432],[77.1311775,28.758221],[77.1314909,28.7579045],[77.1322058,28.75702],[77.1329892,28.7564265],[77.1337399,28.755907],[77.1346321,28.755238],[77.1351777,28.7548526],[77.1361098,28.7541464],[77.1368925,28.7535834],[77.1372989,28.7533076],[77.1379344,28.7528397],[77.1383509,28.7525786],[77.1386699,28.7529353],[77.139832,28.7541811],[77.1401141,28.7545115],[77.140527,28.7542308],[77.1406488,28.7541835],[77.1409611,28.7541704],[77.1422424,28.7541684],[77.1427664,28.7541749],[77.1442615,28.7541591],[77.145619,28.7541505],[77.1461615,28.7541242],[77.1468157,28.7541735],[77.1469011,28.7539716],[77.1469958,28.7536197],[77.1473214,28.7529315],[77.1476009,28.7522648],[77.1477359,28.7519737],[77.1483073,28.7522457],[77.1493421,28.7526859],[77.1495991,28.7519652],[77.1496601,28.7520046],[77.1525186,28.7439868],[77.1535062,28.7442289],[77.1531034,28.7455422],[77.152645,28.7469447],[77.1524739,28.7474903],[77.1519213,28.7491837],[77.1528582,28.7491929],[77.1545813,28.7491845],[77.1569501,28.7491454],[77.1578101,28.7491273],[77.1577814,28.7483144],[77.1589017,28.7483066],[77.1603283,28.7482847],[77.1603421,28.7497611],[77.1611172,28.7497389],[77.1644783,28.7498817],[77.1691228,28.7498058],[77.1697116,28.7498106],[77.1699293,28.7500755],[77.1699602,28.7502249],[77.1699401,28.7503774],[77.1699463,28.7510397],[77.1699747,28.7521857],[77.1699619,28.7523313],[77.1698383,28.7523592],[77.1691721,28.7523559],[77.1691893,28.7536273],[77.1692113,28.7540041],[77.1694105,28.7539943],[77.1694308,28.7546247],[77.1691713,28.7557119],[77.1691106,28.7562457],[77.1700169,28.7562899],[77.1702119,28.7563146],[77.1701951,28.7567993],[77.1701343,28.7577324],[77.1701032,28.7585033],[77.1695658,28.7585195],[77.1695767,28.7595232],[77.1695502,28.7603755],[77.1681992,28.7604497],[77.168195,28.7606871],[77.1679924,28.7606848],[77.1654222,28.7607278],[77.1651801,28.7607938],[77.1647533,28.7609446],[77.1634078,28.7614454],[77.1633923,28.761736],[77.1627611,28.7618239],[77.1620276,28.7618313],[77.1620354,28.7620928],[77.1615157,28.7621163],[77.160652,28.7621171],[77.1606561,28.7623116],[77.1593127,28.7626099],[77.158646,28.7627654],[77.1579026,28.7630043],[77.1578875,28.7630465],[77.1574618,28.7633319],[77.1568204,28.762941],[77.1565235,28.7627783],[77.1558532,28.7625798],[77.1554593,28.7633023],[77.1551074,28.7640005],[77.15483239638554,28.76441830361446],[77.1541429,28.7641467],[77.153861,28.7646683],[77.1535428,28.7647981],[77.1531244,28.7651422],[77.1525392,28.765574],[77.1519375,28.7658913],[77.1510959,28.7664183],[77.1497089,28.766411],[77.1497029,28.7661187],[77.1483178,28.7654706],[77.1481334,28.764846],[77.1478397,28.7634861],[77.1477877,28.7632124],[77.1472817,28.7632272],[77.1459702,28.763158],[77.1457791,28.7637245]]]},"properties":{"fill-opacity":0,"stroke-opacity":1,"stroke":"#ff0000","WNo_SEC":19,"AC_No":5,"AC_No_1":5,"AC_Name":"BADLI","Ward_No":19,"WardName":"SARUP NAGAR","TotalPop":78653,"SC_Pop":10629,"NW2022":"19, SARUP NAGAR"},"id":217},
{"type":"Feature","geometry":{"type":"Polygon","coordinates":[[[77.1457774,28.7282461],[77.1460957,28.7284724],[77.15086,28.73164],[77.1517123,28.7321834],[77.1533817,28.7333054],[77.1544797,28.734016],[77.1554638,28.7346221],[77.1568584,28.735459],[77.1566605,28.7357319],[77.1563789,28.7360554],[77.1560032,28.7363913],[77.1550437,28.7370912],[77.15474,28.73758],[77.1534973,28.7412149],[77.1535039,28.7412228],[77.1525186,28.7439868],[77.1496601,28.7520046],[77.1495991,28.7519652],[77.1493421,28.7526859],[77.1483073,28.7522457],[77.1477359,28.7519737],[77.1476009,28.7522648],[77.1473214,28.7529315],[77.1469958,28.7536197],[77.1469011,28.7539716],[77.1468157,28.7541735],[77.1461615,28.7541242],[77.145619,28.7541505],[77.1442615,28.7541591],[77.1427664,28.7541749],[77.1422424,28.7541684],[77.1409611,28.7541704],[77.1406488,28.7541835],[77.140527,28.7542308],[77.1401141,28.7545115],[77.139832,28.7541811],[77.1386699,28.7529353],[77.1383509,28.7525786],[77.1379344,28.7528397],[77.1372989,28.7533076],[77.1368925,28.7535834],[77.1361098,28.7541464],[77.1351777,28.7548526],[77.1346321,28.755238],[77.1337399,28.755907],[77.1329892,28.7564265],[77.1322058,28.75702],[77.1314909,28.7579045],[77.1311775,28.758221],[77.131017,28.758432],[77.1306453,28.7587883],[77.1306046,28.7590882],[77.1317269,28.7600883],[77.1319734,28.760332],[77.1325538,28.7609644],[77.1330823,28.7615783],[77.1336799,28.7622112],[77.1344378,28.7629671],[77.1347564,28.763249],[77.1357638,28.7642282],[77.1363733,28.7648012],[77.136981,28.7654284],[77.1372271,28.7656533],[77.1377131,28.7659765],[77.1379799,28.7661046],[77.1381875,28.7661463],[77.1385907,28.7661328],[77.1393517,28.7659999],[77.1395841,28.7658807],[77.1398777,28.7654946],[77.1401996,28.765],[77.1403242,28.7648757],[77.1424249,28.7644301],[77.1434829,28.7641957],[77.1438911,28.7641232],[77.145307,28.7637879],[77.1457791,28.7637245],[77.1455196,28.7645809],[77.1455058,28.7645869],[77.144913,28.7665052],[77.1421546,28.766539],[77.1397233,28.766547],[77.1390619,28.7665676],[77.1377066,28.766589],[77.1339643,28.7666363],[77.1339899,28.7682366],[77.1326139,28.767698],[77.1319273,28.7675139],[77.1312418,28.7674072],[77.1308195,28.7672009],[77.1296378,28.7665758],[77.1290605,28.7663374],[77.1285675,28.7662091],[77.1281294,28.7660704],[77.1270239,28.7656978],[77.1270384,28.7650768],[77.126947,28.764644],[77.1267196,28.7643866],[77.1265823,28.7642756],[77.1260018,28.7640265],[77.1258156,28.7638785],[77.1253695,28.7636634],[77.1254087,28.763463],[77.1256222,28.7631703],[77.1256561,28.7630371],[77.1257719,28.7622595],[77.1258591,28.7621292],[77.125857,28.7618314],[77.1259323,28.7618284],[77.1259999,28.7616095],[77.1260894,28.7616041],[77.1261123,28.7612965],[77.1239085,28.7613143],[77.1234495,28.7613485],[77.1235462,28.7612408],[77.1267889,28.7577238],[77.1287673,28.7555146],[77.1335729,28.7504469],[77.1336843,28.7503567],[77.1352711,28.748579],[77.1352794,28.7485863],[77.1425655,28.7406547],[77.1436347,28.7395006],[77.1437117,28.7392041],[77.1436168,28.7391062],[77.1435656,28.7386057],[77.1434914,28.7383836],[77.1433755,28.7382221],[77.1430545,28.7378964],[77.1429333,28.7378069],[77.1422752,28.7372495],[77.1416528,28.7366912],[77.1413069,28.7363078],[77.14098,28.73598],[77.1396955,28.7348065],[77.1394565,28.7346121],[77.1389467,28.7341298],[77.13873,28.7339485],[77.1392507,28.7335498],[77.1395703,28.733284],[77.1397485,28.7330993],[77.1398238,28.732962],[77.1403721,28.7316398],[77.1404584,28.7313276],[77.1404618,28.7308625],[77.1407677,28.7308398],[77.1410372,28.7307734],[77.1411954,28.7306945],[77.1418371,28.7302936],[77.142411,28.729957],[77.1435767,28.7294255],[77.1439259,28.7292547],[77.1443047,28.7291054],[77.1449486,28.7289376],[77.1452189,28.7289143],[77.1456016,28.728912],[77.1456433,28.7286554],[77.1457774,28.7282461]]]},"properties":{"fill-opacity":0,"stroke-opacity":1,"stroke":"#ff0000","WNo_SEC":20,"AC_No":5,"AC_No_1":5,"AC_Name":"BADLI","Ward_No":20,"WardName":"SAMAYPUR BADLI","TotalPop":67788,"SC_Pop":15621,"NW2022":"20, SAMAYPUR BADLI"},"id":218},
{"type":"Feature","geometry":{"type":"Polygon","coordinates":[[[77.1285113,28.7443884],[77.1281436,28.7442236],[77.1279385,28.7441552],[77.1274599,28.7440634],[77.1269045,28.7439805],[77.1264836,28.7439021],[77.1254639,28.7436832],[77.1253037,28.744404],[77.1246866,28.7444309],[77.1246914,28.7440894],[77.1247335,28.7440897],[77.1247401,28.7437521],[77.124352,28.7437448],[77.1243725,28.7441167],[77.1235666,28.7441283],[77.123224,28.7441433],[77.1232199,28.7439187],[77.1225767,28.7439259],[77.1225722,28.7442094],[77.1215195,28.744226],[77.1219419,28.7450221],[77.1207527,28.7450465],[77.1202237,28.7454917],[77.1195381,28.7460426],[77.1193677,28.7459002],[77.1185716,28.7451352],[77.1182259,28.7447305],[77.1180113,28.7448112],[77.1179152,28.744254],[77.1173916,28.7443252],[77.1162167,28.7434559],[77.1159039,28.7436428],[77.1153088,28.7429333],[77.1151714,28.7427883],[77.11486538423806,28.74286878800845],[77.1140488,28.742005],[77.1137996,28.7417883],[77.1136585,28.7414777],[77.1132838,28.7409657],[77.1129647,28.7403742],[77.1126598,28.739848],[77.1123583,28.7394022],[77.1117233,28.7395733],[77.1113546,28.7395881],[77.110782,28.7395293],[77.1100806,28.7394824],[77.1091159,28.7393821],[77.1088609,28.73934],[77.1092708,28.7388151],[77.1096392,28.7382465],[77.1101084,28.7379271],[77.1104785,28.7381456],[77.1108848,28.7381464],[77.11123,28.7379333],[77.1114881,28.7382444],[77.1119927,28.7382795],[77.1149743,28.7362346],[77.1140626,28.7351626],[77.115351,28.7342385],[77.1174406,28.7327846],[77.1174332,28.7327758],[77.1184973,28.732007],[77.12276,28.7291505],[77.1247827,28.731476],[77.126982,28.7339817],[77.12956,28.7368616],[77.1303139,28.7376968],[77.1316879,28.7392575],[77.1296201,28.7425512],[77.1285113,28.7443884]]]},"properties":{"fill-opacity":0,"stroke-opacity":1,"stroke":"#ff0000","WNo_SEC":21,"AC_No":6,"AC_No_1":6,"AC_Name":"RITHALA","Ward_No":21,"WardName":"ROHINI-A","TotalPop":66482,"SC_Pop":4014,"NW2022":"21, ROHINI-A"},"id":219},
{"type":"Feature","geometry":{"type":"Polygon","coordinates":[[[77.0959832,28.6990409],[77.096101,28.6989522],[77.0966412,28.6986383],[77.0966703,28.698662],[77.0977221,28.7000976],[77.099382,28.7023103],[77.1015281,28.704746],[77.0993482,28.7062507],[77.0994757,28.7065224],[77.100205,28.7080134],[77.1004223,28.7085016],[77.1007513,28.7091421],[77.1009394,28.7095429],[77.1012435,28.7101384],[77.1013746,28.7104501],[77.1022074,28.7121458],[77.1022158,28.7121401],[77.1023264,28.7123589],[77.1031692,28.7141133],[77.101622,28.7148015],[77.1010317,28.7150702],[77.1009739,28.7150741],[77.100711,28.7158823],[77.1006763,28.7163569],[77.1005647,28.7165626],[77.1006031,28.7169521],[77.1007603,28.7173165],[77.1009769,28.7175791],[77.1006753,28.7180061],[77.100494,28.7181293],[77.1001459,28.7182788],[77.100064,28.7181853],[77.0998501,28.7180985],[77.0995294,28.7180161],[77.0991357,28.7180147],[77.0984303,28.7181104],[77.0980383,28.7181175],[77.097672,28.7180482],[77.0973513,28.7178516],[77.0966358,28.7174922],[77.0962617,28.7174208],[77.0958884,28.7172876],[77.0956384,28.7170995],[77.0955874,28.716491],[77.0954688,28.7161767],[77.0953343,28.7161484],[77.0952102,28.7162074],[77.0946862,28.716589],[77.0942576,28.7161547],[77.0932698,28.7149742],[77.0931686,28.7146129],[77.09324,28.71421],[77.0936922,28.7133635],[77.0940889,28.7125844],[77.0941571,28.7119568],[77.09417,28.71153],[77.094031,28.7111006],[77.0929153,28.7094977],[77.0917402,28.7077496],[77.0908709,28.7064226],[77.0884085,28.7034552],[77.0895262,28.7027487],[77.0904218,28.702213],[77.0907713,28.7019784],[77.0915593,28.7014047],[77.0920039,28.7010576],[77.0923486,28.7008405],[77.0929623,28.7005961],[77.0936058,28.7003383],[77.0945336,28.6999372],[77.0958077,28.6991803],[77.0959832,28.6990409]]]},"properties":{"fill-opacity":0,"stroke-opacity":1,"stroke":"#ff0000","WNo_SEC":24,"AC_No":6,"AC_No_1":6,"AC_Name":"RITHALA","Ward_No":24,"WardName":"VIJAY VIHAR","TotalPop":68107,"SC_Pop":12902,"NW2022":"24, VIJAY VIHAR"},"id":220},
{"type":"Feature","geometry":{"type":"Polygon","coordinates":[[[77.08800145314001,28.703697828516773],[77.0882487,28.7035505],[77.0884085,28.7034552],[77.0908709,28.7064226],[77.0917402,28.7077496],[77.0929153,28.7094977],[77.094031,28.7111006],[77.09417,28.71153],[77.0941571,28.7119568],[77.0940889,28.7125844],[77.0936922,28.7133635],[77.09324,28.71421],[77.0931686,28.7146129],[77.0932698,28.7149742],[77.0942576,28.7161547],[77.0946862,28.716589],[77.0944407,28.716746],[77.0938123,28.7165889],[77.0931538,28.7164861],[77.0929398,28.7164357],[77.0918076,28.7160606],[77.0904191,28.7155363],[77.0896182,28.7151781],[77.0886149,28.7147943],[77.0881089,28.7145582],[77.0875546,28.7143392],[77.0869385,28.7140788],[77.0863068,28.7137561],[77.0859606,28.713607],[77.0855366,28.7134667],[77.0844544,28.7131775],[77.0840795,28.7130431],[77.0834134,28.7127518],[77.0822865,28.7124789],[77.0819791,28.7124588],[77.0813956,28.7125838],[77.0808759,28.7127472],[77.0803786,28.7129706],[77.0801555,28.7128983],[77.0803377,28.7127847],[77.0804779,28.712645],[77.0806239,28.7123582],[77.0807333,28.7118675],[77.080877,28.7104807],[77.0809275,28.7101858],[77.0810638,28.7097406],[77.0812805,28.7094138],[77.0819045,28.7087514],[77.0824931,28.7081074],[77.0831958,28.7074597],[77.0835373,28.7071656],[77.084843,28.7059695],[77.0854836,28.7053924],[77.0861505,28.7048588],[77.0871944,28.7042021],[77.0880275,28.7037274],[77.08800145314001,28.703697828516773]]]},"properties":{"fill-opacity":0,"stroke-opacity":1,"stroke":"#ff0000","WNo_SEC":25,"AC_No":6,"AC_No_1":6,"AC_Name":"RITHALA","Ward_No":25,"WardName":"BUDH VIHAR","TotalPop":51524,"SC_Pop":3755,"NW2022":"25, BUDH VIHAR"},"id":221},
{"type":"Feature","geometry":{"type":"Polygon","coordinates":[[[77.1030912,28.7115193],[77.1031521,28.7116089],[77.1047436,28.7133751],[77.1053281,28.7140648],[77.1047937,28.7144442],[77.1045369,28.7141875],[77.1038252,28.7151349],[77.1037418,28.7152293],[77.104253,28.7157948],[77.1047034,28.7163115],[77.1062995,28.7181239],[77.1061611,28.7182141],[77.1061434,28.718312],[77.1071422,28.7194513],[77.1077589,28.7201278],[77.1079308,28.7201158],[77.1088064,28.7194778],[77.1101355,28.7185412],[77.1110497,28.7179032],[77.114588,28.7154675],[77.1144755,28.7153524],[77.1157887,28.7144473],[77.1161504,28.7142163],[77.1162287,28.7143193],[77.1164236,28.714188],[77.1186769,28.7167209],[77.1198178,28.7179674],[77.121058,28.7193554],[77.122793,28.7212851],[77.1233496,28.7219011],[77.1237468,28.7223577],[77.1243464,28.7230262],[77.1260638,28.7249614],[77.1266955,28.725657],[77.1270788,28.7260974],[77.12276,28.7291505],[77.1184973,28.732007],[77.1101259,28.7226007],[77.1083174,28.7205876],[77.1082261,28.7206007],[77.1076758,28.7209482],[77.1069001,28.7214744],[77.1064672,28.7217166],[77.1056832,28.7222568],[77.1055419,28.7223172],[77.10244,28.7244863],[77.0992456,28.7267142],[77.0991863,28.7266067],[77.0988554,28.7268331],[77.0987301,28.7264193],[77.0984163,28.7251493],[77.0983874,28.723703],[77.0984,28.7231156],[77.0983346,28.7226869],[77.0979833,28.7220076],[77.0973396,28.7209348],[77.0970327,28.7203303],[77.0960201,28.7202925],[77.0960187,28.7206078],[77.0957685,28.7206097],[77.0956671,28.7206988],[77.0956678,28.7208582],[77.0953643,28.7208604],[77.0953524,28.7211293],[77.0952257,28.7211404],[77.0952073,28.7216109],[77.0947427,28.7216073],[77.0947471,28.72239],[77.0947219,28.7225381],[77.0945658,28.7225471],[77.0934949,28.7225479],[77.0934046,28.7226529],[77.0933645,28.7230625],[77.0918429,28.7230799],[77.090647,28.7230855],[77.09064,28.72363],[77.088408,28.7236751],[77.0876046,28.7227695],[77.0869698,28.7220296],[77.086294,28.7212761],[77.0856313,28.720555],[77.0850087,28.719833],[77.0841555,28.7188682],[77.0834216,28.7180239],[77.0831994,28.7177897],[77.0830211,28.717728],[77.0808441,28.719212],[77.0799929,28.7198009],[77.0789892,28.7204838],[77.0779813,28.7211779],[77.0777683,28.72045],[77.0776657,28.7200284],[77.0771696,28.7182353],[77.0770443,28.7176801],[77.076961,28.7171983],[77.0768834,28.7165086],[77.076861,28.7161024],[77.0768769,28.7157136],[77.0769264,28.7151192],[77.0769384,28.7142444],[77.0773843,28.7140557],[77.0788632,28.7134853],[77.0799051,28.7130396],[77.0801555,28.7128983],[77.0803786,28.7129706],[77.0808759,28.7127472],[77.0813956,28.7125838],[77.0819791,28.7124588],[77.0822865,28.7124789],[77.0834134,28.7127518],[77.0840795,28.7130431],[77.0844544,28.7131775],[77.0855366,28.7134667],[77.0859606,28.713607],[77.0863068,28.7137561],[77.0869385,28.7140788],[77.0875546,28.7143392],[77.0881089,28.7145582],[77.0886149,28.7147943],[77.0896182,28.7151781],[77.0904191,28.7155363],[77.0918076,28.7160606],[77.0929398,28.7164357],[77.0931538,28.7164861],[77.0938123,28.7165889],[77.0944407,28.716746],[77.0946862,28.716589],[77.0952102,28.7162074],[77.0953343,28.7161484],[77.0954688,28.7161767],[77.0955874,28.716491],[77.0956384,28.7170995],[77.0958884,28.7172876],[77.0962617,28.7174208],[77.0966358,28.7174922],[77.0973513,28.7178516],[77.097672,28.7180482],[77.0980383,28.7181175],[77.0984303,28.7181104],[77.0991357,28.7180147],[77.0995294,28.7180161],[77.0998501,28.7180985],[77.100064,28.7181853],[77.1001459,28.7182788],[77.100494,28.7181293],[77.1006753,28.7180061],[77.1009769,28.7175791],[77.1007603,28.7173165],[77.1006031,28.7169521],[77.1005647,28.7165626],[77.1006763,28.7163569],[77.100711,28.7158823],[77.1009739,28.7150741],[77.1010317,28.7150702],[77.101622,28.7148015],[77.1031692,28.7141133],[77.1023264,28.7123589],[77.1022158,28.7121401],[77.1030912,28.7115193]]]},"properties":{"fill-opacity":0,"stroke-opacity":1,"stroke":"#ff0000","WNo_SEC":23,"AC_No":6,"AC_No_1":6,"AC_Name":"RITHALA","Ward_No":23,"WardName":"RITHALA","TotalPop":71698,"SC_Pop":9069,"NW2022":"23, RITHALA"},"id":222},
{"type":"Feature","geometry":{"type":"Polygon","coordinates":[[[77.0590108,28.7245894],[77.0590483,28.7246309],[77.0581837,28.7249437],[77.0570159,28.725315],[77.0570487,28.7275555],[77.0582441,28.7275211],[77.0582433,28.7282241],[77.0582659,28.7287845],[77.058294,28.7304543],[77.0591381,28.7304353],[77.0591565,28.7310272],[77.0592202,28.731073],[77.0593361,28.7314499],[77.0593573,28.7316934],[77.0594387,28.7320785],[77.0595076,28.7322916],[77.059732,28.7326451],[77.0596601,28.7328684],[77.0596615,28.7331743],[77.0598975,28.7331789],[77.0600723,28.7332435],[77.060096,28.7336265],[77.060103,28.7342158],[77.0610141,28.7341937],[77.0610388,28.734744],[77.062202,28.734714],[77.0621805,28.7357401],[77.0625692,28.7357382],[77.0625823,28.7361704],[77.0632625,28.7361661],[77.0632787,28.7365446],[77.0624067,28.7365593],[77.060373,28.7366157],[77.0545856,28.7366886],[77.0544877,28.7367019],[77.05319661571222,28.736703800442182],[77.0524239,28.7367113],[77.052474,28.7389697],[77.0524679,28.7393983],[77.0496508,28.7394322],[77.0498348,28.7406567],[77.0502133,28.7432286],[77.0500119,28.7432026],[77.0490543,28.7438204],[77.0483997,28.7442788],[77.0472362,28.7449813],[77.0469578,28.7450259],[77.0466909,28.7451178],[77.046102,28.7453712],[77.0458041,28.74554],[77.0448539,28.7459325],[77.0441694,28.746172],[77.0437206,28.7464045],[77.0429012,28.7466193],[77.0426654,28.746668],[77.0411747,28.7471501],[77.0410119,28.7472586],[77.0404277,28.7475672],[77.0398721,28.7477852],[77.0390302,28.7481434],[77.0388747,28.7481547],[77.03845,28.7482566],[77.0377007,28.7483843],[77.0375468,28.748306],[77.0367581,28.748497],[77.0364675,28.748632],[77.0354675,28.7492648],[77.0352452,28.7494191],[77.0349969,28.7495089],[77.0346556,28.7495828],[77.0342583,28.7496286],[77.03395,28.7496026],[77.033579,28.7496532],[77.033068,28.7498163],[77.0320651,28.750163],[77.0315454,28.7501858],[77.0307094,28.7502443],[77.0302396,28.7503229],[77.0299592,28.7503272],[77.029551,28.7502294],[77.0291813,28.750235],[77.0287174,28.7504103],[77.0282464,28.7504317],[77.0279222,28.7504759],[77.0273809,28.7506452],[77.0270926,28.7506531],[77.0259277,28.7509143],[77.0253366,28.7512596],[77.0249132,28.7514271],[77.0245575,28.7515291],[77.023898,28.7516786],[77.023547,28.7518057],[77.0230626,28.7515654],[77.0224985,28.7517838],[77.0218301,28.7520801],[77.0211071,28.7522511],[77.0209234,28.7523365],[77.0190368,28.7538553],[77.0184336,28.7542213],[77.0176554,28.7545476],[77.0168535,28.7550973],[77.0164011,28.7551972],[77.016197,28.7551969],[77.0161993,28.7550781],[77.0153901,28.7550217],[77.0152513,28.7550224],[77.0151982,28.7547112],[77.0150938,28.753991],[77.0148565,28.7525354],[77.0147839,28.7522977],[77.0144202,28.7513133],[77.013253,28.7483557],[77.0124695,28.7463597],[77.0124391,28.7462962],[77.0107414,28.7468818],[77.0095165,28.7474264],[77.0090962,28.7475473],[77.0085213,28.7476231],[77.0079563,28.7476466],[77.0062248,28.7476172],[77.0057957,28.7476268],[77.0056037,28.7470923],[77.0052686,28.7470786],[77.0051375,28.7465526],[77.005011,28.7462576],[77.0047115,28.7462732],[77.0046606,28.7460841],[77.0044955,28.7460934],[77.0033468,28.7462677],[77.0023545,28.7470868],[77.0018041,28.7475277],[77.0016557,28.7476174],[77.0014866,28.7476635],[77.0006969,28.7481186],[77.0002956,28.7483824],[77.0000033,28.7486078],[76.9997105,28.7487454],[76.9991805,28.7489206],[76.9983651,28.7492532],[76.9979481,28.7494736],[76.9976709,28.7497561],[76.9974879,28.7498913],[76.9974307,28.749879],[76.9972832,28.7496935],[76.9966087,28.7501037],[76.9962231,28.7502383],[76.9955446,28.7505711],[76.9949623,28.7509502],[76.9947238,28.7510626],[76.9949365,28.7516831],[76.99496,28.7518932],[76.9946327,28.7520829],[76.9938767,28.7525726],[76.9938421,28.7527042],[76.9938402,28.7529558],[76.9937081,28.7530781],[76.9936953,28.7532706],[76.9938217,28.7536933],[76.9940171,28.753993],[76.9941563,28.7544633],[76.9932625,28.754932],[76.9935258,28.7554056],[76.9936995,28.7558615],[76.9940208,28.7565085],[76.9942784,28.7574089],[76.9943617,28.7579206],[76.9944905,28.7582661],[76.9944017,28.7583566],[76.9939312,28.7585325],[76.993726,28.7586845],[76.9927444,28.759237],[76.9923778,28.7593215],[76.991945,28.7591866],[76.990949,28.759587],[76.9905777,28.7597195],[76.9899404,28.7598884],[76.9894161,28.7599887],[76.9883161,28.7601584],[76.988004,28.7601261],[76.9877909,28.7601492],[76.987089,28.7604847],[76.9867081,28.7606293],[76.9862052,28.7610621],[76.9856068,28.7615322],[76.9853082,28.7615073],[76.9828159,28.76156],[76.9828548,28.7626499],[76.981446,28.7626786],[76.9814362,28.7621995],[76.9814363,28.761031],[76.9797261,28.7610399],[76.9778988,28.761071],[76.9752667,28.7610946],[76.9732591,28.7610921],[76.9718585,28.7611444],[76.9697973,28.7611745],[76.9677631,28.7611962],[76.9676501,28.7614369],[76.9668815,28.7614401],[76.9662365,28.7638678],[76.9657343,28.7638044],[76.9654476,28.7638602],[76.9643647,28.7642142],[76.9636874,28.7643813],[76.9629879,28.7645172],[76.9621921,28.7646077],[76.9615757,28.7647],[76.9599907,28.7650326],[76.9581475,28.7658151],[76.957603,28.7660531],[76.9568702,28.7664469],[76.9563459,28.7668163],[76.956146,28.7670578],[76.9557665,28.7674426],[76.9555169,28.7674316],[76.9553341,28.7672073],[76.9542562,28.7663195],[76.9537497,28.7658475],[76.9536226,28.7657577],[76.9531043,28.7651991],[76.952571,28.7646568],[76.9521788,28.7642958],[76.9513188,28.7634029],[76.9510929,28.7635345],[76.9508879,28.7636016],[76.9506294,28.7633402],[76.9507316,28.7632264],[76.9504208,28.7629655],[76.9502794,28.7627914],[76.9496272,28.7621598],[76.9494844,28.7618815],[76.9492368,28.7615642],[76.9486663,28.760991],[76.9484259,28.7607223],[76.9481801,28.7603475],[76.9472909,28.759255],[76.946663,28.7586357],[76.9461391,28.7579721],[76.9459353,28.7575869],[76.9456971,28.7572121],[76.9451592,28.7560658],[76.944983,28.7555054],[76.9448409,28.7552174],[76.9448549,28.7549895],[76.9446774,28.754498],[76.9445447,28.7542152],[76.9444406,28.7538526],[76.9444658,28.7537849],[76.9446365,28.7537626],[76.9449179,28.753651],[76.9449409,28.7535089],[76.9452943,28.7533224],[76.9457357,28.7530374],[76.9461656,28.7528446],[76.9467739,28.7525048],[76.9471659,28.7523062],[76.9479113,28.7518459],[76.9483241,28.7516075],[76.9485885,28.7514341],[76.949155,28.7511548],[76.9493463,28.7510029],[76.950135,28.7506012],[76.9505745,28.7502835],[76.9507749,28.7500855],[76.9510572,28.7496512],[76.9518049,28.749308],[76.9522711,28.7488044],[76.9524117,28.7486879],[76.9529334,28.7481614],[76.9531763,28.7480308],[76.9534451,28.7477545],[76.9537151,28.7476031],[76.9539491,28.7473754],[76.9544987,28.7469618],[76.9550889,28.7464607],[76.9558306,28.7458509],[76.9560775,28.7455733],[76.956663,28.7449518],[76.9570964,28.744567],[76.9576973,28.7439684],[76.9585974,28.7430015],[76.9585572,28.7427149],[76.9582323,28.7421012],[76.958164,28.741907],[76.9579887,28.7417048],[76.9574265,28.7407199],[76.9574206,28.7406309],[76.9571798,28.7400969],[76.9568854,28.7395444],[76.956749,28.7394067],[76.9563816,28.7387751],[76.955998,28.7382142],[76.9563307,28.7373252],[76.9565092,28.7371535],[76.9569214,28.7368616],[76.9578263,28.736108],[76.9579153,28.7360081],[76.9581645,28.7358298],[76.9583459,28.7356125],[76.9585254,28.7354461],[76.959437,28.7339957],[76.9596229,28.7333574],[76.9598856,28.7327689],[76.9598845,28.732296],[76.9598443,28.7319089],[76.9597555,28.7317162],[76.9596771,28.7313169],[76.9596548,28.7308855],[76.9597571,28.7302735],[76.9596868,28.7295586],[76.9595019,28.7291546],[76.9591143,28.728416],[76.9588931,28.728106],[76.9586026,28.7277536],[76.9584847,28.7275176],[76.9582344,28.727261],[76.958064,28.7270356],[76.9578803,28.7267004],[76.9569745,28.7253245],[76.9566375,28.7247601],[76.956065,28.7237485],[76.9551408,28.7224816],[76.9549099,28.7222607],[76.9541935,28.7213945],[76.9538146,28.7209802],[76.9532738,28.7205188],[76.9530741,28.7203242],[76.952959,28.7201592],[76.9525148,28.7196162],[76.9521989,28.719201],[76.9516953,28.7184736],[76.9514592,28.7182054],[76.9510862,28.7177293],[76.9509552,28.7174596],[76.9506437,28.7169023],[76.9503192,28.7163947],[76.9501403,28.7161874],[76.9499526,28.7158876],[76.9498218,28.7156302],[76.9495768,28.7152572],[76.9491862,28.7145838],[76.9485908,28.713438],[76.9482271,28.7127999],[76.9481483,28.712611],[76.948934,28.711933],[76.9498881,28.7111928],[76.9503092,28.7109143],[76.9506055,28.7106564],[76.9510132,28.7102649],[76.9513329,28.7099877],[76.951796,28.7097748],[76.9521007,28.7095379],[76.9523983,28.7093551],[76.9525714,28.7092046],[76.9543045,28.708132],[76.9544787,28.7080473],[76.955198,28.7076434],[76.9557244,28.7072661],[76.9564174,28.7068543],[76.9569093,28.7063774],[76.9572534,28.706114],[76.9576676,28.7058919],[76.9584949,28.7056327],[76.9591682,28.7053055],[76.9597812,28.7048351],[76.9604736,28.7044263],[76.9605895,28.7042885],[76.9609522,28.7040997],[76.9615941,28.7036789],[76.9618916,28.7034626],[76.9625013,28.7030518],[76.9629744,28.7026895],[76.9630823,28.7026351],[76.963929,28.7020341],[76.9641686,28.7017932],[76.9649007,28.7012066],[76.9655422,28.7007637],[76.9658077,28.7005636],[76.9666252,28.7000305],[76.9669194,28.6997947],[76.9673324,28.6995511],[76.9676377,28.6994448],[76.9678111,28.6995881],[76.9700984,28.7022935],[76.9717099,28.7042373],[76.9734013,28.7051962],[76.9735698,28.7060867],[76.9738568,28.7066532],[76.9738794,28.7068694],[76.9740235,28.7072323],[76.9740173,28.707397],[76.9741712,28.7075608],[76.9743905,28.7080467],[76.974639,28.7084598],[76.9748103,28.7085299],[76.9749821,28.7090166],[76.9754048,28.7096974],[76.9753032,28.7097013],[76.9755769,28.7101765],[76.9759556,28.7108023],[76.9764362,28.7116513],[76.9765358,28.7116667],[76.9766898,28.7120581],[76.9770782,28.7128583],[76.9773411,28.7130334],[76.9773777,28.7133731],[76.97745,28.7136769],[76.9777599,28.7142415],[76.9782344,28.7147781],[76.9786237,28.7152845],[76.979265,28.7159811],[76.9799792,28.7165033],[76.9806654,28.7168296],[76.9813531,28.7170599],[76.9816262,28.717067],[76.9820776,28.7174286],[76.9821323,28.7175678],[76.982264,28.7175663],[76.9827592,28.717444],[76.9834725,28.7172411],[76.9841555,28.7169548],[76.9848265,28.7164849],[76.9854967,28.7166121],[76.9861686,28.716658],[76.9868714,28.7162862],[76.9875557,28.716079],[76.988212,28.7156961],[76.98888,28.7154146],[76.9888842,28.7153801],[76.9893566,28.7152101],[76.9895264,28.7151895],[76.9897704,28.7146266],[76.9897539,28.7141231],[76.990243,28.7135412],[76.990905,28.7131925],[76.9911656,28.7131001],[76.9907804,28.7121228],[76.9908853,28.7118631],[76.9917296,28.7116697],[76.9918266,28.7109972],[76.9922939,28.7107227],[76.9930948,28.7103959],[76.9954504,28.7092841],[76.9968818,28.7086562],[76.9977634,28.7083003],[76.9985367,28.707946],[76.9988558,28.707762],[76.9993573,28.7076436],[77.000364,28.7072449],[77.0008932,28.7070994],[77.0011959,28.7070436],[77.0012781,28.7074177],[77.0014512,28.7080739],[77.0016981,28.7093017],[77.0020002,28.7106992],[77.0021963,28.7117093],[77.002339,28.712089],[77.0024303,28.7122409],[77.0029889,28.7130015],[77.0032004,28.7133365],[77.0032811,28.7135656],[77.0033583,28.7140088],[77.0035132,28.7150973],[77.0036905,28.7164247],[77.0037308,28.7166687],[77.0040316,28.7188924],[77.0040993,28.7194438],[77.0041644,28.7198013],[77.0044127,28.7216622],[77.0045729,28.722914],[77.0045831,28.7234561],[77.00454,28.7236711],[77.0041604,28.7248595],[77.0039869,28.7252875],[77.0039025,28.7252881],[77.0027032,28.7274298],[77.0020722,28.7286535],[77.0019779,28.7287951],[77.0019746,28.7289987],[77.0021042,28.7293885],[77.0021746,28.7293914],[77.0027276,28.7307745],[77.0028087,28.730746],[77.0044003,28.7307266],[77.0044256,28.7324612],[77.0046612,28.7328803],[77.0084068,28.7328605],[77.0085927,28.7328981],[77.0085883,28.7323133],[77.0087238,28.7323172],[77.0087017,28.7317631],[77.0097517,28.7317621],[77.0097609,28.732231],[77.0105281,28.7322459],[77.0105393,28.732833],[77.0105335,28.7333774],[77.0139046,28.7333201],[77.013923,28.733857],[77.0163533,28.7338614],[77.0163422,28.7346479],[77.0167877,28.7345903],[77.0200018,28.7403885],[77.0203198,28.7403718],[77.0203659,28.7399534],[77.0216314,28.7399106],[77.0216194,28.739284],[77.0229394,28.7392583],[77.0229468,28.7403445],[77.0243411,28.7403057],[77.0243517,28.7408546],[77.02555,28.7408367],[77.0269,28.7395571],[77.0278065,28.7395077],[77.0278316,28.7408084],[77.0291588,28.7408005],[77.0291365,28.7389446],[77.0321897,28.7388987],[77.0327579,28.7392125],[77.0328711,28.7384617],[77.0333302,28.738037],[77.0339003,28.7377539],[77.0340019,28.7384566],[77.0348128,28.7380147],[77.0366728,28.7382493],[77.0373227,28.7382395],[77.0373268,28.7384483],[77.0414713,28.7384574],[77.0422725,28.7389108],[77.043203,28.7383596],[77.0431755,28.7369446],[77.0493815,28.7369804],[77.0492365,28.736122],[77.0491015,28.7350694],[77.0489469,28.7339563],[77.048876,28.7333826],[77.0488296,28.7327593],[77.0488533,28.7322175],[77.0489064,28.731757],[77.0490047,28.7313697],[77.049142,28.7310233],[77.049294,28.7307963],[77.049432,28.730529],[77.0496596,28.7301492],[77.0499383,28.7297878],[77.0510493,28.728527],[77.0517662,28.7276868],[77.0526082,28.726716],[77.0526627,28.7266364],[77.0519,28.7268248],[77.0504405,28.727206],[77.0493902,28.7274651],[77.048635,28.7276705],[77.0485051,28.7276918],[77.0477823,28.7278781],[77.0472684,28.7280362],[77.0469826,28.728102],[77.0475119,28.7277911],[77.0488035,28.7270707],[77.0495141,28.7266972],[77.0515407,28.7256831],[77.0521505,28.7252466],[77.0531414,28.7246705],[77.053614,28.7243701],[77.0546977,28.723593],[77.0558008,28.7228473],[77.0559595,28.7227538],[77.0569115,28.722436],[77.0570998,28.7224198],[77.0583069,28.7238098],[77.0590108,28.7245894]]]},"properties":{"fill-opacity":0,"stroke-opacity":1,"stroke":"#ff0000","WNo_SEC":32,"AC_No":8,"AC_No_1":8,"AC_Name":"MUNDKA","Ward_No":32,"WardName":"KANJHAWALA","TotalPop":40467,"SC_Pop":7769,"NW2022":"32, KANJHAWALA"},"id":223},
{"type":"Feature","geometry":{"type":"Polygon","coordinates":[[[77.0645671,28.6875039],[77.0622322,28.6875638],[77.0625601,28.6865003],[77.0625395,28.6860681],[77.060205,28.6862632],[77.0562363,28.6866226],[77.0514274,28.6870214],[77.0497617,28.6871544],[77.0469568,28.6873901],[77.0450947,28.6876213],[77.0396212,28.6880559],[77.0358897,28.6884224],[77.0324829,28.6887199],[77.0310555,28.6888234],[77.0294182,28.6889366],[77.0252069,28.6892592],[77.024916,28.6892771],[77.0249043,28.6893699],[77.010663,28.6904148],[77.0106597,28.6904082],[77.0031727,28.6911329],[77.0024697,28.6911792],[76.9983343,28.6915566],[76.9938125,28.6919098],[76.9939116,28.6928497],[76.9939745,28.6930485],[76.9941394,28.6933767],[76.9942691,28.6935727],[76.9944524,28.6937553],[76.9949883,28.6941002],[76.9953341,28.694266],[76.996272,28.6947642],[76.9965915,28.6949571],[76.9968314,28.6951391],[76.9971532,28.6954844],[76.9976361,28.6960812],[76.9980949,28.6966789],[76.9983978,28.6971851],[76.9995724,28.7000843],[76.9999087,28.7008773],[77.000063,28.7013391],[77.0001514,28.702834],[77.0002057,28.7034152],[77.0002859,28.7038307],[77.0004373,28.7043656],[77.0007599,28.70559],[77.0008692,28.7060397],[77.0006625,28.7060035],[77.000944,28.7069119],[77.0008932,28.7070994],[77.000364,28.7072449],[76.9993573,28.7076436],[76.9988558,28.707762],[76.9985367,28.707946],[76.9977634,28.7083003],[76.9968818,28.7086562],[76.9954504,28.7092841],[76.9930948,28.7103959],[76.9922939,28.7107227],[76.9918266,28.7109972],[76.9917296,28.7116697],[76.9908853,28.7118631],[76.9907804,28.7121228],[76.9911656,28.7131001],[76.990905,28.7131925],[76.990243,28.7135412],[76.9897539,28.7141231],[76.9897704,28.7146266],[76.9895264,28.7151895],[76.9893566,28.7152101],[76.9888842,28.7153801],[76.98888,28.7154146],[76.988212,28.7156961],[76.9875557,28.716079],[76.9868714,28.7162862],[76.9861686,28.716658],[76.9854967,28.7166121],[76.9848265,28.7164849],[76.9841555,28.7169548],[76.9834725,28.7172411],[76.9827592,28.717444],[76.982264,28.7175663],[76.9821323,28.7175678],[76.9820776,28.7174286],[76.9816262,28.717067],[76.9813531,28.7170599],[76.9806654,28.7168296],[76.9799792,28.7165033],[76.979265,28.7159811],[76.9786237,28.7152845],[76.9782344,28.7147781],[76.9777599,28.7142415],[76.97745,28.7136769],[76.9773777,28.7133731],[76.9773411,28.7130334],[76.9770782,28.7128583],[76.9766898,28.7120581],[76.9765358,28.7116667],[76.9764362,28.7116513],[76.9759556,28.7108023],[76.9755769,28.7101765],[76.9753032,28.7097013],[76.9754048,28.7096974],[76.9749821,28.7090166],[76.9748103,28.7085299],[76.974639,28.7084598],[76.9743905,28.7080467],[76.9741712,28.7075608],[76.9740173,28.707397],[76.9740235,28.7072323],[76.9738794,28.7068694],[76.9738568,28.7066532],[76.9735698,28.7060867],[76.9734013,28.7051962],[76.9717099,28.7042373],[76.9700984,28.7022935],[76.9678111,28.6995881],[76.9676377,28.6994448],[76.968061,28.6992161],[76.9680576,28.6991551],[76.9676745,28.6988972],[76.9670743,28.6984644],[76.9664867,28.6980571],[76.9663917,28.6978668],[76.9658111,28.6971425],[76.9653873,28.6964985],[76.9650674,28.6961494],[76.9644834,28.6953118],[76.9643518,28.6951539],[76.9642221,28.6948772],[76.9640851,28.6945018],[76.9636291,28.69385],[76.9633885,28.6934655],[76.9634143,28.6931599],[76.9634087,28.6926947],[76.9633173,28.692496],[76.9633047,28.6923641],[76.9632038,28.6921063],[76.9631384,28.6920972],[76.9627883,28.691554],[76.9624737,28.690986],[76.9621669,28.6905765],[76.9616656,28.690101],[76.9614479,28.689857],[76.9610797,28.6893716],[76.9607648,28.6889968],[76.9604061,28.6885983],[76.9601834,28.6883848],[76.9617036,28.6881807],[76.9639966,28.6879755],[76.9661127,28.6877606],[76.9678328,28.6876041],[76.9683754,28.6875322],[76.9707949,28.6873275],[76.9722855,28.6871914],[76.9746368,28.6869841],[76.9761516,28.6868546],[76.9766084,28.6868505],[76.9767094,28.6868021],[76.989059,28.6859283],[76.9984122,28.6850475],[76.9995001,28.6849562],[77.0009584,28.6848205],[77.0026857,28.6846678],[77.0035978,28.6845933],[77.0055409,28.6844192],[77.0061807,28.6843258],[77.0083791,28.6841492],[77.0181805,28.6833028],[77.0209956,28.6830662],[77.0245206,28.682767],[77.0264209,28.6826391],[77.0278062,28.6825146],[77.0287563,28.6824485],[77.0289134,28.6824171],[77.0299882,28.6822986],[77.0311736,28.6822639],[77.0327011,28.6822589],[77.0343056,28.6822291],[77.0371226,28.6822143],[77.0374211,28.6822383],[77.04063,28.6822456],[77.0432531,28.6822233],[77.043415,28.6822105],[77.0448197,28.6822022],[77.0467,28.682169],[77.0477878,28.6821621],[77.0484108,28.6821479],[77.0497067,28.6821524],[77.0527756,28.6821287],[77.0527755,28.6820741],[77.0527789,28.6820784],[77.0557121,28.6820715],[77.0557224,28.6819067],[77.056577,28.6819016],[77.056577,28.682123],[77.0592026,28.6821744],[77.0617921,28.6821384],[77.0639567,28.6821538],[77.063917,28.6833109],[77.0638011,28.6836513],[77.0634819,28.6842257],[77.0634058,28.6844432],[77.0630671,28.6850533],[77.0629503,28.6851957],[77.0625269,28.6853724],[77.0626262,28.6859879],[77.0672939,28.6856486],[77.0672805,28.6868966],[77.0672571,28.6870217],[77.0673111,28.6876891],[77.0670428,28.6877421],[77.0670301,28.6880371],[77.0662493,28.6882799],[77.066137,28.6882241],[77.0661064,28.6878985],[77.066019,28.6876241],[77.0660222,28.6874622],[77.0653485,28.687488],[77.0645671,28.6875039]]]},"properties":{"fill-opacity":0,"stroke-opacity":1,"stroke":"#ff0000","WNo_SEC":34,"AC_No":8,"AC_No_1":8,"AC_Name":"MUNDKA","Ward_No":34,"WardName":"NANGLOI","TotalPop":71856,"SC_Pop":27068,"NW2022":"34, NANGLOI"},"id":224},
{"type":"Feature","geometry":{"type":"Polygon","coordinates":[[[77.0463426,28.6714764],[77.0464822,28.6718525],[77.0466256,28.6724791],[77.0482166,28.6724779],[77.0483034,28.6725301],[77.0487533,28.6730531],[77.0491352,28.6734729],[77.0495736,28.6740353],[77.0496643,28.6742058],[77.0501427,28.6749125],[77.0503751,28.6752902],[77.050492,28.6754306],[77.0507064,28.6758135],[77.0507767,28.6762081],[77.0509815,28.6769185],[77.0510299,28.6771764],[77.0512176,28.6779179],[77.0513184,28.678184],[77.0514765,28.6784996],[77.0519316,28.6796426],[77.0520547,28.6800262],[77.0521961,28.6809518],[77.0522579,28.6811737],[77.0524376,28.6815122],[77.0527755,28.6820741],[77.0527756,28.6821287],[77.0497067,28.6821524],[77.0484108,28.6821479],[77.0477878,28.6821621],[77.0467,28.682169],[77.0448197,28.6822022],[77.043415,28.6822105],[77.0432531,28.6822233],[77.04063,28.6822456],[77.0374211,28.6822383],[77.0371226,28.6822143],[77.0343056,28.6822291],[77.0327011,28.6822589],[77.0311736,28.6822639],[77.0299882,28.6822986],[77.0289134,28.6824171],[77.0287563,28.6824485],[77.0278062,28.6825146],[77.0264209,28.6826391],[77.0245206,28.682767],[77.0209956,28.6830662],[77.0181805,28.6833028],[77.0083791,28.6841492],[77.0061807,28.6843258],[77.0055409,28.6844192],[77.0035978,28.6845933],[77.0026857,28.6846678],[77.0009584,28.6848205],[76.9995001,28.6849562],[76.9984122,28.6850475],[76.989059,28.6859283],[76.9767094,28.6868021],[76.9766084,28.6868505],[76.9761516,28.6868546],[76.9746368,28.6869841],[76.9722855,28.6871914],[76.9707949,28.6873275],[76.9683754,28.6875322],[76.9678328,28.6876041],[76.9661127,28.6877606],[76.9639966,28.6879755],[76.9617036,28.6881807],[76.9601834,28.6883848],[76.9596215,28.6877987],[76.9594152,28.6875267],[76.9590051,28.6868322],[76.9588609,28.6865391],[76.9586769,28.6862398],[76.9582767,28.6857251],[76.9579221,28.685194],[76.9574622,28.6838918],[76.9573851,28.68361],[76.957336,28.6832856],[76.9571062,28.6825162],[76.9567921,28.6812201],[76.9566339,28.6805986],[76.9566034,28.6801362],[76.9565951,28.6794878],[76.9566206,28.679061],[76.9565508,28.6786525],[76.956458,28.6782949],[76.9562958,28.6775838],[76.956058,28.6769762],[76.9559887,28.6764806],[76.9559341,28.675599],[76.9560478,28.6749561],[76.9560625,28.6745702],[76.9560352,28.6742764],[76.9559785,28.673284],[76.9559196,28.6727641],[76.9558361,28.6723892],[76.9555981,28.671669],[76.9552972,28.6709956],[76.9552382,28.67082],[76.9551858,28.6704214],[76.9550604,28.6700345],[76.9548185,28.6699002],[76.954455,28.6695051],[76.9541582,28.6692416],[76.9538367,28.6689244],[76.9537962,28.6689484],[76.9538086,28.6688887],[76.9537431,28.6684333],[76.9534948,28.6675532],[76.9544613,28.6668092],[76.9565096,28.6655528],[76.9580284,28.6647735],[76.9609277,28.6623568],[76.961874,28.6614194],[76.9633339,28.6606324],[76.9643536,28.6602924],[76.9662782,28.659765],[76.9670422,28.6595987],[76.9693373,28.6589299],[76.9700184,28.6588375],[76.9705605,28.658388],[76.9705845,28.6579676],[76.9709374,28.6579047],[76.9723382,28.6575501],[76.9731447,28.6572518],[76.9736403,28.6571205],[76.9740503,28.6570476],[76.9748894,28.6570976],[76.9764614,28.6571533],[76.9771804,28.657107],[76.9774486,28.656979],[76.9777546,28.6567399],[76.9781055,28.6564231],[76.9783745,28.656125],[76.9786679,28.655613],[76.9788659,28.6551915],[76.9790548,28.6548736],[76.9792447,28.654613],[76.9801915,28.6537184],[76.9802091,28.653733],[76.9819441,28.6520519],[76.9838765,28.6506537],[76.9843405,28.6500299],[76.9847477,28.6493698],[76.9904,28.6492424],[76.9905602,28.6492346],[76.9905759,28.651001],[76.990575,28.6524304],[76.9906192,28.6529729],[76.9906874,28.6532018],[76.9911185,28.6538133],[76.9916805,28.6546766],[76.9926565,28.6560859],[76.9927442,28.656263],[76.9932794,28.655973],[76.9935361,28.6558088],[76.9941495,28.6554961],[76.994435,28.6553658],[76.9947252,28.6551419],[76.9949512,28.6547279],[76.9951676,28.6543771],[76.9953759,28.6541065],[76.9955964,28.6539393],[76.9960729,28.6537467],[76.9963201,28.6539749],[76.9967565,28.6545737],[76.9972471,28.6551886],[76.997978,28.6562186],[76.9982372,28.6565133],[76.9983653,28.6567361],[76.9987505,28.6572917],[76.9991194,28.6578511],[76.9994326,28.6583676],[76.9996401,28.6586837],[76.9999958,28.6594565],[77.0002714,28.6600076],[77.000902,28.6610884],[77.0012362,28.6616407],[77.0017061,28.6626233],[77.0017475,28.6627414],[77.0024893,28.6640128],[77.0028571,28.664868],[77.0029659,28.6650385],[77.0036769,28.6663354],[77.0039054,28.6665807],[77.0044645,28.6671014],[77.0045567,28.6670708],[77.005854,28.6697688],[77.0062629,28.6708063],[77.0064821,28.6713991],[77.0067857,28.67241],[77.0069095,28.6730177],[77.0070743,28.6739184],[77.0073638,28.6738807],[77.008434,28.6736936],[77.0092062,28.6735465],[77.0097606,28.6735043],[77.0109634,28.6732459],[77.0113916,28.6731285],[77.0117064,28.6730795],[77.0129104,28.6730626],[77.0135887,28.6730646],[77.0141675,28.6730943],[77.0142566,28.6731381],[77.0156566,28.6730486],[77.0166355,28.6729695],[77.01758,28.6728072],[77.0183418,28.6727328],[77.0187898,28.6726658],[77.0192415,28.6725598],[77.0198774,28.6722997],[77.0205566,28.6720527],[77.0210061,28.6719053],[77.0220942,28.6714705],[77.0225213,28.671264],[77.023847,28.6707054],[77.0241086,28.6706111],[77.0254721,28.6699874],[77.0259163,28.6698113],[77.0263676,28.6695873],[77.0280558,28.6686897],[77.028641,28.6683834],[77.0292577,28.6680004],[77.0299426,28.6675364],[77.0306056,28.6670415],[77.0307698,28.6668953],[77.0313143,28.6663442],[77.032761,28.6649343],[77.0341638,28.663901],[77.034722,28.6634793],[77.0359021,28.6643472],[77.0375326,28.6655629],[77.038597,28.6663451],[77.0390466,28.6667462],[77.0396688,28.6672332],[77.0404166,28.6678478],[77.0415352,28.6688624],[77.0418563,28.6691001],[77.0420813,28.6692329],[77.0445029,28.6703932],[77.0455757,28.6708851],[77.0457969,28.6710199],[77.0461013,28.6712459],[77.0463426,28.6714764]]]},"properties":{"fill-opacity":0,"stroke-opacity":1,"stroke":"#ff0000","WNo_SEC":35,"AC_No":8,"AC_No_1":8,"AC_Name":"MUNDKA","Ward_No":35,"WardName":"MUNDKA","TotalPop":50839,"SC_Pop":7539,"NW2022":"35, MUNDKA"},"id":225},
{"type":"Feature","geometry":{"type":"Polygon","coordinates":[[[77.0723216,28.7015427],[77.0725234,28.7014748],[77.0738993,28.701052],[77.0744603,28.700888],[77.0753525,28.7006109],[77.075109,28.7029615],[77.0756928,28.70307],[77.0763734,28.7031664],[77.0767073,28.7031527],[77.0769389,28.7030825],[77.081125,28.7018134],[77.0845773,28.7008172],[77.0852558,28.7005867],[77.0834319,28.6984638],[77.0831226,28.6980905],[77.0830191,28.6980036],[77.0841727,28.6970701],[77.0845426,28.6967841],[77.0859604,28.696743],[77.0870289,28.6967216],[77.0877554,28.6966972],[77.090436,28.6966477],[77.0915913,28.6966135],[77.0915917,28.6966392],[77.0916033,28.6972591],[77.0916387,28.6982816],[77.0917914,28.6987031],[77.0919838,28.6993575],[77.0920892,28.6994224],[77.0921186,28.6995791],[77.0922112,28.6997263],[77.0929623,28.7005961],[77.0923486,28.7008405],[77.0920039,28.7010576],[77.0915593,28.7014047],[77.0907713,28.7019784],[77.0904218,28.702213],[77.0895262,28.7027487],[77.0884085,28.7034552],[77.0882487,28.7035505],[77.0880333,28.7033016],[77.0877487,28.7034995],[77.0863412,28.7035302],[77.0848198,28.7035275],[77.0828387,28.7035581],[77.0814091,28.7035926],[77.0807984,28.7035953],[77.0786761,28.7036329],[77.0771924,28.7036752],[77.076322,28.7036838],[77.075069,28.703678],[77.0748524,28.7038254],[77.0743432,28.704123],[77.0736229,28.7045255],[77.0723897,28.7051666],[77.07225,28.7052265],[77.071019,28.7037765],[77.0717986,28.7037033],[77.0717649,28.7025112],[77.0717538,28.7017245],[77.0723216,28.7015427]]]},"properties":{"fill-opacity":0,"stroke-opacity":1,"stroke":"#ff0000","WNo_SEC":42,"AC_No":10,"AC_No_1":10,"AC_Name":"SULTANPUR MAJRA","Ward_No":42,"WardName":"MANGOL PURI","TotalPop":68404,"SC_Pop":26576,"NW2022":"42, MANGOL PURI"},"id":226},
{"type":"Feature","geometry":{"type":"Polygon","coordinates":[[[77.0830191,28.6980036],[77.0831226,28.6980905],[77.0834319,28.6984638],[77.0852558,28.7005867],[77.0845773,28.7008172],[77.081125,28.7018134],[77.0769389,28.7030825],[77.0767382,28.702606],[77.0760363,28.700793],[77.0755384,28.7007825],[77.0754647,28.7005051],[77.0753592,28.7005489],[77.0753931,28.7002363],[77.0740024,28.696667],[77.0725058,28.6928088],[77.0716709,28.6908144],[77.071711,28.6907946],[77.071298,28.6897399],[77.0708616,28.6886601],[77.0708298,28.6885296],[77.0704831,28.6878515],[77.0695711,28.6854844],[77.0697121,28.6854728],[77.0697128,28.6854728],[77.07072,28.6853899],[77.073312,28.685163],[77.0762138,28.6848976],[77.0767929,28.6848494],[77.0767742,28.6856139],[77.0767847,28.6859833],[77.0767931,28.6865886],[77.0768824,28.6866536],[77.0772321,28.6865778],[77.0773437,28.6866521],[77.0788245,28.6880283],[77.0796521,28.6888063],[77.0798479,28.6890161],[77.0787523,28.6890502],[77.0781321,28.6890565],[77.0781571,28.6894966],[77.078165,28.6909632],[77.0781836,28.6912461],[77.0782088,28.6921881],[77.0781899,28.6924037],[77.0780144,28.6923686],[77.0776471,28.6924442],[77.0786112,28.6931466],[77.0786991,28.6935794],[77.0791797,28.6957143],[77.0794139,28.6965166],[77.0795553,28.6966067],[77.0819218,28.697215],[77.0820148,28.6972316],[77.0826414,28.6976864],[77.0830191,28.6980036]]]},"properties":{"fill-opacity":0,"stroke-opacity":1,"stroke":"#ff0000","WNo_SEC":43,"AC_No":10,"AC_No_1":10,"AC_Name":"SULTANPUR MAJRA","Ward_No":43,"WardName":"SULTANPURI-A","TotalPop":74003,"SC_Pop":37206,"NW2022":"43, SULTANPURI-A"},"id":227},
{"type":"Feature","geometry":{"type":"Polygon","coordinates":[[[77.0645671,28.6875039],[77.0653485,28.687488],[77.0660222,28.6874622],[77.066019,28.6876241],[77.0661064,28.6878985],[77.066137,28.6882241],[77.0662493,28.6882799],[77.0670301,28.6880371],[77.0670428,28.6877421],[77.0673111,28.6876891],[77.0672571,28.6870217],[77.0672805,28.6868966],[77.0672939,28.6856486],[77.0697121,28.6854728],[77.0695711,28.6854844],[77.0704831,28.6878515],[77.0708298,28.6885296],[77.0708616,28.6886601],[77.071298,28.6897399],[77.071711,28.6907946],[77.0716709,28.6908144],[77.0725058,28.6928088],[77.0740024,28.696667],[77.0753931,28.7002363],[77.0753592,28.7005489],[77.0754647,28.7005051],[77.0755384,28.7007825],[77.0760363,28.700793],[77.0767382,28.702606],[77.0769389,28.7030825],[77.0767073,28.7031527],[77.0763734,28.7031664],[77.0756928,28.70307],[77.075109,28.7029615],[77.0753525,28.7006109],[77.0744603,28.700888],[77.0738993,28.701052],[77.0725234,28.7014748],[77.0723216,28.7015427],[77.0721881,28.7011946],[77.071932,28.700447],[77.0715555,28.6994734],[77.0715442,28.6993834],[77.0716757,28.6992388],[77.0715817,28.6990755],[77.0713206,28.6984133],[77.0714537,28.6983624],[77.0712099,28.697688],[77.0714149,28.6976348],[77.0712534,28.6972531],[77.0708758,28.6964518],[77.0708024,28.6964718],[77.0704785,28.6958116],[77.0706203,28.6957649],[77.0704659,28.6954769],[77.0701718,28.6950052],[77.0692486,28.6952998],[77.0676355,28.6958624],[77.0674228,28.6953591],[77.0675376,28.6953149],[77.0674228,28.695041],[77.0672064,28.6951115],[77.0671287,28.6949253],[77.0670541,28.6949535],[77.0669732,28.6947694],[77.0669841,28.6945871],[77.0667442,28.6946662],[77.0667703,28.694561],[77.0664165,28.694071],[77.0663308,28.6938716],[77.0662474,28.6938453],[77.066114,28.6935327],[77.0659666,28.6934943],[77.0658184,28.6933144],[77.0653497,28.6926919],[77.0650918,28.6927638],[77.0649106,28.6925399],[77.0650314,28.6924783],[77.0647592,28.6920776],[77.064482,28.6918313],[77.0644218,28.6918321],[77.0636125,28.6912187],[77.0635572,28.6912215],[77.0631089,28.6908188],[77.0626225,28.6904772],[77.0625902,28.6904357],[77.0626051,28.6901797],[77.0633036,28.690167],[77.0639599,28.6901796],[77.0639714,28.6892237],[77.0640138,28.6891825],[77.0646394,28.689172],[77.064615,28.6880571],[77.0645859,28.6878883],[77.0645671,28.6875039]]]},"properties":{"fill-opacity":0,"stroke-opacity":1,"stroke":"#ff0000","WNo_SEC":44,"AC_No":10,"AC_No_1":10,"AC_Name":"SULTANPUR MAJRA","Ward_No":44,"WardName":"SULTANPURI-B","TotalPop":72975,"SC_Pop":31777,"NW2022":"44, SULTANPURI-B"},"id":228},
{"type":"Feature","geometry":{"type":"Polygon","coordinates":[[[77.0762138382222,28.684897533111158],[77.0762138,28.6848976],[77.073312,28.685163],[77.07072,28.6853899],[77.0697128,28.6854728],[77.0695828,28.6850036],[77.0692561,28.684469],[77.0706289,28.6844292],[77.0706639,28.6842791],[77.0706385,28.6834259],[77.0706319,28.6827472],[77.0709227,28.6827016],[77.070835,28.6820607],[77.0713723,28.6820589],[77.0713266,28.6796979],[77.0712826,28.6776856],[77.0715637,28.6776765],[77.0715045,28.6773708],[77.0714326,28.6758348],[77.0723613,28.6756681],[77.0729122,28.6755553],[77.0729062,28.6740121],[77.0728648,28.6739377],[77.0726563,28.6739367],[77.0726821,28.6730525],[77.0726744,28.672708],[77.0726144,28.6725073],[77.0721904,28.6725132],[77.0721962,28.6721764],[77.0723152,28.6721752],[77.0723011,28.6711014],[77.0722843,28.671017],[77.0722552,28.6700858],[77.0725001,28.6700777],[77.0765641,28.6700069],[77.0767103,28.6700149],[77.0775176,28.6700048],[77.077738,28.6700145],[77.0779498,28.6700974],[77.0787666,28.6700236],[77.0796997,28.6699694],[77.0798853,28.6713499],[77.0802132,28.6733382],[77.0803045,28.6740573],[77.0817377,28.6740382],[77.0828589,28.6739977],[77.0839369,28.6739672],[77.0839546,28.6741682],[77.084291,28.6763107],[77.0844642,28.677508],[77.0847615,28.6794263],[77.0849188,28.6804803],[77.082008,28.6808136],[77.0814865,28.6808908],[77.0784091,28.681222],[77.0763008,28.6814592],[77.0764853,28.6827451],[77.0764966,28.6830016],[77.0763877,28.683757],[77.0763228,28.6844042],[77.0762138382222,28.684897533111158]]]},"properties":{"fill-opacity":0,"stroke-opacity":1,"stroke":"#ff0000","WNo_SEC":45,"AC_No":11,"AC_No_1":11,"AC_Name":"NANGLOI JAT","Ward_No":45,"WardName":"JAWALAPURI","TotalPop":80685,"SC_Pop":33731,"NW2022":"45, JAWALAPURI"},"id":229},
{"type":"Feature","geometry":{"type":"Polygon","coordinates":[[[77.0639567,28.6821538],[77.067703,28.6821734],[77.0672234,28.6813199],[77.066319,28.6801585],[77.0657378,28.6794722],[77.0648428,28.6785369],[77.0645209,28.678217],[77.0638354,28.677582],[77.0632165,28.6769627],[77.0627743,28.6773015],[77.0627548,28.6775167],[77.0622714,28.6777151],[77.0620994,28.6777196],[77.0620802,28.6771795],[77.0611717,28.677192],[77.0600053,28.6772348],[77.0599992,28.6762271],[77.0590505,28.6762031],[77.0586901,28.67621],[77.0586842,28.6755787],[77.0593112,28.6755731],[77.0595351,28.6755459],[77.0599668,28.6753425],[77.0610356,28.6747943],[77.0611825,28.6747015],[77.0574753,28.6703893],[77.0561776,28.6688764],[77.0559316,28.6685666],[77.0566415,28.6682559],[77.0569082,28.6681681],[77.0586512,28.6681203],[77.059657,28.6681082],[77.059661,28.6673722],[77.0614243,28.6673432],[77.0615278,28.667274],[77.0614865,28.6667332],[77.0614553,28.6660731],[77.0614552,28.6650276],[77.0670771,28.6670712],[77.0682478,28.667459],[77.0717409,28.6686542],[77.0722278,28.6688324],[77.0722552,28.6700858],[77.0722843,28.671017],[77.0723011,28.6711014],[77.0723152,28.6721752],[77.0721962,28.6721764],[77.0721904,28.6725132],[77.0726144,28.6725073],[77.0726744,28.672708],[77.0726821,28.6730525],[77.0726563,28.6739367],[77.0728648,28.6739377],[77.0729062,28.6740121],[77.0729122,28.6755553],[77.0723613,28.6756681],[77.0714326,28.6758348],[77.0715045,28.6773708],[77.0715637,28.6776765],[77.0712826,28.6776856],[77.0713266,28.6796979],[77.0713723,28.6820589],[77.070835,28.6820607],[77.0709227,28.6827016],[77.0706319,28.6827472],[77.0706385,28.6834259],[77.0706639,28.6842791],[77.0706289,28.6844292],[77.0692561,28.684469],[77.0695828,28.6850036],[77.0697128,28.6854728],[77.0697121,28.6854728],[77.0672939,28.6856486],[77.0626262,28.6859879],[77.0625269,28.6853724],[77.0629503,28.6851957],[77.0630671,28.6850533],[77.0634058,28.6844432],[77.0634819,28.6842257],[77.0638011,28.6836513],[77.063917,28.6833109],[77.0639567,28.6821538]]]},"properties":{"fill-opacity":0,"stroke-opacity":1,"stroke":"#ff0000","WNo_SEC":46,"AC_No":11,"AC_No_1":11,"AC_Name":"NANGLOI JAT","Ward_No":46,"WardName":"NANGLOI JAT","TotalPop":64870,"SC_Pop":6874,"NW2022":"46, NANGLOI JAT"},"id":230},
{"type":"Feature","geometry":{"type":"Polygon","coordinates":[[[77.0565449,28.6617181],[77.0579113,28.6616794],[77.0596989,28.6616513],[77.0619986,28.6615923],[77.062614,28.6605696],[77.0652522,28.6605743],[77.0652985,28.6605931],[77.0660563,28.6610937],[77.0666167,28.6614113],[77.0669033,28.6616324],[77.0671625,28.6619292],[77.0675474,28.6625091],[77.0677521,28.6629181],[77.0681819,28.6635959],[77.0685292,28.664099],[77.0686755,28.664369],[77.0687673,28.6643899],[77.0692221,28.6642697],[77.0696584,28.6640967],[77.0705174,28.6638592],[77.0711172,28.6636833],[77.0717043,28.6635379],[77.0722037,28.6634441],[77.0728654,28.6634068],[77.0731896,28.6632761],[77.0737798,28.6633733],[77.0738893,28.6634637],[77.0748887,28.6640373],[77.0753684,28.6643006],[77.0757899,28.6645786],[77.0764042,28.6649334],[77.0767193,28.6650743],[77.0769616,28.6651166],[77.0775921,28.6651358],[77.0780291,28.6651048],[77.0781356,28.6661592],[77.0782091,28.6672062],[77.0781979,28.6682502],[77.0781027,28.6694637],[77.0779498,28.6700974],[77.077738,28.6700145],[77.0775176,28.6700048],[77.0767103,28.6700149],[77.0765641,28.6700069],[77.0725001,28.6700777],[77.0722552,28.6700858],[77.0722278,28.6688324],[77.0717409,28.6686542],[77.0682478,28.667459],[77.0670771,28.6670712],[77.0614552,28.6650276],[77.0614553,28.6660731],[77.0614865,28.6667332],[77.0615278,28.667274],[77.0614243,28.6673432],[77.059661,28.6673722],[77.059657,28.6681082],[77.0586512,28.6681203],[77.0569082,28.6681681],[77.0566415,28.6682559],[77.0559316,28.6685666],[77.0552307,28.6676911],[77.0546577,28.6669455],[77.0540186,28.665947],[77.053417,28.6650787],[77.0529825,28.6646369],[77.0532967,28.6643858],[77.0542914,28.6637008],[77.0546694,28.6634106],[77.0553027,28.6628914],[77.0556647,28.6626325],[77.0565307,28.6621681],[77.0565449,28.6617181]]]},"properties":{"fill-opacity":0,"stroke-opacity":1,"stroke":"#ff0000","WNo_SEC":47,"AC_No":11,"AC_No_1":11,"AC_Name":"NANGLOI JAT","Ward_No":47,"WardName":"NIHAL VIHAR","TotalPop":52919,"SC_Pop":7460,"NW2022":"47, NIHAL VIHAR"},"id":231},
{"type":"Feature","geometry":{"type":"Polygon","coordinates":[[[77.091524998594,28.683577719684138],[77.0896543,28.683743],[77.0838892,28.6842258],[77.0802596,28.684566],[77.0767929,28.6848494],[77.0762138,28.6848976],[77.0762138382222,28.684897533111158],[77.0763228,28.6844042],[77.0763877,28.683757],[77.0764966,28.6830016],[77.0764853,28.6827451],[77.0763008,28.6814592],[77.0784091,28.681222],[77.0814865,28.6808908],[77.082008,28.6808136],[77.0849188,28.6804803],[77.0847615,28.6794263],[77.0844642,28.677508],[77.084291,28.6763107],[77.0839546,28.6741682],[77.0839369,28.6739672],[77.0828589,28.6739977],[77.0817377,28.6740382],[77.0803045,28.6740573],[77.0802132,28.6733382],[77.0798853,28.6713499],[77.0796997,28.6699694],[77.0787666,28.6700236],[77.0779498,28.6700974],[77.0781027,28.6694637],[77.0781979,28.6682502],[77.0782091,28.6672062],[77.0781356,28.6661592],[77.0780291,28.6651048],[77.0779508,28.6643293],[77.0779594,28.6638027],[77.0781298,28.6633404],[77.0790902,28.661694],[77.0794611,28.6608609],[77.0803141,28.6579084],[77.080685,28.656185],[77.0808919,28.6562487],[77.0812139,28.6562668],[77.0822564,28.6562659],[77.0829054,28.6562368],[77.08313,28.6562135],[77.0841874,28.6559642],[77.0849381,28.6557451],[77.0879758,28.6548296],[77.0889574,28.6546517],[77.0898537,28.655945],[77.0906156,28.6573536],[77.0908906,28.6580104],[77.0911751,28.6588994],[77.0913936,28.6601244],[77.0923656,28.6660421],[77.0927357,28.6683799],[77.0928833,28.6692521],[77.0935764,28.6733481],[77.0946395,28.6796147],[77.0952729,28.6832783],[77.0943852,28.6833332],[77.091524998594,28.683577719684138]]]},"properties":{"fill-opacity":0,"stroke-opacity":1,"stroke":"#ff0000","WNo_SEC":48,"AC_No":11,"AC_No_1":11,"AC_Name":"NANGLOI JAT","Ward_No":48,"WardName":"GURU HARKISHAN NAGAR","TotalPop":62946,"SC_Pop":5334,"NW2022":"48, GURU HARKISHAN NAGAR"},"id":232},
{"type":"Feature","geometry":{"type":"Polygon","coordinates":[[[77.1262417,28.7007869],[77.1264688,28.7005072],[77.1267492,28.7000682],[77.1270244,28.6998067],[77.1274285,28.6994743],[77.1286606,28.6985255],[77.1289407,28.6982818],[77.1292903,28.6980086],[77.1297362,28.6976911],[77.1301412,28.6960096],[77.1303164,28.6951727],[77.1304211,28.6947432],[77.1307137,28.6934917],[77.1309027,28.6927109],[77.130844,28.6924325],[77.1306472,28.6918771],[77.1318527,28.6914467],[77.1327451,28.6911493],[77.1343829,28.690557],[77.1354776,28.6901878],[77.1354137,28.6885081],[77.1353581,28.6874657],[77.135347,28.6869976],[77.1351959,28.6869779],[77.1347095,28.6870507],[77.1341753,28.6871883],[77.1338289,28.6873011],[77.133003,28.6877055],[77.1327902,28.6873644],[77.1322044,28.6863494],[77.1319602,28.6858864],[77.1315653,28.6849364],[77.1311829,28.6850253],[77.130777,28.6843766],[77.1304739,28.6837719],[77.132069,28.6836459],[77.132947,28.6835614],[77.1329244,28.6834442],[77.132857,28.6827347],[77.132688,28.6810913],[77.1326733,28.6807115],[77.1325773,28.6803931],[77.1325626,28.6801233],[77.135443,28.6798583],[77.1374187,28.679666],[77.1395141,28.6793702],[77.1407944,28.6790993],[77.141711,28.6788961],[77.1418928,28.6794623],[77.1419765,28.6796741],[77.1421344,28.6799639],[77.1425319,28.6804966],[77.1427573,28.6807122],[77.1430762,28.6809504],[77.143077,28.6814518],[77.1417359,28.6816296],[77.1413891,28.6816651],[77.1407929,28.6820642],[77.1402615,28.682499],[77.140788,28.6830549],[77.1401165,28.6834728],[77.1402648,28.6837977],[77.1405191,28.6841809],[77.1406957,28.6845079],[77.1408322,28.6848105],[77.1403636,28.6849904],[77.1411933,28.6853733],[77.1417421,28.6855549],[77.1424209,28.6857093],[77.1425492,28.6857101],[77.1425778,28.687307],[77.1425361,28.6882252],[77.1425306,28.6893316],[77.1428232,28.6892911],[77.1428091,28.6892414],[77.1446166,28.688872],[77.144655,28.6890571],[77.1450066,28.6904573],[77.1451046,28.6908166],[77.1453197,28.6916905],[77.1457033,28.6928122],[77.1459016,28.6932388],[77.1463164,28.6943304],[77.1465872,28.6949945],[77.1467138,28.6952564],[77.1461904,28.6954554],[77.144085,28.6963739],[77.1437397,28.6965317],[77.1417335,28.697386],[77.1400016,28.6981399],[77.1392855,28.6984874],[77.1382298,28.6990333],[77.137628,28.6993766],[77.1372923,28.6995994],[77.136682,28.7000308],[77.1354059,28.7009196],[77.1350015,28.7011929],[77.1334548,28.7022841],[77.1327758,28.7027779],[77.132058,28.7032704],[77.1318556,28.7033814],[77.1310635,28.703948],[77.1300023,28.703037],[77.1262969,28.7008154],[77.1262417,28.7007869]]]},"properties":{"fill-opacity":0,"stroke-opacity":1,"stroke":"#ff0000","WNo_SEC":61,"AC_No":16,"AC_No_1":16,"AC_Name":"TRI NAGAR","Ward_No":61,"WardName":"KOHAT ENCLAVE","TotalPop":66252,"SC_Pop":6349,"NW2022":"61, KOHAT ENCLAVE"},"id":233},
{"type":"Feature","geometry":{"type":"Polygon","coordinates":[[[77.1467138,28.6952564],[77.1465872,28.6949945],[77.1463164,28.6943304],[77.1459016,28.6932388],[77.1457033,28.6928122],[77.1453197,28.6916905],[77.1451046,28.6908166],[77.1450066,28.6904573],[77.144655,28.6890571],[77.1446166,28.688872],[77.1428091,28.6892414],[77.1428232,28.6892911],[77.1425306,28.6893316],[77.1425361,28.6882252],[77.1425778,28.687307],[77.1425492,28.6857101],[77.1424209,28.6857093],[77.1417421,28.6855549],[77.1411933,28.6853733],[77.1403636,28.6849904],[77.1408322,28.6848105],[77.1406957,28.6845079],[77.1405191,28.6841809],[77.1402648,28.6837977],[77.1401165,28.6834728],[77.140788,28.6830549],[77.1402615,28.682499],[77.1407929,28.6820642],[77.1413891,28.6816651],[77.1417359,28.6816296],[77.143077,28.6814518],[77.1430762,28.6809504],[77.1427573,28.6807122],[77.1425319,28.6804966],[77.1421344,28.6799639],[77.1419765,28.6796741],[77.1418928,28.6794623],[77.141711,28.6788961],[77.141002,28.6766367],[77.1406898,28.6755979],[77.1402421,28.6741598],[77.1401,28.6737601],[77.1401001,28.6737601],[77.1421673,28.6734186],[77.1447064,28.6730811],[77.1470635,28.6727859],[77.1491289,28.6725204],[77.151542,28.6721812],[77.1534683,28.6718677],[77.1543213,28.6717242],[77.154481,28.6722765],[77.1544863,28.6727604],[77.154556,28.6732662],[77.1548067,28.673824],[77.1549224,28.6740158],[77.1546712,28.6741161],[77.1513521,28.6754952],[77.1516991,28.6757966],[77.1516203,28.6759125],[77.1511406,28.6764823],[77.1507631,28.6770828],[77.1505016,28.6776993],[77.1503954,28.6779006],[77.1503273,28.6781782],[77.1502764,28.6786181],[77.1502656,28.6789923],[77.150278,28.6793742],[77.1503371,28.679788],[77.1504282,28.6801809],[77.1506861,28.6809164],[77.1513218,28.6807889],[77.1525132,28.6807784],[77.1532831,28.680823],[77.1547236,28.6809513],[77.1546492,28.6814959],[77.1546471,28.6815734],[77.1542509,28.6845382],[77.1539818,28.6864648],[77.15404,28.6886756],[77.1542644,28.6894961],[77.1545021,28.6899664],[77.1531641,28.6902584],[77.1532265,28.6905556],[77.154018,28.6928778],[77.1540366,28.6929324],[77.1536815,28.6930409],[77.1517546,28.6936703],[77.150121,28.6941777],[77.1493823,28.6944209],[77.1467138,28.6952564]]]},"properties":{"fill-opacity":0,"stroke-opacity":1,"stroke":"#ff0000","WNo_SEC":62,"AC_No":16,"AC_No_1":16,"AC_Name":"TRI NAGAR","Ward_No":62,"WardName":"SHAKUR PUR","TotalPop":71833,"SC_Pop":25266,"NW2022":"62, SHAKUR PUR"},"id":234},
{"type":"Feature","geometry":{"type":"Polygon","coordinates":[[[77.1546492,28.6814959],[77.1547236,28.6809513],[77.1532831,28.680823],[77.1525132,28.6807784],[77.1513218,28.6807889],[77.1506861,28.6809164],[77.1504282,28.6801809],[77.1503371,28.679788],[77.150278,28.6793742],[77.1502656,28.6789923],[77.1502764,28.6786181],[77.1503273,28.6781782],[77.1503954,28.6779006],[77.1505016,28.6776993],[77.1507631,28.6770828],[77.1511406,28.6764823],[77.1516203,28.6759125],[77.1516991,28.6757966],[77.1513521,28.6754952],[77.1546712,28.6741161],[77.1549224,28.6740158],[77.1548067,28.673824],[77.154556,28.6732662],[77.1544863,28.6727604],[77.154481,28.6722765],[77.1543213,28.6717242],[77.1575225,28.6712042],[77.1593107,28.6721289],[77.15986,28.67231],[77.1621029,28.6730017],[77.1640636,28.6735548],[77.1653647,28.6741565],[77.1660387,28.6746491],[77.1670764,28.6753483],[77.16795,28.67587],[77.1682065,28.6760134],[77.1676793,28.6769108],[77.1673286,28.6774919],[77.1668537,28.6784246],[77.1665452,28.6790502],[77.1660624,28.6800905],[77.1651512,28.6820068],[77.1652279,28.6820343],[77.1644077,28.6837322],[77.1643478,28.6837437],[77.1638732,28.6835446],[77.1634286,28.6832787],[77.1628774,28.6830005],[77.160821,28.6819805],[77.1606225,28.6819305],[77.1604691,28.6819334],[77.1597699,28.6810148],[77.1597643,28.6809605],[77.1605413,28.6801384],[77.159816,28.6795298],[77.159559,28.6797244],[77.1592712,28.679391],[77.159182,28.6793243],[77.1583969,28.6797632],[77.1579038,28.6800835],[77.1579892,28.6801881],[77.1565425,28.6809792],[77.1559694,28.6812509],[77.1556159,28.6813401],[77.1547431,28.6814922],[77.1546492,28.6814959]]]},"properties":{"fill-opacity":0,"stroke-opacity":1,"stroke":"#ff0000","WNo_SEC":63,"AC_No":16,"AC_No_1":16,"AC_Name":"TRI NAGAR","Ward_No":63,"WardName":"TRI NAGAR","TotalPop":69013,"SC_Pop":1914,"NW2022":"63, TRI NAGAR"},"id":235},
{"type":"Feature","geometry":{"type":"MultiPolygon","coordinates":[[[[77.19220750383096,28.668908613408384],[77.1924248,28.6694571],[77.193175,28.6711142],[77.1932604,28.6710969],[77.1939952,28.6727048],[77.1941664,28.67312],[77.1941562,28.6732572],[77.1939876,28.6736153],[77.1938261,28.673854],[77.1936579,28.6739607],[77.1933033,28.674098],[77.1925411,28.6743522],[77.1912451,28.6748028],[77.1896285,28.6753519],[77.1889453,28.6756298],[77.187799,28.6738631],[77.1874952,28.6736248],[77.18754,28.67358],[77.18774,28.67282],[77.1878,28.67226],[77.18779,28.67204],[77.1874238,28.6712057],[77.1877193,28.6710923],[77.1878211,28.6710951],[77.1883409,28.6709163],[77.1891677,28.6706138],[77.1904345,28.6701729],[77.1916422,28.6697418],[77.1913854,28.669196],[77.19220750383096,28.668908613408384]]],[[[77.1682065,28.6760134],[77.16795,28.67587],[77.1670764,28.6753483],[77.1660387,28.6746491],[77.1653647,28.6741565],[77.1640636,28.6735548],[77.1621029,28.6730017],[77.15986,28.67231],[77.1593107,28.6721289],[77.1604897,28.6716553],[77.1641401,28.6702346],[77.1655643,28.6696629],[77.165759,28.6699804],[77.1663332,28.6706467],[77.1664578,28.6707675],[77.1685645,28.6720375],[77.1691309,28.6723061],[77.1698252,28.6726667],[77.1700942,28.672791],[77.1704289,28.672752],[77.1706287,28.6726737],[77.1715143,28.6725102],[77.1723515,28.6721346],[77.1737349,28.6716227],[77.1762786,28.6711018],[77.1762032,28.6706347],[77.1759885,28.6698602],[77.1759202,28.6697561],[77.1756748,28.6698278],[77.1753867,28.6698361],[77.1752536,28.669773],[77.1752485,28.6695086],[77.1753058,28.6692322],[77.1754859,28.6691594],[77.1754755,28.668781],[77.1758652,28.6687708],[77.1769904,28.6686901],[77.1774164,28.6686415],[77.1777474,28.6685368],[77.1780329,28.668414],[77.1788289,28.6681345],[77.1793047,28.6679466],[77.1813894,28.6669797],[77.1815175,28.6669739],[77.1819379,28.6668113],[77.1834262,28.6698683],[77.1839554,28.6708549],[77.1842012,28.6711348],[77.1872845,28.673521],[77.18746,28.67366],[77.1873454,28.6739266],[77.1872975,28.6742439],[77.1870967,28.6744194],[77.1868797,28.674475],[77.18656,28.6746124],[77.1863592,28.6747879],[77.1861601,28.6750476],[77.1860386,28.675322],[77.1859469,28.6757202],[77.1857587,28.6762802],[77.1856154,28.6766031],[77.185204,28.6773916],[77.1849605,28.6776634],[77.1847901,28.6777788],[77.1846753,28.6779325],[77.1841828,28.6788578],[77.183969,28.6791093],[77.1838697,28.679414],[77.1833875,28.679398],[77.1831573,28.679521],[77.1828184,28.6798428],[77.1825342,28.679741],[77.1804658,28.6791835],[77.17841,28.67861],[77.1779086,28.6784314],[77.17698,28.67804],[77.1761801,28.6777785],[77.1754915,28.6776573],[77.1743104,28.6775628],[77.1734019,28.6775053],[77.17197,28.67737],[77.1702186,28.6766643],[77.1682065,28.6760134]]]]},"properties":{"fill-opacity":0,"stroke-opacity":1,"stroke":"#ff0000","WNo_SEC":70,"AC_No":19,"AC_No_1":19,"AC_Name":"SADAR BAZAR","Ward_No":70,"WardName":"SHASTRI NAGAR","TotalPop":78483,"SC_Pop":7232,"NW2022":"70, SHASTRI NAGAR"},"id":236},
{"type":"Feature","geometry":{"type":"Polygon","coordinates":[[[77.1834262,28.6698683],[77.1819379,28.6668113],[77.1815175,28.6669739],[77.1813894,28.6669797],[77.1793047,28.6679466],[77.1788289,28.6681345],[77.1780329,28.668414],[77.1777474,28.6685368],[77.1774164,28.6686415],[77.1769904,28.6686901],[77.1758652,28.6687708],[77.1754755,28.668781],[77.1754859,28.6691594],[77.1753058,28.6692322],[77.1752485,28.6695086],[77.1752536,28.669773],[77.1753867,28.6698361],[77.1756748,28.6698278],[77.1759202,28.6697561],[77.1759885,28.6698602],[77.1762032,28.6706347],[77.1762786,28.6711018],[77.1737349,28.6716227],[77.1723515,28.6721346],[77.1715143,28.6725102],[77.1706287,28.6726737],[77.1704289,28.672752],[77.1700942,28.672791],[77.1698252,28.6726667],[77.1691309,28.6723061],[77.1685645,28.6720375],[77.1664578,28.6707675],[77.1663332,28.6706467],[77.165759,28.6699804],[77.1655643,28.6696629],[77.167159,28.6690227],[77.1701401,28.6678818],[77.1711731,28.6675036],[77.1725932,28.6669968],[77.1729197,28.6668892],[77.1725297,28.6668384],[77.17165,28.6669],[77.1708761,28.6668638],[77.1703542,28.6668016],[77.1695295,28.6666182],[77.1674171,28.6675377],[77.1673043,28.6669021],[77.1671931,28.6665059],[77.167118,28.6663287],[77.1667355,28.665643],[77.1669172,28.6653981],[77.1692195,28.6663986],[77.1695809,28.6654758],[77.16996,28.6650643],[77.1699019,28.6648932],[77.1697619,28.6643216],[77.1696796,28.6639035],[77.1696436,28.6635493],[77.1699719,28.6631123],[77.1703834,28.6630101],[77.1701781,28.6627317],[77.1702367,28.6626165],[77.1701183,28.6624365],[77.1700311,28.6622118],[77.1698755,28.6620157],[77.1696943,28.661736],[77.1695112,28.6616083],[77.1693293,28.6612162],[77.1691625,28.660992],[77.1691023,28.6608222],[77.1691068,28.6605639],[77.1690498,28.66025],[77.1689119,28.6599158],[77.1693097,28.6597317],[77.169695,28.6597057],[77.1700927,28.6595767],[77.1706701,28.6593324],[77.1713692,28.6590832],[77.171722,28.6589883],[77.1726047,28.6588077],[77.1731545,28.6585499],[77.1730912,28.6582471],[77.1741789,28.6580144],[77.1749315,28.6578764],[77.1754558,28.6577514],[77.175614,28.6576761],[77.1758231,28.6575013],[77.1759945,28.6574093],[77.1771226,28.6574006],[77.1771344,28.6577615],[77.1772001,28.6586249],[77.1771819,28.6592842],[77.1781045,28.6592496],[77.1780986,28.6586171],[77.1789743,28.6586008],[77.179264,28.6586355],[77.179508,28.6587086],[77.1796748,28.6588052],[77.1797171,28.6589014],[77.1797718,28.659566],[77.1797956,28.660023],[77.1798704,28.6601302],[77.1799861,28.6601529],[77.1805919,28.6601855],[77.1809821,28.6602619],[77.1811574,28.6604074],[77.1812223,28.6605984],[77.1812261,28.6607809],[77.1811642,28.6611584],[77.180808,28.662361],[77.1806506,28.6627554],[77.1805905,28.663008],[77.1806124,28.6631172],[77.1807901,28.6632208],[77.1811911,28.6633365],[77.1809021,28.6634371],[77.180559,28.6635264],[77.1806637,28.6640878],[77.1807643,28.6644007],[77.1808319,28.6643837],[77.182927,28.6637102],[77.1850138,28.6628136],[77.1861745,28.6624635],[77.1874919,28.6621339],[77.1886432,28.6618603],[77.1900695,28.6615819],[77.1914721,28.6614096],[77.1926543,28.6613829],[77.1934245,28.6613274],[77.1942871,28.6614185],[77.1951348,28.6615718],[77.1962512,28.6618927],[77.1981125,28.6627172],[77.19823,28.6625256],[77.1983218,28.6626081],[77.1987605,28.6626768],[77.1994593,28.662693],[77.2005677,28.6626539],[77.2016838,28.6626271],[77.2046797,28.6625698],[77.2047241,28.6629122],[77.204759,28.6629623],[77.2048995,28.6638694],[77.2050775,28.6646949],[77.2051492,28.6649703],[77.204421,28.6652929],[77.2041315,28.6653191],[77.2037082,28.6654082],[77.2027783,28.6655673],[77.2019387,28.6657592],[77.2014863,28.6658779],[77.201397,28.6658412],[77.201084,28.6659015],[77.1994738,28.6663224],[77.1988998,28.6664375],[77.1975422,28.6667969],[77.1975916,28.6669278],[77.1975282,28.6670773],[77.1962172,28.6674474],[77.1949197,28.6677821],[77.1932997,28.6682083],[77.1922,28.6684877],[77.1921718,28.6683844],[77.1900979,28.6689309],[77.1878638,28.6695289],[77.1874671,28.6696256],[77.1869015,28.6697087],[77.1864175,28.6697459],[77.1857673,28.6697773],[77.1834262,28.6698683]]]},"properties":{"fill-opacity":0,"stroke-opacity":1,"stroke":"#ff0000","WNo_SEC":71,"AC_No":19,"AC_No_1":19,"AC_Name":"SADAR BAZAR","Ward_No":71,"WardName":"KISHAN GANJ","TotalPop":74022,"SC_Pop":21251,"NW2022":"71, KISHAN GANJ"},"id":237},
{"type":"Feature","geometry":{"type":"Polygon","coordinates":[[[77.2004728,28.6713175],[77.2005051,28.6710691],[77.2002944,28.6706635],[77.1996311,28.6695801],[77.1994712,28.6695632],[77.1992452,28.669371],[77.1990635,28.6691671],[77.1973748,28.6702276],[77.1971416,28.6699359],[77.1966655,28.6694135],[77.196459,28.6694546],[77.1963566,28.6695969],[77.1956087,28.6698069],[77.1957758,28.6702697],[77.1957101,28.6704088],[77.1954446,28.6705135],[77.1947843,28.6706735],[77.1932604,28.6710969],[77.193175,28.6711142],[77.1924248,28.6694571],[77.19220750383096,28.668908613408384],[77.1923291,28.6688706],[77.1922,28.6684877],[77.1932997,28.6682083],[77.1949197,28.6677821],[77.1962172,28.6674474],[77.1975282,28.6670773],[77.1975916,28.6669278],[77.1975422,28.6667969],[77.1988998,28.6664375],[77.1994738,28.6663224],[77.201084,28.6659015],[77.201397,28.6658412],[77.2014863,28.6658779],[77.2019387,28.6657592],[77.2027783,28.6655673],[77.2037082,28.6654082],[77.2041315,28.6653191],[77.204421,28.6652929],[77.2051492,28.6649703],[77.2050775,28.6646949],[77.2048995,28.6638694],[77.204759,28.6629623],[77.2047241,28.6629122],[77.2046797,28.6625698],[77.2053571,28.6625456],[77.20507,28.66184],[77.205,28.66171],[77.2047249,28.6614082],[77.20431,28.66107],[77.2047291,28.6609156],[77.2051707,28.6607929],[77.206402,28.6604245],[77.2073265,28.6601346],[77.2084698,28.6597851],[77.2082999,28.6593846],[77.2082805,28.6592316],[77.208077,28.6589424],[77.2079793,28.6587635],[77.2083259,28.6586012],[77.2088785,28.6583854],[77.2092054,28.6582153],[77.2093467,28.6580976],[77.2095433,28.6579984],[77.2098478,28.6579123],[77.2103696,28.6576987],[77.2107849,28.657547],[77.2109627,28.6574617],[77.2115913,28.6571073],[77.2118453,28.6570271],[77.2122265,28.6569514],[77.21264,28.6582532],[77.2127159,28.6585164],[77.2143181,28.6580499],[77.2150027,28.6578689],[77.2158154,28.6577373],[77.215923,28.6577058],[77.2164204,28.6576725],[77.2166786,28.6576291],[77.2171795,28.6576766],[77.2168547,28.6588676],[77.2167281,28.6599017],[77.2167076,28.6612267],[77.216567,28.6617495],[77.2164301,28.6620597],[77.2162086,28.6624667],[77.2157818,28.6630839],[77.2155806,28.6632838],[77.2153722,28.6630309],[77.2151886,28.6629842],[77.2145953,28.6631162],[77.2142913,28.6631513],[77.2131808,28.6631332],[77.2129915,28.6634075],[77.2131752,28.6635607],[77.2126671,28.6640858],[77.2125149,28.6642788],[77.2123585,28.6644026],[77.2119277,28.6640171],[77.2122889,28.6636399],[77.2122422,28.6631636],[77.2118194,28.6632105],[77.2115017,28.6632647],[77.2108119,28.6634753],[77.2100647,28.663729],[77.2092873,28.6640255],[77.2081454,28.6644051],[77.2083749,28.665016],[77.2084657,28.665391],[77.2089731,28.6667575],[77.20848,28.66696],[77.2082715,28.6670857],[77.2078842,28.6673638],[77.2070698,28.6680219],[77.2063915,28.6685492],[77.2058335,28.6689284],[77.2056757,28.6689808],[77.2052141,28.6690389],[77.2042934,28.6691916],[77.2037554,28.6692929],[77.2035069,28.6693737],[77.2030893,28.6696022],[77.2028056,28.6698799],[77.2026445,28.670121],[77.2022682,28.6709397],[77.2021321,28.6711254],[77.2019639,28.6712464],[77.2017485,28.671314],[77.2004728,28.6713175]]]},"properties":{"fill-opacity":0,"stroke-opacity":1,"stroke":"#ff0000","WNo_SEC":72,"AC_No":19,"AC_No_1":19,"AC_Name":"SADAR BAZAR","Ward_No":72,"WardName":"SADAR BAZAR","TotalPop":66050,"SC_Pop":11501,"NW2022":"72, SADAR BAZAR"},"id":238},
{"type":"Feature","geometry":{"type":"Polygon","coordinates":[[[77.2233759,28.646655],[77.2235857,28.6463503],[77.2236727,28.646224],[77.2238092,28.6464006],[77.2239312,28.6464349],[77.2241043,28.6463876],[77.2245207,28.6467437],[77.2251363,28.6472932],[77.2253078,28.6474811],[77.2259032,28.6485411],[77.2262156,28.6490397],[77.2269147,28.649045],[77.227759,28.6484576],[77.2281406,28.6481005],[77.2286653,28.6476583],[77.2289911,28.6473473],[77.2293177,28.6470788],[77.229984,28.6466168],[77.2302233,28.6464035],[77.2308393,28.6459169],[77.2312833,28.6456178],[77.2312891,28.6454065],[77.2314895,28.6448207],[77.2318491,28.6439374],[77.2321187,28.6439991],[77.2321139,28.6441086],[77.2324578,28.6441804],[77.2325851,28.6441689],[77.2325694,28.6440588],[77.2328823,28.6440484],[77.2329251,28.6443216],[77.2330322,28.6444183],[77.233236,28.6445126],[77.2334069,28.6446325],[77.233509,28.64484],[77.233539,28.64504],[77.2338021,28.6457001],[77.2339976,28.6461035],[77.2340286,28.6462211],[77.23403,28.646643],[77.2340824,28.646777],[77.2339035,28.647078],[77.2336042,28.6474371],[77.2335714,28.647654],[77.2336473,28.6481932],[77.2336121,28.6486453],[77.2334814,28.6497651],[77.2327333,28.6497545],[77.2325076,28.649794],[77.2324468,28.6498843],[77.2323854,28.6506122],[77.2306447,28.6505123],[77.2303296,28.650486],[77.2295964,28.6502064],[77.2285319,28.6498424],[77.2274911,28.6494697],[77.2268762,28.6492711],[77.2266419,28.6492179],[77.2265581,28.6492653],[77.2264568,28.6495743],[77.2261704,28.649835],[77.2254898,28.6504084],[77.2247489,28.6510848],[77.224348,28.6515076],[77.2242012,28.6513116],[77.2240583,28.651018],[77.2239011,28.6510737],[77.2234844,28.6511197],[77.2235252,28.6513012],[77.2231565,28.6513562],[77.2227549,28.6513813],[77.2227095,28.6513217],[77.2226878,28.6510796],[77.2226157,28.6508765],[77.2226151,28.6507146],[77.222542,28.6505854],[77.2225422,28.6502494],[77.2224072,28.6502069],[77.2223449,28.6499466],[77.2219994,28.6499848],[77.2219731,28.6500241],[77.2214858,28.6501399],[77.2212814,28.6501407],[77.2221449,28.6488651],[77.2218855,28.6487376],[77.2228649,28.6473971],[77.2233759,28.646655]]]},"properties":{"fill-opacity":0,"stroke-opacity":1,"stroke":"#ff0000","WNo_SEC":78,"AC_No":21,"AC_No_1":21,"AC_Name":"MATIA MAHAL","Ward_No":78,"WardName":"BAZAR SITA RAM","TotalPop":57774,"SC_Pop":3449,"NW2022":"78, BAZAR SITA RAM"},"id":239},
{"type":"Feature","geometry":{"type":"Polygon","coordinates":[[[77.0991834,28.6607675],[77.0993927,28.659635],[77.0995356,28.6587793],[77.0996503,28.658168],[77.0995964,28.6576146],[77.0990786,28.6576273],[77.0990539,28.6568298],[77.099068,28.6565994],[77.099378,28.6560369],[77.0997297,28.6554388],[77.0996978,28.6546463],[77.0975299,28.6546656],[77.0975109,28.6532919],[77.0975296,28.6532494],[77.0989468,28.6532114],[77.0987665,28.6529778],[77.0983371,28.6528593],[77.0982089,28.6528049],[77.0975579,28.6525909],[77.0973666,28.6525064],[77.0966754,28.6522913],[77.0961447,28.6521705],[77.095178,28.6520021],[77.094588,28.6519328],[77.0941096,28.6519238],[77.0940325,28.6505682],[77.094005,28.649885],[77.0941134,28.6498411],[77.095171,28.6497953],[77.0958936,28.6497831],[77.0963368,28.649795],[77.0975261,28.6497594],[77.0975024,28.6491514],[77.0981771,28.6491277],[77.0981767,28.649202],[77.0989161,28.6491737],[77.0989003,28.6484634],[77.0988997,28.6478353],[77.0988362,28.6478209],[77.0988397,28.6476149],[77.098803,28.6466176],[77.0987868,28.6457102],[77.0987371,28.645712],[77.0992508,28.645156],[77.09947,28.64507],[77.1002647,28.6448167],[77.100885,28.6446614],[77.1012773,28.644549],[77.1016526,28.6443973],[77.1019655,28.6443051],[77.1019822,28.6448155],[77.1019916,28.6459093],[77.1020085,28.6464486],[77.1020085,28.6472469],[77.1026269,28.6472407],[77.102646,28.6477747],[77.1037254,28.64776],[77.1035853,28.6480389],[77.1035432,28.648025],[77.1025998,28.6480353],[77.1025068,28.6479541],[77.1023794,28.6479421],[77.1023825,28.6481035],[77.1022636,28.6481091],[77.1021598,28.64804],[77.1019782,28.6480427],[77.1019774,28.6479],[77.1017776,28.6479013],[77.1017573,28.6477979],[77.1009519,28.6478164],[77.1009583,28.6488857],[77.1018844,28.6488723],[77.101886,28.6489066],[77.1023953,28.6489041],[77.1023974,28.6490628],[77.1030896,28.6490632],[77.1024145,28.6504251],[77.1020939,28.6509921],[77.1023097,28.65104],[77.1033312,28.6510502],[77.10514,28.6510044],[77.10517,28.65211],[77.1060673,28.6522097],[77.10832,28.65244],[77.1093091,28.65255],[77.1091007,28.6540446],[77.10904,28.65455],[77.10897,28.65537],[77.10891,28.65594],[77.10878,28.6577],[77.1087068,28.6585385],[77.1087069,28.6590649],[77.10881,28.66019],[77.1088356,28.6607344],[77.10701,28.6609],[77.10414,28.66117],[77.10227,28.6611],[77.10042,28.66094],[77.0991834,28.6607675]]]},"properties":{"fill-opacity":0,"stroke-opacity":1,"stroke":"#ff0000","WNo_SEC":95,"AC_No":27,"AC_No_1":27,"AC_Name":"RAJOURI GARDEN","Ward_No":95,"WardName":"VISHNU GARDEN","TotalPop":73302,"SC_Pop":6517,"NW2022":"95, VISHNU GARDEN"},"id":240},
{"type":"Feature","geometry":{"type":"Polygon","coordinates":[[[77.12504,28.65025],[77.1250333,28.6502456],[77.12473,28.65005],[77.12431,28.64986],[77.1237807,28.6495633],[77.1236543,28.6497644],[77.1234167,28.6496261],[77.123048,28.6494498],[77.1228663,28.6497445],[77.1223208,28.6495088],[77.1220579,28.649373],[77.1222597,28.6489789],[77.1214822,28.6486685],[77.121529,28.6485746],[77.12101,28.64838],[77.11905,28.6476],[77.1187,28.64745],[77.11835,28.64725],[77.11736,28.64664],[77.11698,28.64642],[77.11663,28.64689],[77.11625,28.64731],[77.11593,28.64773],[77.11536,28.64856],[77.11513,28.64887],[77.1143,28.64994],[77.11311,28.65118],[77.11255,28.65189],[77.11224,28.65236],[77.11187,28.65304],[77.1109872,28.6527816],[77.1093156,28.6525017],[77.1093091,28.65255],[77.10832,28.65244],[77.1060673,28.6522097],[77.10517,28.65211],[77.10514,28.6510044],[77.10512,28.64976],[77.10512,28.64724],[77.1051128,28.6466639],[77.1053798,28.6465537],[77.1056016,28.6466686],[77.1067039,28.6473034],[77.1069425,28.6474518],[77.1077909,28.6462676],[77.1078171,28.6462426],[77.1081529,28.6464385],[77.1081941,28.6463666],[77.1092744,28.6452395],[77.110247,28.6439427],[77.1105559,28.6435929],[77.110742,28.6432905],[77.1108707,28.6431282],[77.1105855,28.6428811],[77.1103882,28.6427901],[77.1097064,28.6425191],[77.1083619,28.6419453],[77.1077334,28.6416649],[77.1077573,28.6415887],[77.1077628,28.6408706],[77.1083893,28.6407836],[77.1086424,28.6407235],[77.1089565,28.6406167],[77.1093865,28.6404124],[77.1096421,28.6402694],[77.1105519,28.6397044],[77.1108039,28.6395323],[77.1114833,28.6391092],[77.1117413,28.6389776],[77.1119815,28.6389138],[77.1127534,28.6389246],[77.113115,28.6389701],[77.11339,28.63904],[77.11357,28.63918],[77.1138312,28.6394365],[77.1144849,28.639007],[77.1148471,28.6387556],[77.1158594,28.6381908],[77.1170233,28.6375086],[77.1173398,28.63734],[77.1186684,28.6365069],[77.1188287,28.6366776],[77.1191557,28.6368973],[77.1195363,28.6369984],[77.1198508,28.637025],[77.1198563,28.6378081],[77.12,28.63784],[77.12081,28.63784],[77.1215801,28.6378646],[77.1216726,28.6378427],[77.1226641,28.6378182],[77.12411,28.63782],[77.1248324,28.6378459],[77.1255847,28.6377351],[77.1261981,28.6375794],[77.1266992,28.6375111],[77.1278146,28.6373834],[77.128,28.63752],[77.12852,28.63783],[77.1297393,28.6383197],[77.1292564,28.6395677],[77.12871,28.64095],[77.12817,28.64236],[77.12734,28.64451],[77.12708,28.64517],[77.12619,28.64749],[77.12584,28.64835],[77.12556,28.64911],[77.12533,28.64963],[77.12504,28.65025]]]},"properties":{"fill-opacity":0,"stroke-opacity":1,"stroke":"#ff0000","WNo_SEC":96,"AC_No":27,"AC_No_1":27,"AC_Name":"RAJOURI GARDEN","Ward_No":96,"WardName":"RAJOURI GARDEN","TotalPop":65596,"SC_Pop":6507,"NW2022":"96, RAJOURI GARDEN"},"id":241},
{"type":"Feature","geometry":{"type":"Polygon","coordinates":[[[77.094846,28.6424224],[77.0952343,28.642173],[77.0962285,28.6415594],[77.0971145,28.6410677],[77.0982132,28.640403],[77.098406,28.6403753],[77.0988294,28.6404826],[77.0992569,28.640621],[77.1002503,28.6410022],[77.1010439,28.64128],[77.1012539,28.64133],[77.1023814,28.6417614],[77.1026302,28.6418484],[77.1027997,28.6414674],[77.1031055,28.6415837],[77.1032159,28.6413887],[77.1037519,28.641563],[77.1039166,28.6412354],[77.1041495,28.6413287],[77.1044538,28.6406931],[77.1051649,28.6409608],[77.1052714,28.6407303],[77.1057843,28.6409555],[77.1058881,28.6407619],[77.1067255,28.6411269],[77.1077573,28.6415887],[77.1077334,28.6416649],[77.1083619,28.6419453],[77.1097064,28.6425191],[77.1103882,28.6427901],[77.1105855,28.6428811],[77.1108707,28.6431282],[77.110742,28.6432905],[77.1105559,28.6435929],[77.110247,28.6439427],[77.1092744,28.6452395],[77.1081941,28.6463666],[77.1081529,28.6464385],[77.1078171,28.6462426],[77.1077909,28.6462676],[77.1069425,28.6474518],[77.1067039,28.6473034],[77.1056016,28.6466686],[77.1053798,28.6465537],[77.1051128,28.6466639],[77.10512,28.64724],[77.10512,28.64976],[77.10514,28.6510044],[77.1033312,28.6510502],[77.1023097,28.65104],[77.1020939,28.6509921],[77.1024145,28.6504251],[77.1030896,28.6490632],[77.1023974,28.6490628],[77.1023953,28.6489041],[77.101886,28.6489066],[77.1018844,28.6488723],[77.1009583,28.6488857],[77.1009519,28.6478164],[77.1017573,28.6477979],[77.1017776,28.6479013],[77.1019774,28.6479],[77.1019782,28.6480427],[77.1021598,28.64804],[77.1022636,28.6481091],[77.1023825,28.6481035],[77.1023794,28.6479421],[77.1025068,28.6479541],[77.1025998,28.6480353],[77.1035432,28.648025],[77.1035853,28.6480389],[77.1037254,28.64776],[77.102646,28.6477747],[77.1026269,28.6472407],[77.1020085,28.6472469],[77.1020085,28.6464486],[77.1019916,28.6459093],[77.1019822,28.6448155],[77.1019655,28.6443051],[77.1016526,28.6443973],[77.1012773,28.644549],[77.100885,28.6446614],[77.1002647,28.6448167],[77.09947,28.64507],[77.0992508,28.645156],[77.0987371,28.645712],[77.0987868,28.6457102],[77.098803,28.6466176],[77.0988397,28.6476149],[77.0988362,28.6478209],[77.0988997,28.6478353],[77.0989003,28.6484634],[77.0989161,28.6491737],[77.0981767,28.649202],[77.0981771,28.6491277],[77.0975024,28.6491514],[77.0975261,28.6497594],[77.0963368,28.649795],[77.0958936,28.6497831],[77.095171,28.6497953],[77.0941134,28.6498411],[77.094005,28.649885],[77.0940325,28.6505682],[77.0941096,28.6519238],[77.0930907,28.6519272],[77.0920733,28.6519426],[77.0912165,28.6518963],[77.09127,28.6517],[77.0914513,28.6508625],[77.091468,28.6506627],[77.09143,28.65045],[77.09131,28.65],[77.09036,28.64701],[77.0901061,28.646154],[77.0901076,28.6460151],[77.0903026,28.6457646],[77.0905441,28.645532],[77.0910709,28.6451079],[77.0907166,28.6446261],[77.0908706,28.6445617],[77.0907961,28.6441962],[77.0899771,28.6442848],[77.0898064,28.6442504],[77.0898009,28.6441026],[77.0899106,28.6440476],[77.090144,28.6440487],[77.0907545,28.6439687],[77.0912638,28.6439304],[77.0917838,28.6438078],[77.0920965,28.6436761],[77.0923749,28.6435168],[77.0926016,28.6437994],[77.0926475,28.6438052],[77.094846,28.6424224]]]},"properties":{"fill-opacity":0,"stroke-opacity":1,"stroke":"#ff0000","WNo_SEC":97,"AC_No":27,"AC_No_1":27,"AC_Name":"RAJOURI GARDEN","Ward_No":97,"WardName":"CHAUKHANDI NAGAR","TotalPop":67284,"SC_Pop":11289,"NW2022":"97, CHAUKHANDI NAGAR"},"id":242},
{"type":"Feature","geometry":{"type":"Polygon","coordinates":[[[77.0327451,28.712427],[77.0317701,28.7124357],[77.0310245,28.7124544],[77.0310416,28.7144545],[77.0310581,28.7154087],[77.0311026,28.717346],[77.0307927,28.7173449],[77.0308196,28.7178924],[77.0315205,28.7178848],[77.0315554,28.7189884],[77.0294648,28.7190676],[77.0295092,28.7206665],[77.0288321,28.7206647],[77.0288321,28.7214706],[77.0288757,28.7214389],[77.0298707,28.7209441],[77.0305814,28.7207067],[77.0313585,28.720673],[77.0316671,28.7205652],[77.0330535,28.7202388],[77.0348546,28.7199748],[77.036404,28.7198182],[77.0370032,28.719744],[77.037694,28.7196845],[77.0383907,28.7197216],[77.0386291,28.719843],[77.0401855,28.7194721],[77.040321,28.7196058],[77.0409886,28.7194215],[77.0412185,28.7193915],[77.041882,28.7192103],[77.0421735,28.7190863],[77.0429459,28.7188561],[77.0442007,28.7185262],[77.044508,28.7184171],[77.0452154,28.7181376],[77.0457112,28.7177518],[77.0463928,28.7171803],[77.0471364,28.7164523],[77.0487851,28.7152419],[77.0492596,28.7154659],[77.0499057,28.7157904],[77.0505966,28.7161499],[77.0510689,28.7164143],[77.0513381,28.7165058],[77.0515826,28.7165438],[77.052123,28.7167923],[77.0528409,28.717232],[77.0534364,28.7177362],[77.0536344,28.7180111],[77.053676,28.7180701],[77.0547095,28.7191518],[77.0551574,28.7197183],[77.0555727,28.7202804],[77.0558973,28.720792],[77.0563527,28.7215498],[77.0570998,28.7224198],[77.0569115,28.722436],[77.0559595,28.7227538],[77.0558008,28.7228473],[77.0546977,28.723593],[77.053614,28.7243701],[77.0531414,28.7246705],[77.0521505,28.7252466],[77.0515407,28.7256831],[77.0495141,28.7266972],[77.0488035,28.7270707],[77.0475119,28.7277911],[77.0469826,28.728102],[77.0472684,28.7280362],[77.0477823,28.7278781],[77.0485051,28.7276918],[77.048635,28.7276705],[77.0493902,28.7274651],[77.0504405,28.727206],[77.0519,28.7268248],[77.0526627,28.7266364],[77.0526082,28.726716],[77.0517662,28.7276868],[77.0510493,28.728527],[77.0499383,28.7297878],[77.0496596,28.7301492],[77.049432,28.730529],[77.049294,28.7307963],[77.049142,28.7310233],[77.0490047,28.7313697],[77.0489064,28.731757],[77.0488533,28.7322175],[77.0488296,28.7327593],[77.048876,28.7333826],[77.0489469,28.7339563],[77.0491015,28.7350694],[77.0492365,28.736122],[77.0493815,28.7369804],[77.0431755,28.7369446],[77.043203,28.7383596],[77.0422725,28.7389108],[77.0414713,28.7384574],[77.0373268,28.7384483],[77.0373227,28.7382395],[77.0366728,28.7382493],[77.0348128,28.7380147],[77.0340019,28.7384566],[77.0339003,28.7377539],[77.0333302,28.738037],[77.0328711,28.7384617],[77.0327579,28.7392125],[77.0321897,28.7388987],[77.0291365,28.7389446],[77.0291588,28.7408005],[77.0278316,28.7408084],[77.0278065,28.7395077],[77.0269,28.7395571],[77.02555,28.7408367],[77.0243517,28.7408546],[77.0243411,28.7403057],[77.0229468,28.7403445],[77.0229394,28.7392583],[77.0216194,28.739284],[77.0216314,28.7399106],[77.0203659,28.7399534],[77.0203198,28.7403718],[77.0200018,28.7403885],[77.0167877,28.7345903],[77.0163422,28.7346479],[77.0163533,28.7338614],[77.013923,28.733857],[77.0139046,28.7333201],[77.0105335,28.7333774],[77.0105393,28.732833],[77.0105281,28.7322459],[77.0097609,28.732231],[77.0097517,28.7317621],[77.0087017,28.7317631],[77.0087238,28.7323172],[77.0085883,28.7323133],[77.0085927,28.7328981],[77.0084068,28.7328605],[77.0046612,28.7328803],[77.0044256,28.7324612],[77.0044003,28.7307266],[77.0028087,28.730746],[77.0027276,28.7307745],[77.0021746,28.7293914],[77.0021042,28.7293885],[77.0019746,28.7289987],[77.0019779,28.7287951],[77.0020722,28.7286535],[77.0027032,28.7274298],[77.0039025,28.7252881],[77.0039869,28.7252875],[77.0041604,28.7248595],[77.00454,28.7236711],[77.0045831,28.7234561],[77.0045729,28.722914],[77.0044127,28.7216622],[77.0041644,28.7198013],[77.0040993,28.7194438],[77.0040316,28.7188924],[77.0037308,28.7166687],[77.0036905,28.7164247],[77.0035132,28.7150973],[77.0033583,28.7140088],[77.0032811,28.7135656],[77.0032004,28.7133365],[77.0029889,28.7130015],[77.0024303,28.7122409],[77.002339,28.712089],[77.0021963,28.7117093],[77.0020002,28.7106992],[77.0016981,28.7093017],[77.0014512,28.7080739],[77.0012781,28.7074177],[77.0011959,28.7070436],[77.0008932,28.7070994],[77.000944,28.7069119],[77.0006625,28.7060035],[77.0008692,28.7060397],[77.0007599,28.70559],[77.0004373,28.7043656],[77.0002859,28.7038307],[77.0002057,28.7034152],[77.0001514,28.702834],[77.000063,28.7013391],[76.9999087,28.7008773],[76.9995724,28.7000843],[76.9983978,28.6971851],[76.9980949,28.6966789],[76.9976361,28.6960812],[76.9971532,28.6954844],[76.9968314,28.6951391],[76.9965915,28.6949571],[76.996272,28.6947642],[76.9953341,28.694266],[76.9949883,28.6941002],[76.9944524,28.6937553],[76.9942691,28.6935727],[76.9941394,28.6933767],[76.9939745,28.6930485],[76.9939116,28.6928497],[76.9938125,28.6919098],[76.9983343,28.6915566],[77.0024697,28.6911792],[77.0031727,28.6911329],[77.0106597,28.6904082],[77.010663,28.6904148],[77.0249043,28.6893699],[77.024916,28.6892771],[77.0252069,28.6892592],[77.0294182,28.6889366],[77.0310555,28.6888234],[77.0311527,28.6900825],[77.0309576,28.6900948],[77.0310358,28.6928684],[77.0323792,28.6928485],[77.0324105,28.6933446],[77.0309354,28.6933919],[77.0309759,28.6941445],[77.0309936,28.6966329],[77.0303214,28.6964767],[77.0303349,28.6977577],[77.032098,28.697726],[77.0358976,28.6976722],[77.0373075,28.698253],[77.0374141,28.6991774],[77.0375065,28.6996445],[77.0367516,28.7001579],[77.0366703,28.7004401],[77.0360873,28.7006716],[77.0352236,28.7010952],[77.0345687,28.7015274],[77.0343407,28.7016518],[77.0339648,28.7020428],[77.0338659,28.7020765],[77.0338158,28.7022611],[77.0337387,28.7023022],[77.033219,28.7023815],[77.0327994,28.7026647],[77.0321547,28.703141],[77.0316695,28.7036116],[77.0314538,28.7037262],[77.0310319,28.7042133],[77.0314795,28.7042115],[77.0314863,28.7046367],[77.0316903,28.7046329],[77.0316938,28.7048144],[77.0310848,28.7048281],[77.0311154,28.705008],[77.0312516,28.705006],[77.0312889,28.7057598],[77.0314207,28.7065054],[77.0315552,28.7071356],[77.0316671,28.707245],[77.0316889,28.7079122],[77.0313774,28.7078552],[77.031375,28.7082565],[77.0319089,28.7082467],[77.0319144,28.7090777],[77.0322796,28.7090771],[77.0322899,28.7098181],[77.0328647,28.7098097],[77.0328942,28.7110287],[77.0329578,28.7119854],[77.0328259,28.7119879],[77.0327485,28.7121278],[77.0327451,28.712427]]]},"properties":{"fill-opacity":0,"stroke-opacity":1,"stroke":"#ff0000","WNo_SEC":33,"AC_No":8,"AC_No_1":8,"AC_Name":"MUNDKA","Ward_No":33,"WardName":"RANI KHERA","TotalPop":69553,"SC_Pop":10652,"NW2022":"33, RANI KHERA"},"id":243},
{"type":"Feature","geometry":{"type":"MultiPolygon","coordinates":[[[[77.0509397,28.6528098],[77.050918,28.6526488],[77.0509001,28.6520156],[77.0508319,28.6513922],[77.0507538,28.651071],[77.0506648,28.6509931],[77.0514791,28.6507728],[77.0518974,28.6506393],[77.052219,28.6504941],[77.0526954,28.6501372],[77.0531648,28.6497428],[77.0535591,28.6493224],[77.053868,28.6490246],[77.0543363,28.6487262],[77.0546783,28.6484205],[77.0550764,28.6480193],[77.0561551,28.6471243],[77.056267,28.6470157],[77.0566064,28.6465669],[77.0570085,28.6458863],[77.0572376,28.6453221],[77.0574217,28.6445722],[77.057488,28.6440058],[77.0574764,28.6438147],[77.0573498,28.6429812],[77.0572966,28.6425296],[77.0572427,28.6422831],[77.0571718,28.6417758],[77.0571116623931,28.64085010144642],[77.0571181,28.6404913],[77.0571617,28.6399742],[77.0572901,28.6396201],[77.0576911,28.6391389],[77.057904,28.6389542],[77.0581389,28.6387883],[77.0584,28.63872],[77.05908,28.63906],[77.0597713,28.6395732],[77.0604,28.64004],[77.06241,28.6414],[77.0643,28.64287],[77.06575,28.64418],[77.06786,28.64606],[77.06976,28.6477],[77.07103052565961,28.64884332317277],[77.0718357,28.6495738],[77.0723379,28.6500566],[77.0731474,28.6508157],[77.0741726,28.6518637],[77.07434706507918,28.652067942051456],[77.0757222,28.6534169],[77.07611848808195,28.65376148962807],[77.0769056,28.6543299],[77.077397,28.6546714],[77.0777104,28.6548332],[77.0794201,28.6556688],[77.0804349,28.6561316],[77.080685,28.656185],[77.0803141,28.6579084],[77.0794611,28.6608609],[77.0790902,28.661694],[77.0781298,28.6633404],[77.0779594,28.6638027],[77.0779508,28.6643293],[77.0780291,28.6651048],[77.0775921,28.6651358],[77.0769616,28.6651166],[77.0767193,28.6650743],[77.0764042,28.6649334],[77.0757899,28.6645786],[77.0753684,28.6643006],[77.0748887,28.6640373],[77.0738893,28.6634637],[77.0737798,28.6633733],[77.0731896,28.6632761],[77.0728654,28.6634068],[77.0722037,28.6634441],[77.0717043,28.6635379],[77.0711172,28.6636833],[77.0705174,28.6638592],[77.0696584,28.6640967],[77.0692221,28.6642697],[77.0687673,28.6643899],[77.0686755,28.664369],[77.0685292,28.664099],[77.0681819,28.6635959],[77.0677521,28.6629181],[77.0675474,28.6625091],[77.0671625,28.6619292],[77.0669033,28.6616324],[77.0666167,28.6614113],[77.0660563,28.6610937],[77.0652985,28.6605931],[77.0652522,28.6605743],[77.062614,28.6605696],[77.0619986,28.6615923],[77.0596989,28.6616513],[77.0579113,28.6616794],[77.0565449,28.6617181],[77.0565214,28.6609943],[77.0554119,28.6611567],[77.0550056,28.6604435],[77.0540671,28.6588702],[77.0535961,28.6580562],[77.0530306,28.6570574],[77.0529382,28.6567053],[77.0529039,28.6552858],[77.0528737,28.6527693],[77.0509397,28.6528098]]],[[[77.0529825,28.6646369],[77.053417,28.6650787],[77.0540186,28.665947],[77.0546577,28.6669455],[77.0552307,28.6676911],[77.0559316,28.6685666],[77.0561776,28.6688764],[77.0574753,28.6703893],[77.0611825,28.6747015],[77.0610356,28.6747943],[77.0599668,28.6753425],[77.0595351,28.6755459],[77.0593112,28.6755731],[77.0586842,28.6755787],[77.0586901,28.67621],[77.0590505,28.6762031],[77.0599992,28.6762271],[77.0600053,28.6772348],[77.0611717,28.677192],[77.0620802,28.6771795],[77.0620994,28.6777196],[77.0622714,28.6777151],[77.0627548,28.6775167],[77.0627743,28.6773015],[77.0632165,28.6769627],[77.0638354,28.677582],[77.0645209,28.678217],[77.0648428,28.6785369],[77.0657378,28.6794722],[77.066319,28.6801585],[77.0672234,28.6813199],[77.067703,28.6821734],[77.0639567,28.6821538],[77.0617921,28.6821384],[77.0592026,28.6821744],[77.056577,28.682123],[77.056577,28.6819016],[77.0557224,28.6819067],[77.0557121,28.6820715],[77.0527789,28.6820784],[77.0527755,28.6820741],[77.0524376,28.6815122],[77.0522579,28.6811737],[77.0521961,28.6809518],[77.0520547,28.6800262],[77.0519316,28.6796426],[77.0514765,28.6784996],[77.0513184,28.678184],[77.0512176,28.6779179],[77.0510299,28.6771764],[77.0509815,28.6769185],[77.0507767,28.6762081],[77.0507064,28.6758135],[77.050492,28.6754306],[77.0503751,28.6752902],[77.0501427,28.6749125],[77.0496643,28.6742058],[77.0495736,28.6740353],[77.0491352,28.6734729],[77.0487533,28.6730531],[77.0483034,28.6725301],[77.0482166,28.6724779],[77.0466256,28.6724791],[77.0464822,28.6718525],[77.0463426,28.6714764],[77.0466071,28.6713523],[77.0464174,28.6711605],[77.0461991,28.6708867],[77.0464452,28.670844],[77.0464422,28.6701789],[77.0464961,28.6701728],[77.0464811,28.6696836],[77.0462452,28.6696829],[77.0462335,28.6687168],[77.0488893,28.66869],[77.0488861,28.6677614],[77.0504992,28.6677269],[77.0504733,28.6664481],[77.051574,28.6664373],[77.0515327,28.6655538],[77.05124,28.665558],[77.051241,28.6647528],[77.0511237,28.6647626],[77.0504543,28.6644145],[77.0503959,28.6642308],[77.050479,28.6639538],[77.0505586,28.6638775],[77.051125,28.6638221],[77.0513662,28.6638143],[77.0516906,28.6635461],[77.0528762,28.6645289],[77.0529825,28.6646369]]]]},"properties":{"fill-opacity":0,"stroke-opacity":1,"stroke":"#ff0000","WNo_SEC":36,"AC_No":8,"AC_No_1":8,"AC_Name":"MUNDKA","Ward_No":36,"WardName":"NILOTHI","TotalPop":79992,"SC_Pop":7108,"NW2022":"36, NILOTHI"},"id":244},
{"type":"Feature","geometry":{"type":"Polygon","coordinates":[[[77.2106193,28.6750204],[77.2114238,28.6748874],[77.2118355,28.6745539],[77.2120664,28.6743102],[77.2119916,28.6742596],[77.2117083,28.6738624],[77.2116175,28.6736269],[77.2114706,28.6730432],[77.2113646,28.672734],[77.2111513,28.6722429],[77.2109644,28.6720073],[77.2107168,28.6717932],[77.210597,28.6716551],[77.2104222,28.6713659],[77.2102435,28.6710005],[77.2101736,28.6707315],[77.2101332,28.6701428],[77.2100933,28.6698153],[77.210004,28.6694495],[77.2098259,28.6689776],[77.2095105,28.6680717],[77.2093672,28.6677578],[77.2089731,28.6667575],[77.2084657,28.665391],[77.2083749,28.665016],[77.2081454,28.6644051],[77.2092873,28.6640255],[77.2100647,28.663729],[77.2108119,28.6634753],[77.2115017,28.6632647],[77.2118194,28.6632105],[77.2122422,28.6631636],[77.2122889,28.6636399],[77.2119277,28.6640171],[77.2123585,28.6644026],[77.2125149,28.6642788],[77.2126671,28.6640858],[77.2131752,28.6635607],[77.2129915,28.6634075],[77.2131808,28.6631332],[77.2142913,28.6631513],[77.2145953,28.6631162],[77.2151886,28.6629842],[77.2153722,28.6630309],[77.2155806,28.6632838],[77.2155514,28.6634908],[77.2156762,28.6639029],[77.2157687,28.6641323],[77.2158832,28.6643042],[77.216385,28.6641854],[77.2170073,28.6640159],[77.2172505,28.6639208],[77.2180641,28.6636457],[77.2182109,28.664131],[77.218301,28.6645949],[77.2184472,28.6648479],[77.2187704,28.6651965],[77.2189756,28.6653507],[77.2193898,28.6655928],[77.2196865,28.6656986],[77.2194745,28.6668467],[77.21975,28.66689],[77.2215716,28.6673244],[77.2239576,28.6679603],[77.22707,28.66877],[77.2281135,28.6691485],[77.2316058,28.6701118],[77.2321973,28.6686912],[77.2321807,28.6685589],[77.2322656,28.6681953],[77.232514,28.6676107],[77.2326877,28.6672989],[77.2328708,28.6670206],[77.233223,28.6665438],[77.233374,28.6666089],[77.2336999,28.6661808],[77.2338033,28.6659207],[77.234054,28.6655603],[77.234075,28.6654391],[77.2341945,28.6652399],[77.2345888,28.6647671],[77.234829,28.6645078],[77.2352901,28.6640641],[77.2356896,28.6637058],[77.2361244,28.6633645],[77.2369847,28.6628799],[77.2373866,28.6627029],[77.2383419,28.662176],[77.2388852,28.6619435],[77.2392566,28.6622912],[77.2405096,28.6627285],[77.2406288,28.6628134],[77.241122,28.663629],[77.24024,28.66407],[77.23894,28.66501],[77.23779,28.6664],[77.23644,28.66793],[77.23585,28.66887],[77.23517,28.67097],[77.2351026,28.6712208],[77.2349277,28.6716649],[77.2334324,28.6760659],[77.2328592,28.6778819],[77.2308726,28.6856387],[77.2306372,28.6865647],[77.230592,28.6871968],[77.2306323,28.6878866],[77.2304908,28.6948871],[77.2304594,28.6964331],[77.23073,28.7007],[77.23093,28.7041132],[77.2298157,28.7040826],[77.2291951,28.7041731],[77.2288968,28.7041313],[77.2283884,28.7038872],[77.2277151,28.7036492],[77.2275846,28.7022901],[77.2272082,28.7022469],[77.2267321,28.7019297],[77.2261136,28.7014451],[77.2255661,28.7009882],[77.2251618,28.7006846],[77.2250348,28.7005027],[77.2244618,28.6989001],[77.2241715,28.6980335],[77.2241351,28.6978578],[77.2236805,28.6965859],[77.2236547,28.6963871],[77.2236905,28.696245],[77.2230788,28.6956384],[77.2229558,28.6953254],[77.222955,28.6950981],[77.2225674,28.6939605],[77.2224053,28.6933374],[77.2222117,28.6929165],[77.2220747,28.6926859],[77.2218932,28.6925446],[77.2212549,28.692259],[77.2209535,28.6921996],[77.2207065,28.6921217],[77.2204697,28.691882],[77.2203113,28.6916676],[77.2200307,28.6912037],[77.2199257,28.6907012],[77.2196351,28.6896385],[77.2194366,28.6892868],[77.2192378,28.689008],[77.2188722,28.6886508],[77.218508,28.688271],[77.2182688,28.6880582],[77.2180407,28.6878074],[77.2171469,28.6870377],[77.216558,28.6865529],[77.2161713,28.6862573],[77.2160739,28.686123],[77.2160956,28.6858836],[77.2162048,28.6856436],[77.2165295,28.6846357],[77.2165438,28.6844607],[77.2165096,28.6842403],[77.2161833,28.6835732],[77.2158693,28.6828229],[77.2155712,28.6822233],[77.2154684,28.6820509],[77.2153212,28.6819373],[77.2150261,28.6817835],[77.2147264,28.6817234],[77.2149748,28.6809943],[77.2150657,28.680661],[77.2148951,28.6804833],[77.215043,28.6804265],[77.2151167,28.6802273],[77.2149616,28.6798171],[77.2147561,28.6793585],[77.2140704,28.6780587],[77.2139936,28.6778903],[77.2138752,28.6772506],[77.2136096,28.6773457],[77.2129518,28.6774085],[77.2123703,28.6775105],[77.2120328,28.6775189],[77.2117336,28.6774833],[77.21143,28.67739],[77.2111666,28.6771832],[77.210923,28.6767964],[77.2105382,28.6759913],[77.2104551,28.675789],[77.2103343,28.6752713],[77.2103707,28.6750725],[77.2106193,28.6750204]]]},"properties":{"fill-opacity":0,"stroke-opacity":1,"stroke":"#ff0000","WNo_SEC":73,"AC_No":20,"AC_No_1":20,"AC_Name":"CHANDNI CHOWK","Ward_No":73,"WardName":"CIVIL LINES","TotalPop":55142,"SC_Pop":15510,"NW2022":"73, CIVIL LINES"},"id":245},
{"type":"Feature","geometry":{"type":"Polygon","coordinates":[[[77.2390479,28.6498332],[77.2381,28.65109],[77.23742,28.65203],[77.23683,28.65283],[77.2365649,28.6532844],[77.2364586,28.6532586],[77.2364094,28.6534099],[77.236375,28.6537582],[77.2364443,28.6545892],[77.2365283,28.6551545],[77.2366068,28.6559573],[77.2358668,28.656012],[77.2347203,28.6560547],[77.2347205,28.6554321],[77.2346939,28.6541996],[77.2347047,28.6536738],[77.2346967,28.6531958],[77.2345755,28.6531961],[77.2339238,28.6530432],[77.2333746,28.6527332],[77.2333062,28.6526188],[77.2333546,28.6516423],[77.2332759,28.6515583],[77.2328959,28.6515528],[77.2324749,28.6515103],[77.2323176,28.6513549],[77.2323152,28.651174],[77.2324199,28.6507062],[77.2323854,28.6506122],[77.2324468,28.6498843],[77.2325076,28.649794],[77.2327333,28.6497545],[77.2334814,28.6497651],[77.2336121,28.6486453],[77.2336473,28.6481932],[77.2335714,28.647654],[77.2336042,28.6474371],[77.2339035,28.647078],[77.2340824,28.646777],[77.2342763,28.6465719],[77.2347887,28.6461588],[77.2354687,28.6455828],[77.2358779,28.6452497],[77.2372414,28.6440764],[77.237897,28.6435538],[77.2379987,28.643384],[77.2381289,28.6434164],[77.2384066,28.643307],[77.2388455,28.6431645],[77.2388458,28.6429604],[77.2393685,28.6429261],[77.2393722,28.6428477],[77.2398107,28.6428738],[77.2398496,28.64265],[77.2401112,28.6426663],[77.2402679,28.6425907],[77.2404972,28.6425947],[77.24023,28.64698],[77.24016,28.64833],[77.23963,28.64907],[77.2390479,28.6498332]]]},"properties":{"fill-opacity":0,"stroke-opacity":1,"stroke":"#ff0000","WNo_SEC":75,"AC_No":20,"AC_No_1":20,"AC_Name":"CHANDNI CHOWK","Ward_No":75,"WardName":"JAMA MASJID","TotalPop":46051,"SC_Pop":2258,"NW2022":"75, JAMA MASJID"},"id":246},
{"type":"Feature","geometry":{"type":"Polygon","coordinates":[[[77.2404972,28.6425947],[77.2402679,28.6425907],[77.2401112,28.6426663],[77.2398496,28.64265],[77.2398107,28.6428738],[77.2393722,28.6428477],[77.2393685,28.6429261],[77.2388458,28.6429604],[77.2388455,28.6431645],[77.2384066,28.643307],[77.2381289,28.6434164],[77.2379987,28.643384],[77.237897,28.6435538],[77.2372414,28.6440764],[77.2358779,28.6452497],[77.2354687,28.6455828],[77.2347887,28.6461588],[77.2342763,28.6465719],[77.2340824,28.646777],[77.23403,28.646643],[77.2340286,28.6462211],[77.2339976,28.6461035],[77.2338021,28.6457001],[77.233539,28.64504],[77.233509,28.64484],[77.2334069,28.6446325],[77.233236,28.6445126],[77.2330322,28.6444183],[77.2329251,28.6443216],[77.2328823,28.6440484],[77.2325694,28.6440588],[77.2325851,28.6441689],[77.2324578,28.6441804],[77.2321139,28.6441086],[77.2321187,28.6439991],[77.2318491,28.6439374],[77.2314895,28.6448207],[77.2312891,28.6454065],[77.2311482,28.6454341],[77.2309068,28.6455597],[77.2308249,28.6455648],[77.2303691,28.6454404],[77.2302761,28.6452851],[77.2301813,28.6449654],[77.2301433,28.6445812],[77.2301601,28.6442969],[77.2302421,28.64381],[77.2302689,28.6432424],[77.230139,28.6429],[77.231219,28.6425],[77.2315231,28.6424],[77.232279,28.6421811],[77.2323917,28.6421768],[77.2325478,28.6420368],[77.2324323,28.6418524],[77.2324078,28.6417099],[77.2318129,28.6409029],[77.231495,28.6404304],[77.2308972,28.640679],[77.2294569,28.6413733],[77.2274616,28.6424176],[77.2272532,28.6426035],[77.2271786,28.6425097],[77.2269827,28.6424668],[77.2268438,28.6425403],[77.2267525,28.6423731],[77.2263312,28.6417989],[77.2260497,28.6413753],[77.2257613,28.6409734],[77.2258219,28.6409047],[77.2266229,28.6404351],[77.2268648,28.6402755],[77.2272328,28.6400724],[77.2279998,28.6396249],[77.2287614,28.6391992],[77.2298254,28.6385907],[77.2298585,28.638511],[77.2290361,28.6374077],[77.2286331,28.6368941],[77.2284944,28.6369161],[77.2283475,28.6368339],[77.2287426,28.6366807],[77.2293932,28.6366652],[77.2300837,28.6366187],[77.2309936,28.6365728],[77.2310635,28.6366562],[77.2311875,28.6375618],[77.231256,28.6381545],[77.2313966,28.6398004],[77.2314783,28.6402888],[77.2315178,28.6404226],[77.2316263,28.6403627],[77.2322162,28.6403642],[77.2331688,28.640316],[77.2339602,28.6402455],[77.234695,28.6402027],[77.2360928,28.6401346],[77.2382702,28.6400083],[77.2388699,28.6399875],[77.2395662,28.6399352],[77.2400131,28.6399513],[77.2408635,28.6400565],[77.240612,28.6413272],[77.2405383,28.6419364],[77.2404972,28.6425947]]]},"properties":{"fill-opacity":0,"stroke-opacity":1,"stroke":"#ff0000","WNo_SEC":76,"AC_No":21,"AC_No_1":21,"AC_Name":"MATIA MAHAL","Ward_No":76,"WardName":"CHANDANI MAHAL","TotalPop":58169,"SC_Pop":1784,"NW2022":"76, CHANDANI MAHAL"},"id":247},
{"type":"Feature","geometry":{"type":"Polygon","coordinates":[[[77.2408635,28.6400565],[77.2400131,28.6399513],[77.2395662,28.6399352],[77.2388699,28.6399875],[77.2382702,28.6400083],[77.2360928,28.6401346],[77.234695,28.6402027],[77.2339602,28.6402455],[77.2331688,28.640316],[77.2322162,28.6403642],[77.2316263,28.6403627],[77.2315178,28.6404226],[77.2314783,28.6402888],[77.2313966,28.6398004],[77.231256,28.6381545],[77.2311875,28.6375618],[77.2310635,28.6366562],[77.2309936,28.6365728],[77.2300837,28.6366187],[77.2293932,28.6366652],[77.2287426,28.6366807],[77.2283475,28.6368339],[77.2284944,28.6369161],[77.2286331,28.6368941],[77.2290361,28.6374077],[77.2298585,28.638511],[77.2298254,28.6385907],[77.2287614,28.6391992],[77.2279998,28.6396249],[77.2272328,28.6400724],[77.2268648,28.6402755],[77.2266229,28.6404351],[77.2258219,28.6409047],[77.2257613,28.6409734],[77.2260497,28.6413753],[77.2263312,28.6417989],[77.2267525,28.6423731],[77.2268438,28.6425403],[77.2269827,28.6424668],[77.2271786,28.6425097],[77.2272532,28.6426035],[77.2274616,28.6424176],[77.2294569,28.6413733],[77.2308972,28.640679],[77.231495,28.6404304],[77.2318129,28.6409029],[77.2324078,28.6417099],[77.2324323,28.6418524],[77.2325478,28.6420368],[77.2323917,28.6421768],[77.232279,28.6421811],[77.2315231,28.6424],[77.231219,28.6425],[77.230139,28.6429],[77.2302689,28.6432424],[77.2302421,28.64381],[77.2301601,28.6442969],[77.2301433,28.6445812],[77.2301813,28.6449654],[77.2302761,28.6452851],[77.2303691,28.6454404],[77.2308249,28.6455648],[77.2309068,28.6455597],[77.2311482,28.6454341],[77.2312891,28.6454065],[77.2312833,28.6456178],[77.2308393,28.6459169],[77.2302233,28.6464035],[77.229984,28.6466168],[77.2293177,28.6470788],[77.2289911,28.6473473],[77.2286653,28.6476583],[77.2281406,28.6481005],[77.227759,28.6484576],[77.2269147,28.649045],[77.2262156,28.6490397],[77.2259032,28.6485411],[77.2253078,28.6474811],[77.2251363,28.6472932],[77.2245207,28.6467437],[77.2241043,28.6463876],[77.2239312,28.6464349],[77.2238092,28.6464006],[77.2236727,28.646224],[77.2235857,28.6463503],[77.2235905,28.6451513],[77.2227054,28.6450447],[77.2207261,28.6447246],[77.2208372,28.644138],[77.2209597,28.6437011],[77.221316,28.6426232],[77.2213925,28.6420788],[77.2216508,28.6405318],[77.2217009,28.6398596],[77.221686,28.6388333],[77.2217437,28.6380386],[77.2218155,28.6376498],[77.2218807,28.6374814],[77.2224577,28.636464],[77.2230237,28.6357019],[77.2235036,28.6352017],[77.2241464,28.6347256],[77.2252174,28.6341888],[77.2273777,28.6331804],[77.2308296,28.6315122],[77.2328318,28.6305512],[77.2349547,28.6295374],[77.2359283,28.6290349],[77.2373153,28.6282571],[77.2383313,28.6276793],[77.2392788,28.6270668],[77.2409607,28.6260897],[77.2412001,28.626451],[77.24129,28.6266566],[77.2413717,28.626985],[77.24139,28.62767],[77.2413253,28.6286474],[77.2411705,28.6302483],[77.2410627,28.6310927],[77.24095,28.6324],[77.2409043,28.6332437],[77.240919,28.6351383],[77.2408942,28.635878],[77.2410192,28.6373091],[77.2410818,28.6382384],[77.2410732,28.6389762],[77.2408635,28.6400565]]]},"properties":{"fill-opacity":0,"stroke-opacity":1,"stroke":"#ff0000","WNo_SEC":77,"AC_No":21,"AC_No_1":21,"AC_Name":"MATIA MAHAL","Ward_No":77,"WardName":"DELHI GATE","TotalPop":55397,"SC_Pop":16210,"NW2022":"77, DELHI GATE"},"id":248},
{"type":"Feature","geometry":{"type":"Polygon","coordinates":[[[77.2633463,28.6514798],[77.2629237,28.6524952],[77.2625595,28.6531593],[77.2621011,28.653906],[77.2611388,28.6552662],[77.2576346,28.6584101],[77.2552246,28.6600601],[77.2530546,28.6607801],[77.2523643,28.6610314],[77.2466884,28.6627765],[77.2465459,28.662789],[77.245952,28.6628408],[77.24516,28.66277],[77.24295,28.66321],[77.24142,28.66348],[77.241122,28.663629],[77.2406288,28.6628134],[77.2405096,28.6627285],[77.2392566,28.6622912],[77.2388852,28.6619435],[77.2383419,28.662176],[77.2373866,28.6627029],[77.2369847,28.6628799],[77.2361244,28.6633645],[77.2356896,28.6637058],[77.2352901,28.6640641],[77.234829,28.6645078],[77.2345888,28.6647671],[77.2341945,28.6652399],[77.234075,28.6654391],[77.234054,28.6655603],[77.2338033,28.6659207],[77.2336999,28.6661808],[77.233374,28.6666089],[77.233223,28.6665438],[77.2328708,28.6670206],[77.2326877,28.6672989],[77.232514,28.6676107],[77.2322656,28.6681953],[77.2321807,28.6685589],[77.2321973,28.6686912],[77.2316058,28.6701118],[77.2281135,28.6691485],[77.22707,28.66877],[77.2239576,28.6679603],[77.2215716,28.6673244],[77.21975,28.66689],[77.2194745,28.6668467],[77.2196865,28.6656986],[77.2193898,28.6655928],[77.2189756,28.6653507],[77.2187704,28.6651965],[77.2184472,28.6648479],[77.218301,28.6645949],[77.2182109,28.664131],[77.2180641,28.6636457],[77.2172505,28.6639208],[77.2170073,28.6640159],[77.216385,28.6641854],[77.2158832,28.6643042],[77.2157687,28.6641323],[77.2156762,28.6639029],[77.2155514,28.6634908],[77.2155806,28.6632838],[77.2157818,28.6630839],[77.2162086,28.6624667],[77.2164301,28.6620597],[77.216567,28.6617495],[77.2167076,28.6612267],[77.2167281,28.6599017],[77.2168547,28.6588676],[77.2171795,28.6576766],[77.2176894,28.6577741],[77.2178259,28.6577513],[77.2180059,28.6575909],[77.21827,28.6571776],[77.21848,28.6570525],[77.218788,28.6570019],[77.2189503,28.657012],[77.2200253,28.6570785],[77.2216877,28.657184],[77.22321,28.65727],[77.2232624,28.6566371],[77.2242547,28.6566089],[77.2255329,28.6565402],[77.22745,28.65646],[77.2273977,28.6552855],[77.2274244,28.6551529],[77.2275587,28.6548863],[77.2279031,28.6543304],[77.2283836,28.6535901],[77.2288978,28.6528147],[77.2295259,28.6518129],[77.2295509,28.6519566],[77.2294622,28.6522108],[77.229686,28.6522687],[77.2298098,28.6523996],[77.2300022,28.6524371],[77.2300421,28.6523323],[77.2302535,28.6523599],[77.2304661,28.6524421],[77.2305332,28.6524041],[77.230639,28.6525233],[77.2304071,28.6527109],[77.2305501,28.6529152],[77.2310038,28.6526847],[77.2309461,28.6525463],[77.2312032,28.6525142],[77.2311901,28.6519527],[77.2311329,28.6515235],[77.231029,28.6511406],[77.2309906,28.6508751],[77.2308249,28.6508653],[77.2306036,28.6507236],[77.2303296,28.650486],[77.2306447,28.6505123],[77.2323854,28.6506122],[77.2324199,28.6507062],[77.2323152,28.651174],[77.2323176,28.6513549],[77.2324749,28.6515103],[77.2328959,28.6515528],[77.2332759,28.6515583],[77.2333546,28.6516423],[77.2333062,28.6526188],[77.2333746,28.6527332],[77.2339238,28.6530432],[77.2345755,28.6531961],[77.2346967,28.6531958],[77.2347047,28.6536738],[77.2346939,28.6541996],[77.2347205,28.6554321],[77.2347203,28.6560547],[77.2358668,28.656012],[77.2366068,28.6559573],[77.2365283,28.6551545],[77.2364443,28.6545892],[77.236375,28.6537582],[77.2364094,28.6534099],[77.2364586,28.6532586],[77.2365649,28.6532844],[77.23683,28.65283],[77.23742,28.65203],[77.2381,28.65109],[77.2390479,28.6498332],[77.2394083,28.6500023],[77.2397816,28.6501508],[77.240057,28.650232],[77.240622,28.6503058],[77.2408497,28.6503168],[77.2413958,28.6503059],[77.2421611,28.6502585],[77.2426894,28.6502396],[77.2434164,28.6502383],[77.2439639,28.6503107],[77.244208,28.6503627],[77.245101,28.6506293],[77.2448971,28.6511074],[77.2453579,28.6511404],[77.2477619,28.6511793],[77.2506537,28.6512458],[77.2533163,28.6512667],[77.2569645,28.6513592],[77.2586773,28.6513718],[77.260234,28.6513945],[77.2629235,28.6514773],[77.2633463,28.6514798]]]},"properties":{"fill-opacity":0,"stroke-opacity":1,"stroke":"#ff0000","WNo_SEC":74,"AC_No":20,"AC_No_1":20,"AC_Name":"CHANDNI CHOWK","Ward_No":74,"WardName":"CHANDNI CHOWK","TotalPop":51672,"SC_Pop":10139,"NW2022":"74, CHANDNI CHOWK"},"id":249},
{"type":"Feature","geometry":{"type":"MultiPolygon","coordinates":[[[[77.109888,28.7068226],[77.1109798,28.7080475],[77.1124181,28.709642],[77.1141559,28.7116475],[77.1164236,28.714188],[77.1162287,28.7143193],[77.1161504,28.7142163],[77.1157887,28.7144473],[77.1144755,28.7153524],[77.114588,28.7154675],[77.1110497,28.7179032],[77.1101355,28.7185412],[77.1088064,28.7194778],[77.1079308,28.7201158],[77.1077589,28.7201278],[77.1071422,28.7194513],[77.1061434,28.718312],[77.1061611,28.7182141],[77.1062995,28.7181239],[77.1047034,28.7163115],[77.104253,28.7157948],[77.1037418,28.7152293],[77.1038252,28.7151349],[77.1045369,28.7141875],[77.1047937,28.7144442],[77.1053281,28.7140648],[77.1047436,28.7133751],[77.1031521,28.7116089],[77.1030912,28.7115193],[77.1041072,28.7107988],[77.1063481,28.7092565],[77.1080573,28.7080903],[77.109888,28.7068226]]],[[[77.1015718,28.736666],[77.1010602,28.736145],[77.1008774,28.7359425],[77.1003002,28.7349822],[77.1002149,28.7347782],[77.1001386,28.7344834],[77.0999573,28.7340851],[77.099738,28.7336827],[77.0995114,28.7331896],[77.0992742,28.7318946],[77.0992773,28.7317752],[77.0994976,28.7306688],[77.0995645,28.7302081],[77.0995418,28.7295756],[77.099498,28.7291904],[77.0994493,28.7289661],[77.0992405,28.727765],[77.0991338,28.7275088],[77.0990041,28.7273246],[77.09886081984207,28.72685342866949],[77.0988554,28.7268331],[77.0991863,28.7266067],[77.0992456,28.7267142],[77.10244,28.7244863],[77.1055419,28.7223172],[77.1056832,28.7222568],[77.1064672,28.7217166],[77.1069001,28.7214744],[77.1076758,28.7209482],[77.1082261,28.7206007],[77.1083174,28.7205876],[77.1101259,28.7226007],[77.1184973,28.732007],[77.1174332,28.7327758],[77.1174406,28.7327846],[77.115351,28.7342385],[77.1140626,28.7351626],[77.1149743,28.7362346],[77.1119927,28.7382795],[77.1114881,28.7382444],[77.11123,28.7379333],[77.1108848,28.7381464],[77.1104785,28.7381456],[77.1101084,28.7379271],[77.1096392,28.7382465],[77.1092708,28.7388151],[77.1088609,28.73934],[77.1081355,28.7392203],[77.1066525,28.7390498],[77.1056679,28.7388973],[77.1050571,28.7387583],[77.1048284,28.7386842],[77.1042024,28.738445],[77.1035818,28.738108],[77.1019614,28.7370634],[77.1015718,28.736666]]]]},"properties":{"fill-opacity":0,"stroke-opacity":1,"stroke":"#ff0000","WNo_SEC":22,"AC_No":6,"AC_No_1":6,"AC_Name":"RITHALA","Ward_No":22,"WardName":"ROHINI-B","TotalPop":60621,"SC_Pop":2939,"NW2022":"22, ROHINI-B"},"id":250}
]}