timestamp,ward_id,pm2_5,pm10,co_level,no2_level,wind_speed
2026-02-17 18:00:00,Noida_Sector_62,99.78,181.01,1.94,25.3,8.41
2026-02-17 19:00:00,Noida_Sector_62,90.05,172.39,1.46,38.19,14.07
2026-02-17 20:00:00,Noida_Sector_62,97.36,192.32,1.68,37.92,9.82
2026-02-17 21:00:00,Noida_Sector_62,95.74,187.93,0.63,41.5,10.95
2026-02-17 22:00:00,Noida_Sector_62,71.96,139.39,1.71,40.96,4.86
2026-02-17 23:00:00,Noida_Sector_62,96.76,186.69,2.1,36.31,6.5
2026-02-18 00:00:00,Noida_Sector_62,99.29,186.44,0.72,49.73,7.11
2026-02-18 01:00:00,Noida_Sector_62,94.37,185.44,1.36,23.71,8.04
2026-02-18 02:00:00,Noida_Sector_62,81.18,155.74,1.02,48.29,14.32
2026-02-18 03:00:00,Noida_Sector_62,86.76,154.69,1.9,44.24,9.77
2026-02-18 04:00:00,Noida_Sector_62,73.16,138.97,1.25,54.27,7.99
2026-02-18 05:00:00,Noida_Sector_62,72.06,139.1,1.34,25.82,11.75
2026-02-18 06:00:00,Noida_Sector_62,100.24,188.03,1.44,41.5,12.23
2026-02-18 07:00:00,Noida_Sector_62,87.3,161.02,0.98,29.1,5.2
2026-02-18 08:00:00,Noida_Sector_62,84.66,159.75,1.59,59.09,9.68
2026-02-18 09:00:00,Noida_Sector_62,74.79,142.88,0.94,38.47,5.31
2026-02-18 10:00:00,Noida_Sector_62,69.84,144.49,1.26,41.04,6.75
2026-02-18 11:00:00,Noida_Sector_62,77.07,154.42,1.59,39.46,14.64
2026-02-18 12:00:00,Noida_Sector_62,103.23,207.0,1.37,42.12,12.65
2026-02-18 13:00:00,Noida_Sector_62,96.13,180.8,1.64,49.06,10.19
2026-02-18 14:00:00,Noida_Sector_62,97.14,176.44,1.17,25.62,12.04
2026-02-18 15:00:00,Noida_Sector_62,91.14,175.8,1.54,50.15,10.88
2026-02-18 16:00:00,Noida_Sector_62,77.24,144.69,2.17,46.6,10.54
2026-02-18 17:00:00,Noida_Sector_62,112.69,219.42,1.17,54.56,5.35
2026-02-18 18:00:00,Noida_Sector_62,106.97,206.87,1.14,41.53,5.16
2026-02-18 19:00:00,Noida_Sector_62,70.89,145.85,2.16,28.4,6.15
2026-02-18 20:00:00,Noida_Sector_62,93.57,203.55,1.22,58.56,7.96
2026-02-18 21:00:00,Noida_Sector_62,71.98,141.24,1.48,45.89,15.75
2026-02-18 22:00:00,Noida_Sector_62,75.55,142.99,1.15,42.97,7.87
2026-02-18 23:00:00,Noida_Sector_62,89.29,187.71,1.46,32.24,7.59
2026-02-19 00:00:00,Noida_Sector_62,78.5,159.62,1.52,42.23,11.29
2026-02-19 01:00:00,Noida_Sector_62,95.34,180.01,1.61,14.1,11.83
2026-02-19 02:00:00,Noida_Sector_62,96.03,169.86,1.57,39.88,9.99
2026-02-19 03:00:00,Noida_Sector_62,75.24,146.07,1.98,29.1,9.08
2026-02-19 04:00:00,Noida_Sector_62,69.76,154.47,1.93,34.83,11.16
2026-02-19 05:00:00,Noida_Sector_62,101.62,189.37,1.4,52.12,6.32
2026-02-19 06:00:00,Noida_Sector_62,100.23,185.26,1.54,40.25,8.45
2026-02-19 07:00:00,Noida_Sector_62,87.62,173.88,2.05,32.01,8.19
2026-02-19 08:00:00,Noida_Sector_62,96.41,176.16,1.37,36.71,8.69
2026-02-19 09:00:00,Noida_Sector_62,110.36,216.63,1.82,51.97,7.28
2026-02-19 10:00:00,Noida_Sector_62,95.07,173.38,1.14,37.68,13.1
2026-02-19 11:00:00,Noida_Sector_62,99.27,189.72,1.67,31.24,11.84
2026-02-19 12:00:00,Noida_Sector_62,108.52,203.13,1.84,48.46,14.64
2026-02-19 13:00:00,Noida_Sector_62,111.59,208.79,1.85,32.96,9.27
2026-02-19 14:00:00,Noida_Sector_62,90.51,168.24,1.47,41.41,4.04
2026-02-19 15:00:00,Noida_Sector_62,78.02,156.23,0.83,35.66,3.27
2026-02-19 16:00:00,Noida_Sector_62,93.92,179.2,1.79,43.91,13.68
2026-02-19 17:00:00,Noida_Sector_62,84.72,157.67,1.07,39.53,14.46
2026-02-19 18:00:00,Noida_Sector_62,96.36,172.55,1.3,47.17,11.67
2026-02-19 19:00:00,Noida_Sector_62,87.81,163.74,1.58,46.97,8.43
2026-02-19 20:00:00,Noida_Sector_62,88.2,178.69,1.55,56.3,11.19
2026-02-19 21:00:00,Noida_Sector_62,82.29,170.8,1.72,35.51,10.88
2026-02-19 22:00:00,Noida_Sector_62,79.14,141.53,1.93,39.93,7.74
2026-02-19 23:00:00,Noida_Sector_62,113.35,205.25,1.39,53.72,7.73
2026-02-20 00:00:00,Noida_Sector_62,108.91,190.92,1.23,38.22,8.72
2026-02-20 01:00:00,Noida_Sector_62,96.94,175.02,1.33,53.0,10.16
2026-02-20 02:00:00,Noida_Sector_62,88.89,163.54,1.77,30.5,7.95
2026-02-20 03:00:00,Noida_Sector_62,79.77,162.71,1.37,34.56,4.56
2026-02-20 04:00:00,Noida_Sector_62,88.72,168.56,2.02,57.59,7.23
2026-02-20 05:00:00,Noida_Sector_62,61.84,122.97,1.25,34.21,2.7
2026-02-20 06:00:00,Noida_Sector_62,75.49,144.6,0.76,31.51,10.82
2026-02-20 07:00:00,Noida_Sector_62,121.78,222.14,2.15,44.73,7.21
2026-02-20 08:00:00,Noida_Sector_62,100.1,181.35,1.45,26.67,8.68
2026-02-20 09:00:00,Noida_Sector_62,105.64,203.38,0.88,37.53,13.11
2026-02-20 10:00:00,Noida_Sector_62,86.76,175.86,1.6,19.93,9.79
2026-02-20 11:00:00,Noida_Sector_62,77.7,153.42,1.61,31.09,8.84
2026-02-20 12:00:00,Noida_Sector_62,75.03,139.55,1.47,36.46,9.4
2026-02-20 13:00:00,Noida_Sector_62,78.72,164.9,1.11,24.53,13.41
2026-02-20 14:00:00,Noida_Sector_62,90.14,159.93,1.35,37.94,13.5
2026-02-20 15:00:00,Noida_Sector_62,89.6,174.51,1.29,28.68,11.3
2026-02-20 16:00:00,Noida_Sector_62,80.92,158.87,2.06,42.68,8.2
2026-02-20 17:00:00,Noida_Sector_62,76.37,151.74,1.25,31.58,5.56
2026-02-20 18:00:00,Noida_Sector_62,62.55,136.93,1.68,42.18,9.08
2026-02-20 19:00:00,Noida_Sector_62,74.86,139.88,1.09,30.97,6.62
2026-02-20 20:00:00,Noida_Sector_62,98.65,194.95,1.52,46.55,4.96
2026-02-20 21:00:00,Noida_Sector_62,69.75,142.53,1.34,44.79,5.01
2026-02-20 22:00:00,Noida_Sector_62,89.85,166.11,1.92,54.29,5.26
2026-02-20 23:00:00,Noida_Sector_62,91.87,178.34,1.22,38.99,6.2
2026-02-21 00:00:00,Noida_Sector_62,78.17,148.55,1.53,32.89,11.03
2026-02-21 01:00:00,Noida_Sector_62,98.8,192.34,1.79,19.84,5.96
2026-02-21 02:00:00,Noida_Sector_62,81.26,157.15,1.37,45.28,6.12
2026-02-21 03:00:00,Noida_Sector_62,70.8,138.95,1.65,53.64,8.78
2026-02-21 04:00:00,Noida_Sector_62,84.83,171.99,0.95,32.51,15.23
2026-02-21 05:00:00,Noida_Sector_62,109.84,209.88,1.89,46.28,8.25
2026-02-21 06:00:00,Noida_Sector_62,55.36,120.86,1.19,29.52,6.89
2026-02-21 07:00:00,Noida_Sector_62,57.53,124.09,1.56,34.63,15.75
2026-02-21 08:00:00,Noida_Sector_62,102.23,185.27,1.57,30.66,17.34
2026-02-21 09:00:00,Noida_Sector_62,104.16,198.9,1.43,39.53,4.7
2026-02-21 10:00:00,Noida_Sector_62,97.19,184.44,2.06,52.39,10.14
2026-02-21 11:00:00,Noida_Sector_62,87.2,161.23,1.55,33.0,5.23
2026-02-21 12:00:00,Noida_Sector_62,90.08,180.97,1.39,42.65,6.37
2026-02-21 13:00:00,Noida_Sector_62,105.65,203.48,1.37,27.79,13.38
2026-02-21 14:00:00,Noida_Sector_62,110.07,204.34,1.56,35.22,10.62
2026-02-21 15:00:00,Noida_Sector_62,82.74,157.78,1.55,30.42,11.66
2026-02-21 16:00:00,Noida_Sector_62,85.48,157.05,1.83,43.73,13.58
2026-02-21 17:00:00,Noida_Sector_62,90.93,185.75,2.13,42.12,11.03
2026-02-21 18:00:00,Noida_Sector_62,57.84,113.98,1.79,49.22,5.58
2026-02-21 19:00:00,Noida_Sector_62,92.93,178.52,1.87,54.12,11.03
2026-02-21 20:00:00,Noida_Sector_62,115.64,215.52,1.13,28.22,8.08
2026-02-21 21:00:00,Noida_Sector_62,95.25,175.27,1.22,40.09,4.7
2026-02-21 22:00:00,Noida_Sector_62,96.62,180.57,1.44,31.57,4.6
2026-02-21 23:00:00,Noida_Sector_62,61.06,130.42,1.24,43.0,12.12
2026-02-22 00:00:00,Noida_Sector_62,85.14,168.05,1.71,26.89,12.61
2026-02-22 01:00:00,Noida_Sector_62,72.7,153.22,2.2,34.1,11.78
2026-02-22 02:00:00,Noida_Sector_62,91.2,160.8,1.15,34.07,14.81
2026-02-22 03:00:00,Noida_Sector_62,81.98,151.73,1.15,43.44,7.69
2026-02-22 04:00:00,Noida_Sector_62,91.87,180.12,2.06,39.12,9.27
2026-02-22 05:00:00,Noida_Sector_62,92.44,171.53,1.64,43.14,11.13
2026-02-22 06:00:00,Noida_Sector_62,90.57,174.32,1.61,31.14,7.56
2026-02-22 07:00:00,Noida_Sector_62,96.58,187.21,1.3,36.54,10.4
2026-02-22 08:00:00,Noida_Sector_62,57.93,124.73,0.86,41.36,10.48
2026-02-22 09:00:00,Noida_Sector_62,110.06,209.43,1.5,42.68,14.4
2026-02-22 10:00:00,Noida_Sector_62,101.57,202.82,1.84,30.95,9.67
2026-02-22 11:00:00,Noida_Sector_62,66.06,133.56,1.28,48.64,7.99
2026-02-22 12:00:00,Noida_Sector_62,102.59,201.21,1.88,46.82,5.54
2026-02-22 13:00:00,Noida_Sector_62,99.51,186.65,1.37,37.78,10.72
2026-02-22 14:00:00,Noida_Sector_62,87.11,171.09,1.73,20.29,9.94
2026-02-22 15:00:00,Noida_Sector_62,91.22,167.62,1.91,53.96,10.87
2026-02-22 16:00:00,Noida_Sector_62,77.47,171.89,1.74,34.76,6.8
2026-02-22 17:00:00,Noida_Sector_62,90.47,180.42,1.94,26.72,9.54
2026-02-22 18:00:00,Noida_Sector_62,117.79,219.12,1.4,42.72,10.84
2026-02-22 19:00:00,Noida_Sector_62,80.19,158.54,2.08,37.09,8.42
2026-02-22 20:00:00,Noida_Sector_62,76.0,131.96,1.43,34.42,11.76
2026-02-22 21:00:00,Noida_Sector_62,123.4,230.36,1.55,47.41,10.36
2026-02-22 22:00:00,Noida_Sector_62,98.71,183.34,2.3,20.82,11.19
2026-02-22 23:00:00,Noida_Sector_62,86.65,168.52,1.29,41.2,4.93
2026-02-23 00:00:00,Noida_Sector_62,90.96,179.03,1.6,40.59,7.91
2026-02-23 01:00:00,Noida_Sector_62,86.82,173.4,1.94,35.22,13.53
2026-02-23 02:00:00,Noida_Sector_62,86.77,167.82,1.43,41.13,13.26
2026-02-23 03:00:00,Noida_Sector_62,79.69,176.3,1.07,59.07,5.13
2026-02-23 04:00:00,Noida_Sector_62,69.22,137.36,1.33,64.98,6.53
2026-02-23 05:00:00,Noida_Sector_62,50.33,114.36,1.54,26.42,10.96
2026-02-23 06:00:00,Noida_Sector_62,87.66,169.29,1.56,27.27,9.03
2026-02-23 07:00:00,Noida_Sector_62,76.9,154.25,0.94,27.54,5.05
2026-02-23 08:00:00,Noida_Sector_62,60.76,129.03,1.03,51.47,11.41
2026-02-23 09:00:00,Noida_Sector_62,70.07,139.07,1.61,51.55,11.35
2026-02-23 10:00:00,Noida_Sector_62,85.89,163.31,1.28,36.19,4.12
2026-02-23 11:00:00,Noida_Sector_62,71.85,155.05,1.42,33.19,11.78
2026-02-23 12:00:00,Noida_Sector_62,73.42,152.36,1.76,55.68,10.64
2026-02-23 13:00:00,Noida_Sector_62,87.7,163.44,1.08,37.89,12.03
2026-02-23 14:00:00,Noida_Sector_62,96.25,208.09,1.72,35.23,9.86
2026-02-23 15:00:00,Noida_Sector_62,62.78,145.19,2.27,37.83,6.53
2026-02-23 16:00:00,Noida_Sector_62,75.39,154.14,1.61,28.14,7.17
2026-02-23 17:00:00,Noida_Sector_62,83.28,155.56,1.76,41.38,1.64
2026-02-23 18:00:00,Noida_Sector_62,103.53,193.69,1.78,32.56,13.63
2026-02-23 19:00:00,Noida_Sector_62,97.85,178.87,0.92,22.12,10.25
2026-02-23 20:00:00,Noida_Sector_62,75.1,151.32,1.1,38.12,14.55
2026-02-23 21:00:00,Noida_Sector_62,63.38,141.32,1.66,46.94,9.7
2026-02-23 22:00:00,Noida_Sector_62,94.39,178.34,1.42,45.64,9.76
2026-02-23 23:00:00,Noida_Sector_62,77.69,146.39,2.11,41.74,6.91
2026-02-24 00:00:00,Noida_Sector_62,98.17,194.85,1.74,32.84,10.85
2026-02-24 01:00:00,Noida_Sector_62,85.04,175.6,1.01,39.04,12.3
2026-02-24 02:00:00,Noida_Sector_62,78.02,148.73,2.09,46.94,5.17
2026-02-24 03:00:00,Noida_Sector_62,96.94,175.48,2.26,42.89,7.55
2026-02-24 04:00:00,Noida_Sector_62,47.89,107.3,1.99,35.49,11.38
2026-02-24 05:00:00,Noida_Sector_62,112.14,214.49,0.63,61.74,10.45
2026-02-24 06:00:00,Noida_Sector_62,72.94,140.55,1.71,25.93,15.7
2026-02-24 07:00:00,Noida_Sector_62,85.94,168.16,1.1,54.37,9.48
2026-02-24 08:00:00,Noida_Sector_62,102.87,190.22,1.15,40.72,9.48
2026-02-24 09:00:00,Noida_Sector_62,92.69,178.55,1.78,46.66,8.98
2026-02-24 10:00:00,Noida_Sector_62,86.09,192.04,1.13,55.86,10.24
2026-02-24 11:00:00,Noida_Sector_62,71.52,131.79,0.65,48.22,7.8
2026-02-24 12:00:00,Noida_Sector_62,98.32,201.47,1.55,43.68,12.51
2026-02-24 13:00:00,Noida_Sector_62,115.86,226.45,2.16,24.74,7.58
2026-02-24 14:00:00,Noida_Sector_62,75.81,148.66,1.77,37.95,13.71
2026-02-24 15:00:00,Noida_Sector_62,72.9,157.05,1.14,47.79,13.5
2026-02-24 16:00:00,Noida_Sector_62,67.52,136.77,1.05,30.1,8.54
2026-02-24 17:00:00,Noida_Sector_62,117.67,213.05,0.99,57.22,11.95
2026-02-24 18:00:00,Noida_Sector_62,63.63,142.22,1.46,50.54,9.39
2026-02-24 19:00:00,Noida_Sector_62,100.64,196.35,1.61,37.58,8.89
2026-02-24 20:00:00,Noida_Sector_62,86.8,164.93,1.41,33.35,7.19
2026-02-24 21:00:00,Noida_Sector_62,63.53,120.15,1.03,32.21,13.77
2026-02-24 22:00:00,Noida_Sector_62,72.81,152.28,1.94,29.16,12.07
2026-02-24 23:00:00,Noida_Sector_62,92.48,171.16,1.85,46.88,3.11
2026-02-25 00:00:00,Noida_Sector_62,107.81,203.87,2.02,50.31,13.03
2026-02-25 01:00:00,Noida_Sector_62,96.54,195.13,1.49,49.07,17.2
2026-02-25 02:00:00,Noida_Sector_62,95.82,198.01,1.06,47.61,6.94
2026-02-25 03:00:00,Noida_Sector_62,98.8,186.68,1.53,34.88,12.14
2026-02-25 04:00:00,Noida_Sector_62,64.0,131.13,1.25,28.58,5.56
2026-02-25 05:00:00,Noida_Sector_62,73.56,155.67,1.49,53.82,5.37
2026-02-25 06:00:00,Noida_Sector_62,81.43,152.67,1.13,57.35,9.17
2026-02-25 07:00:00,Noida_Sector_62,68.74,140.12,1.62,31.4,10.75
2026-02-25 08:00:00,Noida_Sector_62,98.71,186.87,1.52,53.69,11.2
2026-02-25 09:00:00,Noida_Sector_62,93.7,172.54,1.52,29.82,11.63
2026-02-25 10:00:00,Noida_Sector_62,90.73,176.36,1.66,53.1,15.34
2026-02-25 11:00:00,Noida_Sector_62,70.5,142.75,0.91,52.8,9.2
2026-02-25 12:00:00,Noida_Sector_62,66.75,126.9,0.72,50.69,11.44
2026-02-25 13:00:00,Noida_Sector_62,102.02,184.21,0.65,45.92,6.25
2026-02-25 14:00:00,Noida_Sector_62,82.45,155.34,1.65,33.94,11.8
2026-02-25 15:00:00,Noida_Sector_62,101.86,181.22,1.16,48.68,10.08
2026-02-25 16:00:00,Noida_Sector_62,97.23,191.02,1.17,35.22,14.01
2026-02-25 17:00:00,Noida_Sector_62,60.78,131.33,1.48,35.43,14.63
2026-02-25 18:00:00,Noida_Sector_62,88.58,177.13,0.89,46.79,13.78
2026-02-25 19:00:00,Noida_Sector_62,94.28,171.95,1.29,48.39,3.67
2026-02-25 20:00:00,Noida_Sector_62,85.52,168.01,1.21,45.13,7.21
2026-02-25 21:00:00,Noida_Sector_62,86.82,166.27,1.55,33.74,7.99
2026-02-25 22:00:00,Noida_Sector_62,89.57,173.29,1.11,37.38,11.83
2026-02-25 23:00:00,Noida_Sector_62,78.33,157.34,1.68,51.51,11.75
2026-02-26 00:00:00,Noida_Sector_62,101.38,199.88,1.34,42.84,8.32
2026-02-26 01:00:00,Noida_Sector_62,80.88,151.07,1.57,48.45,10.36
2026-02-26 02:00:00,Noida_Sector_62,78.48,154.15,1.46,51.84,6.36
2026-02-26 03:00:00,Noida_Sector_62,90.61,157.71,1.59,44.44,3.56
2026-02-26 04:00:00,Noida_Sector_62,85.63,159.02,0.82,40.47,9.36
2026-02-26 05:00:00,Noida_Sector_62,81.62,156.78,1.59,40.62,8.66
2026-02-26 06:00:00,Noida_Sector_62,92.12,170.83,1.11,42.01,13.81
2026-02-26 07:00:00,Noida_Sector_62,65.64,133.73,1.34,39.4,14.99
2026-02-26 08:00:00,Noida_Sector_62,65.87,130.27,1.72,54.94,6.53
2026-02-26 09:00:00,Noida_Sector_62,71.74,144.46,0.97,43.0,11.93
2026-02-26 10:00:00,Noida_Sector_62,86.38,172.66,1.75,44.23,2.21
2026-02-26 11:00:00,Noida_Sector_62,70.41,136.34,0.8,50.43,10.38
2026-02-26 12:00:00,Noida_Sector_62,96.95,190.71,1.54,50.26,13.99
2026-02-26 13:00:00,Noida_Sector_62,92.29,177.04,1.52,45.65,11.48
2026-02-26 14:00:00,Noida_Sector_62,64.14,133.05,0.64,52.24,5.33
2026-02-26 15:00:00,Noida_Sector_62,63.93,140.9,1.33,28.45,7.06
2026-02-26 16:00:00,Noida_Sector_62,92.96,163.97,1.84,34.34,9.19
2026-02-26 17:00:00,Noida_Sector_62,85.1,176.47,2.03,55.97,11.96
2026-02-26 18:00:00,Noida_Sector_62,91.54,180.62,2.21,44.77,10.92
2026-02-26 19:00:00,Noida_Sector_62,77.98,138.86,1.67,47.77,5.02
2026-02-26 20:00:00,Noida_Sector_62,94.1,193.78,1.84,34.51,8.68
2026-02-26 21:00:00,Noida_Sector_62,91.09,185.1,0.99,43.54,6.19
2026-02-26 22:00:00,Noida_Sector_62,75.08,145.12,1.14,45.89,9.95
2026-02-26 23:00:00,Noida_Sector_62,87.58,175.44,1.86,46.25,6.45
2026-02-27 00:00:00,Noida_Sector_62,87.1,166.95,0.72,23.06,8.73
2026-02-27 01:00:00,Noida_Sector_62,77.19,148.34,1.06,29.49,10.6
2026-02-27 02:00:00,Noida_Sector_62,86.52,175.88,2.26,35.67,15.63
2026-02-27 03:00:00,Noida_Sector_62,61.83,133.05,1.08,14.82,8.27
2026-02-27 04:00:00,Noida_Sector_62,89.16,170.86,1.74,33.62,12.88
2026-02-27 05:00:00,Noida_Sector_62,117.55,228.39,0.97,25.59,11.47
2026-02-27 06:00:00,Noida_Sector_62,70.07,131.43,1.48,33.94,12.58
2026-02-27 07:00:00,Noida_Sector_62,78.82,160.16,0.98,33.55,9.72
2026-02-27 08:00:00,Noida_Sector_62,105.09,194.05,1.47,33.56,12.32
2026-02-27 09:00:00,Noida_Sector_62,83.6,165.17,1.43,47.16,4.27
2026-02-27 10:00:00,Noida_Sector_62,119.06,205.76,2.27,35.29,10.47
2026-02-27 11:00:00,Noida_Sector_62,108.52,208.13,1.4,38.09,10.09
2026-02-27 12:00:00,Noida_Sector_62,85.54,165.48,1.05,44.71,6.72
2026-02-27 13:00:00,Noida_Sector_62,70.4,147.71,1.38,38.7,7.08
2026-02-27 14:00:00,Noida_Sector_62,79.9,149.22,1.91,45.88,10.56
2026-02-27 15:00:00,Noida_Sector_62,111.03,212.91,1.77,37.08,12.39
2026-02-27 16:00:00,Noida_Sector_62,84.43,169.16,1.9,58.66,9.97
2026-02-27 17:00:00,Noida_Sector_62,71.48,133.97,0.83,49.74,7.81
2026-02-27 18:00:00,Noida_Sector_62,70.61,134.53,1.15,43.1,10.93
2026-02-27 19:00:00,Noida_Sector_62,85.81,171.93,1.01,24.0,8.42
2026-02-27 20:00:00,Noida_Sector_62,75.82,140.72,0.6,46.72,7.3
2026-02-27 21:00:00,Noida_Sector_62,61.78,135.87,2.38,45.91,4.69
2026-02-27 22:00:00,Noida_Sector_62,98.09,192.57,0.77,46.06,12.92
2026-02-27 23:00:00,Noida_Sector_62,87.75,184.45,1.34,18.66,10.43
2026-02-28 00:00:00,Noida_Sector_62,95.56,197.16,1.63,40.31,7.86
2026-02-28 01:00:00,Noida_Sector_62,104.77,212.85,1.52,57.97,9.35
2026-02-28 02:00:00,Noida_Sector_62,89.33,169.31,1.56,26.42,9.15
2026-02-28 03:00:00,Noida_Sector_62,98.61,182.24,1.64,53.1,7.02
2026-02-28 04:00:00,Noida_Sector_62,89.81,177.56,1.54,37.14,10.78
2026-02-28 05:00:00,Noida_Sector_62,95.14,181.72,1.85,45.04,8.95
2026-02-28 06:00:00,Noida_Sector_62,85.4,147.58,1.97,21.98,12.25
2026-02-28 07:00:00,Noida_Sector_62,86.79,171.94,1.4,45.64,8.46
2026-02-28 08:00:00,Noida_Sector_62,69.03,133.01,1.26,20.85,5.52
2026-02-28 09:00:00,Noida_Sector_62,94.95,179.61,1.72,44.83,8.52
2026-02-28 10:00:00,Noida_Sector_62,96.93,174.85,1.28,50.48,9.55
2026-02-28 11:00:00,Noida_Sector_62,69.49,145.37,1.3,45.22,10.87
2026-02-28 12:00:00,Noida_Sector_62,76.34,150.66,1.36,26.42,9.1
2026-02-28 13:00:00,Noida_Sector_62,78.67,156.36,1.74,45.12,6.21
2026-02-28 14:00:00,Noida_Sector_62,86.59,180.47,1.06,46.08,11.17
2026-02-28 15:00:00,Noida_Sector_62,94.24,187.07,1.11,41.43,6.13
2026-02-28 16:00:00,Noida_Sector_62,74.3,145.62,1.71,37.56,6.27
2026-02-28 17:00:00,Noida_Sector_62,91.74,189.66,1.6,54.52,10.1
2026-02-28 18:00:00,Noida_Sector_62,91.23,177.5,1.31,45.44,9.57
2026-02-28 19:00:00,Noida_Sector_62,70.49,131.23,1.29,45.22,10.5
2026-02-28 20:00:00,Noida_Sector_62,82.95,176.06,1.64,32.3,12.19
2026-02-28 21:00:00,Noida_Sector_62,111.95,199.79,1.99,30.98,11.29
2026-02-28 22:00:00,Noida_Sector_62,83.3,159.47,2.24,40.01,8.47
2026-02-28 23:00:00,Noida_Sector_62,81.8,157.23,1.6,40.73,2.19
2026-03-01 00:00:00,Noida_Sector_62,75.07,140.54,1.36,40.79,13.66
2026-03-01 01:00:00,Noida_Sector_62,91.74,182.67,0.94,38.17,11.02
2026-03-01 02:00:00,Noida_Sector_62,89.35,167.34,2.22,48.89,7.2
2026-03-01 03:00:00,Noida_Sector_62,78.75,155.03,1.66,57.3,8.49
2026-03-01 04:00:00,Noida_Sector_62,70.53,150.76,1.03,22.51,15.85
2026-03-01 05:00:00,Noida_Sector_62,88.76,172.83,1.36,37.08,9.66
2026-03-01 06:00:00,Noida_Sector_62,79.35,151.8,1.31,40.03,9.77
2026-03-01 07:00:00,Noida_Sector_62,106.51,203.45,1.19,51.54,15.23
2026-03-01 08:00:00,Noida_Sector_62,58.59,126.99,0.77,36.11,10.59
2026-03-01 09:00:00,Noida_Sector_62,75.22,147.66,1.28,56.25,11.52
2026-03-01 10:00:00,Noida_Sector_62,95.13,174.8,0.88,44.85,10.62
2026-03-01 11:00:00,Noida_Sector_62,85.92,169.8,1.68,49.26,5.43
2026-03-01 12:00:00,Noida_Sector_62,81.49,165.92,1.39,55.13,13.29
2026-03-01 13:00:00,Noida_Sector_62,71.15,140.6,0.86,39.06,8.94
2026-03-01 14:00:00,Noida_Sector_62,90.43,192.07,1.04,33.14,9.67
2026-03-01 15:00:00,Noida_Sector_62,80.56,147.61,0.73,38.72,12.43
2026-03-01 16:00:00,Noida_Sector_62,79.09,154.13,1.45,42.28,11.89
2026-03-01 17:00:00,Noida_Sector_62,77.35,150.73,1.34,32.37,8.08
2026-03-01 18:00:00,Noida_Sector_62,103.4,199.87,1.42,22.41,9.13
2026-03-01 19:00:00,Noida_Sector_62,73.41,151.99,1.03,30.28,11.0
2026-03-01 20:00:00,Noida_Sector_62,77.81,162.98,1.46,47.07,14.02
2026-03-01 21:00:00,Noida_Sector_62,59.63,117.96,0.99,44.31,9.6
2026-03-01 22:00:00,Noida_Sector_62,104.7,191.35,1.47,48.86,11.28
2026-03-01 23:00:00,Noida_Sector_62,92.6,176.34,0.88,41.69,11.61
2026-03-02 00:00:00,Noida_Sector_62,82.44,154.73,0.99,21.77,7.34
2026-03-02 01:00:00,Noida_Sector_62,91.76,179.16,2.23,47.53,8.26
2026-03-02 02:00:00,Noida_Sector_62,75.41,151.12,2.37,51.02,7.05
2026-03-02 03:00:00,Noida_Sector_62,101.93,201.6,1.55,47.82,9.13
2026-03-02 04:00:00,Noida_Sector_62,94.15,188.91,2.24,37.11,11.52
2026-03-02 05:00:00,Noida_Sector_62,104.64,201.37,1.73,35.25,8.52
2026-03-02 06:00:00,Noida_Sector_62,88.86,169.04,1.84,43.22,10.73
2026-03-02 07:00:00,Noida_Sector_62,77.93,156.29,1.65,28.18,14.17
2026-03-02 08:00:00,Noida_Sector_62,97.77,177.8,2.09,55.67,4.59
2026-03-02 09:00:00,Noida_Sector_62,80.1,166.89,1.72,42.56,17.48
2026-03-02 10:00:00,Noida_Sector_62,96.85,177.39,1.14,42.3,11.36
2026-03-02 11:00:00,Noida_Sector_62,73.83,158.15,0.9,37.44,10.39
2026-03-02 12:00:00,Noida_Sector_62,70.78,142.14,1.87,30.62,10.94
2026-03-02 13:00:00,Noida_Sector_62,87.82,167.36,1.38,48.46,14.51
2026-03-02 14:00:00,Noida_Sector_62,74.2,156.26,1.48,36.63,11.72
2026-03-02 15:00:00,Noida_Sector_62,97.62,188.33,1.27,45.83,2.94
2026-03-02 16:00:00,Noida_Sector_62,75.42,151.22,1.63,50.41,10.26
2026-03-02 17:00:00,Noida_Sector_62,78.55,157.37,1.92,39.95,9.63
2026-03-02 18:00:00,Noida_Sector_62,83.97,164.29,1.08,44.09,15.28
2026-03-02 19:00:00,Noida_Sector_62,104.09,207.8,2.16,71.88,10.06
2026-03-02 20:00:00,Noida_Sector_62,84.3,169.99,1.3,46.29,9.01
2026-03-02 21:00:00,Noida_Sector_62,122.56,220.64,1.6,38.75,5.78
2026-03-02 22:00:00,Noida_Sector_62,76.13,139.99,1.23,32.41,10.91
2026-03-02 23:00:00,Noida_Sector_62,84.66,159.28,1.45,44.83,16.99
2026-03-03 00:00:00,Noida_Sector_62,96.87,183.4,2.15,47.15,9.89
2026-03-03 01:00:00,Noida_Sector_62,48.16,118.84,2.01,40.21,9.11
2026-03-03 02:00:00,Noida_Sector_62,62.23,121.16,1.11,49.11,10.63
2026-03-03 03:00:00,Noida_Sector_62,85.35,165.47,1.7,45.19,12.92
2026-03-03 04:00:00,Noida_Sector_62,74.93,138.4,1.33,39.21,12.37
2026-03-03 05:00:00,Noida_Sector_62,94.45,172.39,1.61,38.08,5.99
2026-03-03 06:00:00,Noida_Sector_62,106.77,199.4,1.46,51.4,8.78
2026-03-03 07:00:00,Noida_Sector_62,121.93,232.99,1.64,39.85,11.51
2026-03-03 08:00:00,Noida_Sector_62,101.88,205.37,1.35,62.04,11.14
2026-03-03 09:00:00,Noida_Sector_62,97.47,179.09,1.65,30.0,12.49
2026-03-03 10:00:00,Noida_Sector_62,82.99,159.78,2.19,36.56,11.55
2026-03-03 11:00:00,Noida_Sector_62,96.27,184.98,1.12,51.97,6.72
2026-03-03 12:00:00,Noida_Sector_62,66.98,124.44,1.63,33.38,4.13
2026-03-03 13:00:00,Noida_Sector_62,84.01,170.09,2.06,52.27,9.56
2026-03-03 14:00:00,Noida_Sector_62,93.35,180.59,1.5,17.27,6.39
2026-03-03 15:00:00,Noida_Sector_62,60.85,126.94,1.83,40.3,6.26
2026-03-03 16:00:00,Noida_Sector_62,82.47,172.57,1.7,39.02,9.75
2026-03-03 17:00:00,Noida_Sector_62,76.63,163.43,1.78,38.0,16.16
2026-03-03 18:00:00,Noida_Sector_62,104.5,189.09,0.83,36.6,13.1
2026-03-03 19:00:00,Noida_Sector_62,100.23,183.21,1.55,34.27,8.95
2026-03-03 20:00:00,Noida_Sector_62,78.7,162.62,1.35,31.74,8.94
2026-03-03 21:00:00,Noida_Sector_62,54.42,106.78,1.35,30.19,12.62
2026-03-03 22:00:00,Noida_Sector_62,45.51,124.35,1.88,51.75,10.21
2026-03-03 23:00:00,Noida_Sector_62,87.04,168.26,1.7,39.63,8.74
2026-03-04 00:00:00,Noida_Sector_62,95.37,182.96,0.95,45.63,9.0
2026-03-04 01:00:00,Noida_Sector_62,79.15,156.61,1.51,37.86,10.09
2026-03-04 02:00:00,Noida_Sector_62,87.35,161.82,1.71,41.95,8.16
2026-03-04 03:00:00,Noida_Sector_62,96.22,183.18,1.86,44.27,15.7
2026-03-04 04:00:00,Noida_Sector_62,72.81,159.67,1.73,53.71,13.32
2026-03-04 05:00:00,Noida_Sector_62,105.06,204.57,1.81,59.14,7.19
2026-03-04 06:00:00,Noida_Sector_62,85.73,164.88,1.73,40.86,13.32
2026-03-04 07:00:00,Noida_Sector_62,86.55,158.51,2.16,44.81,4.52
2026-03-04 08:00:00,Noida_Sector_62,70.46,146.72,1.43,46.84,9.43
2026-03-04 09:00:00,Noida_Sector_62,83.41,163.18,1.83,25.32,10.77
2026-03-04 10:00:00,Noida_Sector_62,100.52,192.3,0.47,35.62,8.47
2026-03-04 11:00:00,Noida_Sector_62,125.52,228.27,1.64,42.63,7.05
2026-03-04 12:00:00,Noida_Sector_62,81.75,159.92,2.02,39.76,11.39
2026-03-04 13:00:00,Noida_Sector_62,48.17,104.07,1.01,31.84,13.6
2026-03-04 14:00:00,Noida_Sector_62,96.66,183.73,1.54,48.18,6.92
2026-03-04 15:00:00,Noida_Sector_62,106.5,189.78,1.24,37.6,16.34
2026-03-04 16:00:00,Noida_Sector_62,71.82,137.17,0.63,26.12,5.62
2026-03-04 17:00:00,Noida_Sector_62,76.05,145.91,1.1,15.08,9.61
2026-03-04 18:00:00,Noida_Sector_62,70.29,141.41,0.71,29.67,7.08
2026-03-04 19:00:00,Noida_Sector_62,91.13,185.08,2.18,38.61,11.56
2026-03-04 20:00:00,Noida_Sector_62,71.88,146.73,1.61,44.23,17.91
2026-03-04 21:00:00,Noida_Sector_62,93.47,187.72,1.09,37.59,11.71
2026-03-04 22:00:00,Noida_Sector_62,71.2,153.09,1.64,44.05,12.97
2026-03-04 23:00:00,Noida_Sector_62,75.49,160.59,1.13,49.21,6.2
2026-03-05 00:00:00,Noida_Sector_62,92.7,191.02,1.67,48.51,14.13
2026-03-05 01:00:00,Noida_Sector_62,64.26,119.7,1.29,41.52,5.25
2026-03-05 02:00:00,Noida_Sector_62,106.47,209.76,1.18,36.21,8.67
2026-03-05 03:00:00,Noida_Sector_62,63.94,138.61,1.44,23.53,14.5
2026-03-05 04:00:00,Noida_Sector_62,91.6,168.45,1.67,50.04,9.54
2026-03-05 05:00:00,Noida_Sector_62,55.53,128.79,1.02,37.36,6.0
2026-03-05 06:00:00,Noida_Sector_62,74.21,153.81,1.8,21.91,12.56
2026-03-05 07:00:00,Noida_Sector_62,74.75,154.22,1.37,31.64,10.33
2026-03-05 08:00:00,Noida_Sector_62,98.97,201.8,1.19,40.89,4.44
2026-03-05 09:00:00,Noida_Sector_62,47.77,118.99,1.28,28.91,12.47
2026-03-05 10:00:00,Noida_Sector_62,67.47,139.46,2.13,43.88,12.58
2026-03-05 11:00:00,Noida_Sector_62,93.79,171.94,1.0,35.62,11.4
2026-03-05 12:00:00,Noida_Sector_62,79.56,154.63,0.54,19.12,9.93
2026-03-05 13:00:00,Noida_Sector_62,105.02,218.97,1.61,49.34,8.85
2026-03-05 14:00:00,Noida_Sector_62,75.06,142.15,1.57,17.22,14.48
2026-03-05 15:00:00,Noida_Sector_62,66.48,145.85,1.77,36.28,13.8
2026-03-05 16:00:00,Noida_Sector_62,65.67,141.7,1.96,28.05,9.84
2026-03-05 17:00:00,Noida_Sector_62,102.74,208.3,2.23,19.63,10.13
2026-03-05 18:00:00,Noida_Sector_62,98.8,183.14,0.79,41.4,9.08
2026-03-05 19:00:00,Noida_Sector_62,92.18,179.63,1.33,43.2,7.56
2026-03-05 20:00:00,Noida_Sector_62,121.74,208.38,1.42,29.78,10.45
2026-03-05 21:00:00,Noida_Sector_62,103.04,201.8,1.16,40.77,12.17
2026-03-05 22:00:00,Noida_Sector_62,70.45,133.85,0.78,49.66,5.27
2026-03-05 23:00:00,Noida_Sector_62,71.12,141.96,2.14,42.39,2.24
2026-03-06 00:00:00,Noida_Sector_62,71.03,147.19,1.44,53.67,9.09
2026-03-06 01:00:00,Noida_Sector_62,93.2,177.89,1.58,51.57,15.62
2026-03-06 02:00:00,Noida_Sector_62,78.22,139.28,1.38,35.11,7.26
2026-03-06 03:00:00,Noida_Sector_62,90.78,168.42,1.25,48.94,15.47
2026-03-06 04:00:00,Noida_Sector_62,108.82,207.59,0.45,53.86,11.62
2026-03-06 05:00:00,Noida_Sector_62,82.44,160.58,1.39,50.54,11.1
2026-03-06 06:00:00,Noida_Sector_62,97.67,186.84,1.72,36.57,11.21
2026-03-06 07:00:00,Noida_Sector_62,85.29,157.27,0.8,20.75,11.34
2026-03-06 08:00:00,Noida_Sector_62,72.89,140.51,0.82,37.44,6.0
2026-03-06 09:00:00,Noida_Sector_62,79.6,152.04,1.09,15.08,5.72
2026-03-06 10:00:00,Noida_Sector_62,78.65,155.2,1.98,38.54,8.98
2026-03-06 11:00:00,Noida_Sector_62,100.39,179.32,1.27,57.18,15.6
2026-03-06 12:00:00,Noida_Sector_62,78.9,150.73,1.16,41.73,9.89
2026-03-06 13:00:00,Noida_Sector_62,86.25,154.36,1.39,33.41,11.49
2026-03-06 14:00:00,Noida_Sector_62,89.24,174.92,1.49,37.72,7.85
2026-03-06 15:00:00,Noida_Sector_62,93.37,175.7,1.77,48.43,11.71
2026-03-06 16:00:00,Noida_Sector_62,100.74,191.21,0.47,44.42,10.8
2026-03-06 17:00:00,Noida_Sector_62,59.02,133.23,1.25,20.8,7.05
2026-03-06 18:00:00,Noida_Sector_62,63.82,129.24,1.14,39.97,10.94
2026-03-06 19:00:00,Noida_Sector_62,93.06,191.52,2.35,49.05,11.59
2026-03-06 20:00:00,Noida_Sector_62,90.81,176.96,1.42,38.39,13.26
2026-03-06 21:00:00,Noida_Sector_62,108.02,219.02,1.58,36.08,7.55
2026-03-06 22:00:00,Noida_Sector_62,85.05,166.9,1.14,36.03,7.38
2026-03-06 23:00:00,Noida_Sector_62,83.93,152.24,1.41,43.25,8.06
2026-03-07 00:00:00,Noida_Sector_62,107.77,210.18,1.34,62.19,12.46
2026-03-07 01:00:00,Noida_Sector_62,64.07,131.76,1.84,43.18,7.78
2026-03-07 02:00:00,Noida_Sector_62,82.33,164.13,1.56,36.34,13.13
2026-03-07 03:00:00,Noida_Sector_62,68.24,146.42,1.76,27.88,14.13
2026-03-07 04:00:00,Noida_Sector_62,113.91,213.72,1.72,34.28,11.5
2026-03-07 05:00:00,Noida_Sector_62,80.8,157.31,1.6,40.45,5.49
2026-03-07 06:00:00,Noida_Sector_62,81.61,155.63,0.92,40.95,10.2
2026-03-07 07:00:00,Noida_Sector_62,85.98,166.78,1.28,33.84,7.49
2026-03-07 08:00:00,Noida_Sector_62,88.82,168.92,1.67,52.44,6.07
2026-03-07 09:00:00,Noida_Sector_62,74.9,139.41,1.56,27.48,12.83
2026-03-07 10:00:00,Noida_Sector_62,114.0,216.79,1.23,43.87,10.32
2026-03-07 11:00:00,Noida_Sector_62,55.09,104.72,1.42,21.67,9.99
2026-03-07 12:00:00,Noida_Sector_62,63.39,129.47,1.56,46.22,15.13
2026-03-07 13:00:00,Noida_Sector_62,82.17,178.5,1.89,26.61,13.11
2026-03-07 14:00:00,Noida_Sector_62,97.57,192.75,1.94,57.52,9.88
2026-03-07 15:00:00,Noida_Sector_62,78.55,158.09,1.04,25.3,7.62
2026-03-07 16:00:00,Noida_Sector_62,70.46,138.28,1.46,43.96,12.37
2026-03-07 17:00:00,Noida_Sector_62,76.14,151.77,1.42,40.18,7.67
2026-03-07 18:00:00,Noida_Sector_62,84.69,170.02,1.61,62.0,8.87
2026-03-07 19:00:00,Noida_Sector_62,68.13,154.4,2.22,34.79,9.89
2026-03-07 20:00:00,Noida_Sector_62,114.75,211.44,1.86,45.43,6.29
2026-03-07 21:00:00,Noida_Sector_62,98.63,193.9,2.0,42.68,11.44
2026-03-07 22:00:00,Noida_Sector_62,87.89,180.23,1.77,21.74,12.14
2026-03-07 23:00:00,Noida_Sector_62,97.84,199.65,1.11,40.97,11.41
2026-03-08 00:00:00,Noida_Sector_62,75.0,162.09,1.08,43.64,10.5
2026-03-08 01:00:00,Noida_Sector_62,84.66,162.19,0.45,34.42,12.05
2026-03-08 02:00:00,Noida_Sector_62,70.83,151.11,1.9,29.03,14.6
2026-03-08 03:00:00,Noida_Sector_62,114.31,210.83,1.69,62.19,11.91
2026-03-08 04:00:00,Noida_Sector_62,76.47,131.81,1.43,51.97,12.12
2026-03-08 05:00:00,Noida_Sector_62,82.51,155.91,1.6,33.76,10.43
2026-03-08 06:00:00,Noida_Sector_62,77.69,140.32,1.99,36.53,17.45
2026-03-08 07:00:00,Noida_Sector_62,74.38,147.01,1.73,40.55,8.82
2026-03-08 08:00:00,Noida_Sector_62,75.3,149.02,1.1,58.42,10.39
2026-03-08 09:00:00,Noida_Sector_62,108.29,215.92,1.42,34.39,4.18
2026-03-08 10:00:00,Noida_Sector_62,83.23,169.86,1.76,51.71,11.05
2026-03-08 11:00:00,Noida_Sector_62,77.09,160.0,1.56,28.96,7.42
2026-03-08 12:00:00,Noida_Sector_62,59.27,125.17,1.49,42.62,12.29
2026-03-08 13:00:00,Noida_Sector_62,103.86,186.45,1.64,46.62,8.08
2026-03-08 14:00:00,Noida_Sector_62,64.73,125.9,1.5,37.41,14.66
2026-03-08 15:00:00,Noida_Sector_62,72.54,128.46,1.5,41.57,7.66
2026-03-08 16:00:00,Noida_Sector_62,102.13,195.27,1.39,46.65,12.01
2026-03-08 17:00:00,Noida_Sector_62,81.6,157.98,1.7,55.02,8.25
2026-03-08 18:00:00,Noida_Sector_62,85.74,167.46,1.58,37.64,15.62
2026-03-08 19:00:00,Noida_Sector_62,90.74,195.35,2.48,52.8,10.45
2026-03-08 20:00:00,Noida_Sector_62,79.76,168.6,1.06,40.59,8.97
2026-03-08 21:00:00,Noida_Sector_62,79.66,148.49,1.41,39.32,12.43
2026-03-08 22:00:00,Noida_Sector_62,99.87,189.53,1.8,41.1,9.93
2026-03-08 23:00:00,Noida_Sector_62,89.34,168.1,1.07,41.87,7.65
2026-03-09 00:00:00,Noida_Sector_62,86.05,157.21,2.37,33.65,9.59
2026-03-09 01:00:00,Noida_Sector_62,121.99,221.68,1.34,41.81,6.99
2026-03-09 02:00:00,Noida_Sector_62,85.21,177.54,1.27,55.16,12.67
2026-03-09 03:00:00,Noida_Sector_62,86.44,165.12,1.01,51.22,11.68
2026-03-09 04:00:00,Noida_Sector_62,103.52,200.73,1.35,60.89,13.22
2026-03-09 05:00:00,Noida_Sector_62,74.38,143.38,1.66,36.68,7.04
2026-03-09 06:00:00,Noida_Sector_62,102.79,217.24,1.86,43.68,7.91
2026-03-09 07:00:00,Noida_Sector_62,92.92,165.72,1.6,52.68,9.62
2026-03-09 08:00:00,Noida_Sector_62,74.03,144.16,1.51,44.52,9.64
2026-03-09 09:00:00,Noida_Sector_62,74.0,138.93,1.93,45.99,9.44
2026-03-09 10:00:00,Noida_Sector_62,81.67,174.42,0.95,40.97,11.28
2026-03-09 11:00:00,Noida_Sector_62,79.14,163.64,2.07,52.14,6.56
2026-03-09 12:00:00,Noida_Sector_62,62.73,126.3,1.28,50.13,9.07
2026-03-09 13:00:00,Noida_Sector_62,73.68,150.25,2.17,42.21,13.64
2026-03-09 14:00:00,Noida_Sector_62,59.09,123.06,1.32,32.8,2.6
2026-03-09 15:00:00,Noida_Sector_62,63.76,139.48,2.35,33.02,6.06
2026-03-09 16:00:00,Noida_Sector_62,76.99,145.31,0.87,36.25,12.41
2026-03-09 17:00:00,Noida_Sector_62,80.74,166.08,1.89,39.88,5.64
2026-03-09 18:00:00,Noida_Sector_62,64.84,131.32,1.39,52.32,8.05
2026-03-09 19:00:00,Noida_Sector_62,93.55,172.65,1.7,49.21,7.4
2026-03-09 20:00:00,Noida_Sector_62,80.4,154.56,1.84,19.15,10.51
2026-03-09 21:00:00,Noida_Sector_62,93.0,177.23,1.62,27.12,5.54
2026-03-09 22:00:00,Noida_Sector_62,81.35,162.49,1.88,44.44,8.3
2026-03-09 23:00:00,Noida_Sector_62,69.56,123.23,2.31,14.16,5.35
2026-03-10 00:00:00,Noida_Sector_62,75.67,154.21,1.98,29.85,10.14
2026-03-10 01:00:00,Noida_Sector_62,99.94,172.63,1.59,32.45,11.34
2026-03-10 02:00:00,Noida_Sector_62,85.24,163.62,1.95,48.67,10.56
2026-03-10 03:00:00,Noida_Sector_62,67.91,140.43,1.78,45.03,10.15
2026-03-10 04:00:00,Noida_Sector_62,118.22,223.5,1.52,43.8,9.52
2026-03-10 05:00:00,Noida_Sector_62,75.16,141.76,1.07,40.37,9.14
2026-03-10 06:00:00,Noida_Sector_62,83.62,164.02,1.21,39.38,7.68
2026-03-10 07:00:00,Noida_Sector_62,110.44,221.83,1.29,45.44,12.66
2026-03-10 08:00:00,Noida_Sector_62,104.46,193.33,1.39,52.11,2.84
2026-03-10 09:00:00,Noida_Sector_62,95.64,170.82,1.63,46.44,12.43
2026-03-10 10:00:00,Noida_Sector_62,76.49,154.35,0.77,31.06,11.44
2026-03-10 11:00:00,Noida_Sector_62,48.9,105.69,1.25,67.57,7.63
2026-03-10 12:00:00,Noida_Sector_62,109.42,190.64,1.67,42.92,3.49
2026-03-10 13:00:00,Noida_Sector_62,60.27,117.89,1.06,42.42,7.37
2026-03-10 14:00:00,Noida_Sector_62,96.64,191.27,1.75,49.52,6.8
2026-03-10 15:00:00,Noida_Sector_62,75.79,144.5,1.5,37.38,11.69
2026-03-10 16:00:00,Noida_Sector_62,65.29,127.66,0.74,55.65,11.79
2026-03-10 17:00:00,Noida_Sector_62,103.2,202.41,2.31,30.04,11.25
2026-03-10 18:00:00,Noida_Sector_62,56.56,142.03,1.74,48.31,13.38
2026-03-10 19:00:00,Noida_Sector_62,87.7,160.78,1.52,33.02,6.84
2026-03-10 20:00:00,Noida_Sector_62,78.0,161.73,1.53,45.01,8.44
2026-03-10 21:00:00,Noida_Sector_62,95.87,175.93,1.34,35.58,11.86
2026-03-10 22:00:00,Noida_Sector_62,100.09,190.3,1.79,40.0,13.5
2026-03-10 23:00:00,Noida_Sector_62,104.65,202.16,1.57,48.81,13.23
2026-03-11 00:00:00,Noida_Sector_62,97.16,189.82,1.53,30.39,11.39
2026-03-11 01:00:00,Noida_Sector_62,86.83,170.99,1.54,35.48,5.62
2026-03-11 02:00:00,Noida_Sector_62,84.01,166.96,1.4,41.39,12.82
2026-03-11 03:00:00,Noida_Sector_62,103.29,200.23,1.5,41.61,12.6
2026-03-11 04:00:00,Noida_Sector_62,102.43,201.61,1.65,27.42,9.61
2026-03-11 05:00:00,Noida_Sector_62,89.23,169.45,1.66,33.19,9.51
2026-03-11 06:00:00,Noida_Sector_62,70.77,150.85,2.08,29.55,11.57
2026-03-11 07:00:00,Noida_Sector_62,94.25,168.02,1.27,48.36,10.09
2026-03-11 08:00:00,Noida_Sector_62,79.33,175.29,1.07,36.8,8.17
2026-03-11 09:00:00,Noida_Sector_62,101.41,183.58,1.54,32.26,9.93
2026-03-11 10:00:00,Noida_Sector_62,79.63,150.16,1.84,28.98,9.55
2026-03-11 11:00:00,Noida_Sector_62,55.49,116.63,1.81,40.11,3.3
2026-03-11 12:00:00,Noida_Sector_62,97.6,192.75,1.54,16.53,6.0
2026-03-11 13:00:00,Noida_Sector_62,89.37,160.35,1.53,48.72,15.84
2026-03-11 14:00:00,Noida_Sector_62,93.98,171.09,1.63,47.0,5.49
2026-03-11 15:00:00,Noida_Sector_62,98.17,184.08,1.29,40.46,9.24
2026-03-11 16:00:00,Noida_Sector_62,76.47,142.33,1.74,20.18,7.41
2026-03-11 17:00:00,Noida_Sector_62,81.89,154.49,1.4,28.89,10.54
2026-03-11 18:00:00,Noida_Sector_62,96.61,180.68,0.78,49.37,7.24
2026-03-11 19:00:00,Noida_Sector_62,78.68,156.69,1.77,45.92,14.27
2026-03-11 20:00:00,Noida_Sector_62,81.86,150.96,1.94,34.72,8.65
2026-03-11 21:00:00,Noida_Sector_62,84.68,167.45,0.52,45.17,5.4
2026-03-11 22:00:00,Noida_Sector_62,85.88,172.53,1.62,54.36,14.98
2026-03-11 23:00:00,Noida_Sector_62,67.94,140.59,1.33,36.59,14.21
2026-03-12 00:00:00,Noida_Sector_62,81.72,169.24,1.9,51.38,7.82
2026-03-12 01:00:00,Noida_Sector_62,97.57,181.28,1.01,29.8,3.58
2026-03-12 02:00:00,Noida_Sector_62,98.15,198.54,1.3,67.17,14.21
2026-03-12 03:00:00,Noida_Sector_62,67.51,139.49,1.72,25.29,3.06
2026-03-12 04:00:00,Noida_Sector_62,90.43,180.17,1.75,37.23,12.78
2026-03-12 05:00:00,Noida_Sector_62,67.29,137.43,1.25,39.39,4.84
2026-03-12 06:00:00,Noida_Sector_62,89.06,170.81,1.72,53.47,14.58
2026-03-12 07:00:00,Noida_Sector_62,65.93,118.54,1.39,18.98,8.94
2026-03-12 08:00:00,Noida_Sector_62,122.16,217.73,1.66,37.6,14.33
2026-03-12 09:00:00,Noida_Sector_62,91.47,163.18,1.57,56.51,6.89
2026-03-12 10:00:00,Noida_Sector_62,75.28,138.89,1.06,49.8,12.56
2026-03-12 11:00:00,Noida_Sector_62,90.32,182.17,1.38,36.07,4.92
2026-03-12 12:00:00,Noida_Sector_62,78.5,157.62,1.26,48.74,9.84
2026-03-12 13:00:00,Noida_Sector_62,101.4,189.27,2.03,31.98,8.9
2026-03-12 14:00:00,Noida_Sector_62,83.37,161.08,2.07,34.32,9.42
2026-03-12 15:00:00,Noida_Sector_62,88.31,174.17,1.35,39.33,8.38
2026-03-12 16:00:00,Noida_Sector_62,101.43,188.9,1.16,44.29,8.57
2026-03-12 17:00:00,Noida_Sector_62,85.85,172.9,1.42,37.48,15.26
2026-03-12 18:00:00,Noida_Sector_62,106.29,207.74,1.5,42.28,12.0
2026-03-12 19:00:00,Noida_Sector_62,79.12,148.37,1.57,36.32,10.26
2026-03-12 20:00:00,Noida_Sector_62,89.42,181.42,0.75,47.56,8.76
2026-03-12 21:00:00,Noida_Sector_62,84.62,160.46,1.42,47.94,12.62
2026-03-12 22:00:00,Noida_Sector_62,81.29,161.68,1.25,39.28,13.65
2026-03-12 23:00:00,Noida_Sector_62,97.73,187.75,2.17,43.49,9.8
2026-03-13 00:00:00,Noida_Sector_62,83.68,172.13,1.41,50.28,10.83
2026-03-13 01:00:00,Noida_Sector_62,95.58,173.92,1.2,31.97,8.73
2026-03-13 02:00:00,Noida_Sector_62,77.18,156.3,0.98,30.6,15.27
2026-03-13 03:00:00,Noida_Sector_62,78.17,166.03,1.2,34.28,3.61
2026-03-13 04:00:00,Noida_Sector_62,83.44,165.7,1.94,44.85,7.43
2026-03-13 05:00:00,Noida_Sector_62,77.93,165.51,0.36,41.64,5.69
2026-03-13 06:00:00,Noida_Sector_62,82.03,160.93,0.99,26.2,14.48
2026-03-13 07:00:00,Noida_Sector_62,82.3,154.47,1.98,44.27,10.35
2026-03-13 08:00:00,Noida_Sector_62,71.68,131.89,1.57,33.73,12.35
2026-03-13 09:00:00,Noida_Sector_62,87.26,160.61,1.87,45.89,7.76
2026-03-13 10:00:00,Noida_Sector_62,85.86,169.39,1.09,34.51,12.92
2026-03-13 11:00:00,Noida_Sector_62,84.32,162.55,0.47,56.08,6.41
2026-03-13 12:00:00,Noida_Sector_62,75.31,159.03,0.82,27.88,5.79
2026-03-13 13:00:00,Noida_Sector_62,73.74,147.66,1.75,42.72,15.22
2026-03-13 14:00:00,Noida_Sector_62,85.26,180.94,1.37,51.09,3.99
2026-03-13 15:00:00,Noida_Sector_62,68.06,135.41,2.0,42.21,12.55
2026-03-13 16:00:00,Noida_Sector_62,78.38,149.18,1.23,46.12,9.97
2026-03-13 17:00:00,Noida_Sector_62,83.61,163.34,1.07,36.09,8.95
2026-03-13 18:00:00,Noida_Sector_62,80.21,148.3,1.6,33.33,8.46
2026-03-13 19:00:00,Noida_Sector_62,83.39,158.28,1.88,35.48,9.63
2026-03-13 20:00:00,Noida_Sector_62,76.16,145.06,1.45,35.94,8.02
2026-03-13 21:00:00,Noida_Sector_62,92.64,166.89,1.49,39.88,12.7
2026-03-13 22:00:00,Noida_Sector_62,83.01,157.59,1.43,44.48,10.23
2026-03-13 23:00:00,Noida_Sector_62,113.17,209.54,2.14,40.62,8.52
2026-03-14 00:00:00,Noida_Sector_62,108.22,204.43,2.36,37.27,5.23
2026-03-14 01:00:00,Noida_Sector_62,99.01,180.55,1.52,42.83,10.47
2026-03-14 02:00:00,Noida_Sector_62,71.7,141.57,1.58,37.53,6.51
2026-03-14 03:00:00,Noida_Sector_62,114.84,193.76,1.35,35.09,8.34
2026-03-14 04:00:00,Noida_Sector_62,80.84,143.79,0.98,35.15,10.41
2026-03-14 05:00:00,Noida_Sector_62,82.95,181.66,1.34,40.07,8.45
2026-03-14 06:00:00,Noida_Sector_62,96.73,181.27,2.16,37.9,1.03
2026-03-14 07:00:00,Noida_Sector_62,94.97,187.42,1.35,42.59,9.97
2026-03-14 08:00:00,Noida_Sector_62,75.37,161.0,0.95,40.09,10.37
2026-03-14 09:00:00,Noida_Sector_62,57.27,120.06,1.05,30.4,3.86
2026-03-14 10:00:00,Noida_Sector_62,35.41,97.21,2.13,27.72,12.52
2026-03-14 11:00:00,Noida_Sector_62,85.22,166.87,1.04,56.23,9.09
2026-03-14 12:00:00,Noida_Sector_62,71.33,138.85,1.14,52.86,5.65
2026-03-14 13:00:00,Noida_Sector_62,61.16,127.03,1.44,27.98,6.74
2026-03-14 14:00:00,Noida_Sector_62,89.05,181.13,1.16,43.54,5.8
2026-03-14 15:00:00,Noida_Sector_62,66.31,137.4,1.31,12.3,9.29
2026-03-14 16:00:00,Noida_Sector_62,84.22,170.91,1.02,38.43,14.65
2026-03-14 17:00:00,Noida_Sector_62,101.5,203.65,1.48,48.73,5.69
2026-03-14 18:00:00,Noida_Sector_62,73.9,149.28,1.13,43.67,9.41
2026-03-14 19:00:00,Noida_Sector_62,82.72,165.46,1.76,39.55,8.73
2026-03-14 20:00:00,Noida_Sector_62,96.26,177.01,1.97,40.62,10.21
2026-03-14 21:00:00,Noida_Sector_62,93.89,189.14,2.26,33.21,11.34
2026-03-14 22:00:00,Noida_Sector_62,99.14,189.55,2.23,49.56,13.75
2026-03-14 23:00:00,Noida_Sector_62,100.43,185.88,1.73,43.49,11.6
2026-03-15 00:00:00,Noida_Sector_62,52.18,113.67,2.25,25.01,11.54
2026-03-15 01:00:00,Noida_Sector_62,82.22,170.53,1.66,45.03,10.24
2026-03-15 02:00:00,Noida_Sector_62,50.67,117.41,1.87,27.46,6.25
2026-03-15 03:00:00,Noida_Sector_62,87.11,155.67,1.53,40.59,14.93
2026-03-15 04:00:00,Noida_Sector_62,67.75,142.06,1.32,41.24,4.55
2026-03-15 05:00:00,Noida_Sector_62,60.29,112.21,1.75,43.89,11.27
2026-03-15 06:00:00,Noida_Sector_62,86.01,173.76,0.72,41.49,17.5
2026-03-15 07:00:00,Noida_Sector_62,99.72,177.68,1.41,33.16,9.13
2026-03-15 08:00:00,Noida_Sector_62,97.68,185.94,1.81,39.09,8.53
2026-03-15 09:00:00,Noida_Sector_62,91.63,193.83,1.73,34.54,5.76
2026-03-15 10:00:00,Noida_Sector_62,91.1,177.73,1.16,37.33,10.13
2026-03-15 11:00:00,Noida_Sector_62,121.79,224.05,1.08,24.34,7.77
2026-03-15 12:00:00,Noida_Sector_62,108.29,216.16,1.47,41.28,7.81
2026-03-15 13:00:00,Noida_Sector_62,76.57,151.96,1.35,44.26,11.66
2026-03-15 14:00:00,Noida_Sector_62,93.58,176.14,1.64,65.75,12.13
2026-03-15 15:00:00,Noida_Sector_62,62.2,142.65,1.75,49.82,6.89
2026-03-15 16:00:00,Noida_Sector_62,86.99,173.01,1.37,39.34,8.63
2026-03-15 17:00:00,Noida_Sector_62,75.73,151.11,1.02,40.03,6.45
2026-03-15 18:00:00,Noida_Sector_62,107.77,211.88,2.38,50.26,9.38
2026-03-15 19:00:00,Noida_Sector_62,91.1,173.77,1.94,32.24,9.99
2026-03-15 20:00:00,Noida_Sector_62,114.39,205.84,1.42,20.29,10.42
2026-03-15 21:00:00,Noida_Sector_62,114.15,215.2,1.03,39.22,5.43
2026-03-15 22:00:00,Noida_Sector_62,65.85,130.52,1.97,45.6,8.89
2026-03-15 23:00:00,Noida_Sector_62,111.02,218.72,1.51,16.62,13.37
2026-03-16 00:00:00,Noida_Sector_62,114.58,210.71,0.69,33.2,8.55
2026-03-16 01:00:00,Noida_Sector_62,67.97,137.82,1.15,54.96,11.27
2026-03-16 02:00:00,Noida_Sector_62,69.54,150.52,1.96,36.79,7.36
2026-03-16 03:00:00,Noida_Sector_62,66.34,124.75,1.15,31.89,14.88
2026-03-16 04:00:00,Noida_Sector_62,91.6,176.34,1.69,42.91,16.95
2026-03-16 05:00:00,Noida_Sector_62,86.93,176.11,2.12,47.55,12.1
2026-03-16 06:00:00,Noida_Sector_62,75.57,144.55,2.0,29.81,9.36
2026-03-16 07:00:00,Noida_Sector_62,92.82,166.47,1.08,46.78,13.07
2026-03-16 08:00:00,Noida_Sector_62,65.01,135.7,1.81,45.21,15.0
2026-03-16 09:00:00,Noida_Sector_62,81.85,154.87,0.86,37.03,13.01
2026-03-16 10:00:00,Noida_Sector_62,80.94,161.14,1.46,35.6,10.24
2026-03-16 11:00:00,Noida_Sector_62,113.28,208.01,1.36,33.93,5.76
2026-03-16 12:00:00,Noida_Sector_62,115.7,200.66,1.96,32.43,8.64
2026-03-16 13:00:00,Noida_Sector_62,98.27,182.6,1.32,20.08,10.03
2026-03-16 14:00:00,Noida_Sector_62,109.12,204.64,1.36,30.8,12.43
2026-03-16 15:00:00,Noida_Sector_62,96.62,193.6,1.35,22.09,9.73
2026-03-16 16:00:00,Noida_Sector_62,94.27,177.43,1.75,29.23,14.08
2026-03-16 17:00:00,Noida_Sector_62,113.18,206.49,1.04,21.74,14.99
2026-03-16 18:00:00,Noida_Sector_62,93.2,163.6,1.81,30.1,17.64
2026-03-16 19:00:00,Noida_Sector_62,85.44,161.43,1.47,40.95,3.3
2026-03-16 20:00:00,Noida_Sector_62,77.09,153.73,2.04,30.3,16.95
2026-03-16 21:00:00,Noida_Sector_62,77.45,146.92,1.97,34.35,10.46
2026-03-16 22:00:00,Noida_Sector_62,73.8,132.16,1.96,52.81,5.23
2026-03-16 23:00:00,Noida_Sector_62,75.85,150.25,1.6,47.79,13.89
2026-03-17 00:00:00,Noida_Sector_62,94.62,181.29,1.39,38.0,8.44
2026-03-17 01:00:00,Noida_Sector_62,80.29,154.79,1.98,38.26,11.52
2026-03-17 02:00:00,Noida_Sector_62,85.02,186.58,1.51,47.92,8.58
2026-03-17 03:00:00,Noida_Sector_62,83.09,165.22,0.81,40.03,8.67
2026-03-17 04:00:00,Noida_Sector_62,108.99,203.63,1.53,37.58,9.17
2026-03-17 05:00:00,Noida_Sector_62,80.76,162.88,1.83,29.53,9.21
2026-03-17 06:00:00,Noida_Sector_62,93.7,180.72,1.76,16.4,11.13
2026-03-17 07:00:00,Noida_Sector_62,80.93,151.29,0.93,42.77,10.97
2026-03-17 08:00:00,Noida_Sector_62,121.12,218.08,1.37,58.99,14.18
2026-03-17 09:00:00,Noida_Sector_62,87.27,162.2,1.96,45.58,7.6
2026-03-17 10:00:00,Noida_Sector_62,67.13,148.31,2.39,41.41,4.74
2026-03-17 11:00:00,Noida_Sector_62,73.73,142.99,1.41,34.22,7.28
2026-03-17 12:00:00,Noida_Sector_62,78.57,154.0,1.86,41.37,10.27
2026-03-17 13:00:00,Noida_Sector_62,98.56,189.15,1.5,42.52,11.29
2026-03-17 14:00:00,Noida_Sector_62,85.87,147.2,1.15,37.52,11.46
2026-03-17 15:00:00,Noida_Sector_62,84.18,162.85,1.03,50.97,13.42
2026-03-17 16:00:00,Noida_Sector_62,88.03,177.28,1.35,38.42,8.76
2026-03-17 17:00:00,Noida_Sector_62,92.11,170.3,1.9,37.23,11.23
2026-03-17 18:00:00,Noida_Sector_62,60.49,132.34,1.93,40.89,13.64
2026-03-17 19:00:00,Noida_Sector_62,98.24,186.76,1.55,16.05,4.73
2026-03-17 20:00:00,Noida_Sector_62,99.43,176.51,0.79,36.5,9.58
2026-03-17 21:00:00,Noida_Sector_62,82.41,161.09,1.82,54.42,11.68
2026-03-17 22:00:00,Noida_Sector_62,107.35,200.81,1.29,31.37,11.48
2026-03-17 23:00:00,Noida_Sector_62,53.55,113.8,1.38,23.56,10.23
2026-03-18 00:00:00,Noida_Sector_62,88.45,179.73,1.15,24.95,7.59
2026-03-18 01:00:00,Noida_Sector_62,122.38,224.58,0.71,37.37,13.19
2026-03-18 02:00:00,Noida_Sector_62,76.37,157.76,1.56,39.69,12.51
2026-03-18 03:00:00,Noida_Sector_62,75.24,147.1,1.31,42.38,8.85
2026-03-18 04:00:00,Noida_Sector_62,66.38,133.88,1.45,29.92,13.3
2026-03-18 05:00:00,Noida_Sector_62,58.52,122.66,1.37,42.67,11.45
2026-03-18 06:00:00,Noida_Sector_62,72.22,128.47,1.71,35.88,10.72
2026-03-18 07:00:00,Noida_Sector_62,78.34,161.68,1.47,61.71,11.98
2026-03-18 08:00:00,Noida_Sector_62,82.55,152.08,1.47,47.84,7.57
2026-03-18 09:00:00,Noida_Sector_62,65.43,128.13,1.72,49.82,13.73
2026-03-18 10:00:00,Noida_Sector_62,80.41,157.55,1.76,38.28,10.11
2026-03-18 11:00:00,Noida_Sector_62,98.75,180.91,1.63,64.89,11.18
2026-03-18 12:00:00,Noida_Sector_62,89.7,187.17,1.65,30.92,15.42
2026-03-18 13:00:00,Noida_Sector_62,88.06,175.46,1.12,58.76,11.62
2026-03-18 14:00:00,Noida_Sector_62,57.81,120.29,1.04,48.73,10.34
2026-03-18 15:00:00,Noida_Sector_62,83.51,174.84,1.66,37.73,5.43
2026-03-18 16:00:00,Noida_Sector_62,73.13,145.14,0.64,43.43,7.11
2026-03-18 17:00:00,Noida_Sector_62,155.42,462.78,1.86,43.65,16.1
2026-03-18 18:00:00,Noida_Sector_62,138.98,562.81,2.05,42.06,9.62
2026-03-18 19:00:00,Noida_Sector_62,147.12,506.76,1.19,26.59,9.2
2026-03-18 20:00:00,Noida_Sector_62,106.22,510.6,1.6,31.05,8.39
2026-03-18 21:00:00,Noida_Sector_62,166.37,594.15,1.55,50.48,7.8
2026-03-18 22:00:00,Noida_Sector_62,130.9,452.34,1.65,22.54,7.82
2026-03-18 23:00:00,Noida_Sector_62,113.29,519.94,1.2,34.46,9.92
2026-03-19 00:00:00,Noida_Sector_62,97.61,427.21,2.26,51.61,8.47
2026-03-19 01:00:00,Noida_Sector_62,146.63,504.03,1.52,34.12,10.94
2026-03-19 02:00:00,Noida_Sector_62,98.15,503.66,1.45,45.86,11.68
2026-03-19 03:00:00,Noida_Sector_62,103.86,507.2,1.92,51.82,10.53
2026-03-19 04:00:00,Noida_Sector_62,192.22,603.48,2.39,38.65,4.24
2026-03-19 05:00:00,Noida_Sector_62,125.59,493.07,1.74,37.16,10.17
2026-03-19 06:00:00,Noida_Sector_62,117.72,484.23,1.87,64.13,13.44
2026-03-19 07:00:00,Noida_Sector_62,176.18,484.36,1.25,39.74,16.35
2026-03-19 08:00:00,Noida_Sector_62,163.83,443.91,1.61,48.92,8.75
2026-03-19 09:00:00,Noida_Sector_62,130.32,483.44,2.31,28.4,13.01
2026-03-19 10:00:00,Noida_Sector_62,149.74,508.54,2.35,44.55,12.98
2026-03-19 11:00:00,Noida_Sector_62,121.53,460.62,1.23,33.82,10.45
2026-03-19 12:00:00,Noida_Sector_62,125.65,586.59,1.74,32.4,15.62
2026-03-19 13:00:00,Noida_Sector_62,126.53,503.57,1.67,45.74,12.03
2026-03-19 14:00:00,Noida_Sector_62,143.95,528.86,2.39,43.32,13.34
2026-03-19 15:00:00,Noida_Sector_62,114.97,511.38,0.78,27.73,9.57
2026-03-19 16:00:00,Noida_Sector_62,144.48,480.76,1.18,47.83,8.48
2026-03-19 17:00:00,Noida_Sector_62,146.1,458.9,1.58,47.97,10.07
2026-02-17 18:00:00,Chanakyapuri,63.33,143.18,1.42,56.38,7.92
2026-02-17 19:00:00,Chanakyapuri,64.63,124.34,1.63,32.06,11.47
2026-02-17 20:00:00,Chanakyapuri,82.8,154.92,1.72,17.27,8.66
2026-02-17 21:00:00,Chanakyapuri,91.21,159.34,2.28,40.84,11.16
2026-02-17 22:00:00,Chanakyapuri,85.92,161.05,1.6,25.45,11.46
2026-02-17 23:00:00,Chanakyapuri,99.33,202.16,1.37,53.48,6.67
2026-02-18 00:00:00,Chanakyapuri,111.18,210.52,1.22,40.74,9.95
2026-02-18 01:00:00,Chanakyapuri,75.37,152.54,1.26,36.31,12.97
2026-02-18 02:00:00,Chanakyapuri,72.99,146.47,1.35,42.43,13.83
2026-02-18 03:00:00,Chanakyapuri,105.7,189.97,1.57,29.5,10.85
2026-02-18 04:00:00,Chanakyapuri,65.15,112.31,1.91,29.67,9.33
2026-02-18 05:00:00,Chanakyapuri,103.93,207.31,1.43,35.2,12.33
2026-02-18 06:00:00,Chanakyapuri,83.34,159.99,1.14,49.08,4.68
2026-02-18 07:00:00,Chanakyapuri,85.06,157.15,2.04,45.53,13.32
2026-02-18 08:00:00,Chanakyapuri,98.47,203.46,1.54,28.85,10.18
2026-02-18 09:00:00,Chanakyapuri,70.45,154.37,1.59,48.8,11.18
2026-02-18 10:00:00,Chanakyapuri,86.5,164.79,1.66,41.85,10.19
2026-02-18 11:00:00,Chanakyapuri,62.12,131.48,1.9,30.47,11.23
2026-02-18 12:00:00,Chanakyapuri,86.51,168.14,2.37,23.66,13.14
2026-02-18 13:00:00,Chanakyapuri,81.27,155.93,1.19,35.84,11.42
2026-02-18 14:00:00,Chanakyapuri,99.15,189.37,1.47,34.94,12.85
2026-02-18 15:00:00,Chanakyapuri,91.12,182.43,1.65,50.39,14.19
2026-02-18 16:00:00,Chanakyapuri,53.49,109.84,1.47,59.44,9.18
2026-02-18 17:00:00,Chanakyapuri,102.21,203.77,1.61,34.9,7.16
2026-02-18 18:00:00,Chanakyapuri,82.82,169.06,1.39,40.88,9.16
2026-02-18 19:00:00,Chanakyapuri,95.41,158.45,1.95,46.44,10.69
2026-02-18 20:00:00,Chanakyapuri,121.1,227.61,1.5,43.22,8.21
2026-02-18 21:00:00,Chanakyapuri,65.61,131.23,1.2,44.64,11.14
2026-02-18 22:00:00,Chanakyapuri,66.86,129.38,1.56,32.01,7.74
2026-02-18 23:00:00,Chanakyapuri,86.36,171.21,1.57,43.71,11.06
2026-02-19 00:00:00,Chanakyapuri,70.78,145.14,2.17,39.27,18.24
2026-02-19 01:00:00,Chanakyapuri,89.25,171.86,0.94,52.72,7.13
2026-02-19 02:00:00,Chanakyapuri,60.07,113.96,1.6,46.59,10.3
2026-02-19 03:00:00,Chanakyapuri,72.64,136.33,2.36,44.24,10.6
2026-02-19 04:00:00,Chanakyapuri,121.69,223.82,0.57,35.07,15.2
2026-02-19 05:00:00,Chanakyapuri,92.76,182.82,1.6,29.57,10.77
2026-02-19 06:00:00,Chanakyapuri,84.4,167.1,1.76,37.92,6.59
2026-02-19 07:00:00,Chanakyapuri,91.83,192.35,1.57,45.56,15.21
2026-02-19 08:00:00,Chanakyapuri,65.71,134.58,1.31,39.34,14.57
2026-02-19 09:00:00,Chanakyapuri,86.16,167.44,1.16,32.95,15.86
2026-02-19 10:00:00,Chanakyapuri,78.36,159.01,1.69,37.33,10.51
2026-02-19 11:00:00,Chanakyapuri,71.54,147.34,1.39,62.3,11.65
2026-02-19 12:00:00,Chanakyapuri,85.1,164.46,1.7,32.8,13.09
2026-02-19 13:00:00,Chanakyapuri,100.6,178.27,2.03,35.63,7.17
2026-02-19 14:00:00,Chanakyapuri,105.61,197.81,1.59,47.53,7.65
2026-02-19 15:00:00,Chanakyapuri,85.86,161.19,0.87,59.86,7.57
2026-02-19 16:00:00,Chanakyapuri,98.49,180.72,1.96,51.59,13.09
2026-02-19 17:00:00,Chanakyapuri,84.29,173.12,1.17,38.98,7.43
2026-02-19 18:00:00,Chanakyapuri,59.66,137.4,2.11,41.41,4.94
2026-02-19 19:00:00,Chanakyapuri,75.94,146.66,1.86,53.81,7.87
2026-02-19 20:00:00,Chanakyapuri,76.95,164.25,2.22,43.07,14.43
2026-02-19 21:00:00,Chanakyapuri,58.88,109.48,1.34,29.4,13.31
2026-02-19 22:00:00,Chanakyapuri,89.91,169.35,1.58,28.59,10.56
2026-02-19 23:00:00,Chanakyapuri,71.53,138.44,2.05,49.25,9.21
2026-02-20 00:00:00,Chanakyapuri,94.44,192.51,1.96,51.12,7.61
2026-02-20 01:00:00,Chanakyapuri,89.72,161.4,2.3,47.43,5.59
2026-02-20 02:00:00,Chanakyapuri,90.11,166.35,1.59,35.4,9.95
2026-02-20 03:00:00,Chanakyapuri,59.75,140.15,1.46,33.32,13.38
2026-02-20 04:00:00,Chanakyapuri,86.94,168.85,1.11,33.64,8.7
2026-02-20 05:00:00,Chanakyapuri,81.06,152.2,1.39,29.04,9.67
2026-02-20 06:00:00,Chanakyapuri,111.29,196.32,0.41,64.27,12.08
2026-02-20 07:00:00,Chanakyapuri,81.45,162.85,1.63,50.69,8.17
2026-02-20 08:00:00,Chanakyapuri,97.27,185.35,1.88,41.98,6.73
2026-02-20 09:00:00,Chanakyapuri,71.45,138.13,1.2,27.22,9.49
2026-02-20 10:00:00,Chanakyapuri,79.9,154.98,1.65,40.34,5.53
2026-02-20 11:00:00,Chanakyapuri,63.45,145.54,1.9,34.86,12.1
2026-02-20 12:00:00,Chanakyapuri,89.66,172.66,2.5,36.42,7.47
2026-02-20 13:00:00,Chanakyapuri,96.48,192.64,0.93,53.13,11.33
2026-02-20 14:00:00,Chanakyapuri,74.71,155.72,1.41,21.12,11.29
2026-02-20 15:00:00,Chanakyapuri,80.21,153.05,1.87,34.95,14.03
2026-02-20 16:00:00,Chanakyapuri,103.43,205.5,1.74,50.74,11.49
2026-02-20 17:00:00,Chanakyapuri,76.36,149.66,1.27,29.7,12.32
2026-02-20 18:00:00,Chanakyapuri,84.9,156.91,1.0,39.42,10.25
2026-02-20 19:00:00,Chanakyapuri,87.2,163.88,0.88,36.1,6.18
2026-02-20 20:00:00,Chanakyapuri,87.71,170.0,0.71,30.63,10.18
2026-02-20 21:00:00,Chanakyapuri,87.76,168.08,1.61,51.35,9.83
2026-02-20 22:00:00,Chanakyapuri,108.6,215.07,1.92,47.79,9.91
2026-02-20 23:00:00,Chanakyapuri,106.82,215.98,1.62,36.67,11.09
2026-02-21 00:00:00,Chanakyapuri,64.83,146.84,1.23,39.74,9.27
2026-02-21 01:00:00,Chanakyapuri,88.86,168.79,1.82,47.33,11.24
2026-02-21 02:00:00,Chanakyapuri,91.85,173.47,1.75,53.07,8.99
2026-02-21 03:00:00,Chanakyapuri,103.6,182.0,1.62,57.47,6.77
2026-02-21 04:00:00,Chanakyapuri,89.68,164.21,1.54,37.6,13.14
2026-02-21 05:00:00,Chanakyapuri,73.69,149.62,1.57,40.42,8.55
2026-02-21 06:00:00,Chanakyapuri,79.26,165.64,1.16,31.73,5.41
2026-02-21 07:00:00,Chanakyapuri,89.53,175.03,0.75,33.78,8.86
2026-02-21 08:00:00,Chanakyapuri,97.29,193.79,1.72,38.89,9.23
2026-02-21 09:00:00,Chanakyapuri,78.44,157.88,1.0,34.94,7.07
2026-02-21 10:00:00,Chanakyapuri,76.55,157.13,1.76,42.57,6.04
2026-02-21 11:00:00,Chanakyapuri,97.03,197.94,2.05,36.9,9.7
2026-02-21 12:00:00,Chanakyapuri,59.94,132.6,1.41,27.11,9.31
2026-02-21 13:00:00,Chanakyapuri,85.16,166.43,1.13,47.47,3.68
2026-02-21 14:00:00,Chanakyapuri,78.46,157.46,2.49,42.18,8.16
2026-02-21 15:00:00,Chanakyapuri,57.38,115.26,1.3,44.91,11.37
2026-02-21 16:00:00,Chanakyapuri,89.31,164.21,0.94,37.12,8.38
2026-02-21 17:00:00,Chanakyapuri,77.07,165.53,1.1,35.58,15.13
2026-02-21 18:00:00,Chanakyapuri,74.16,155.77,0.92,56.63,11.15
2026-02-21 19:00:00,Chanakyapuri,83.85,165.89,1.74,27.69,8.37
2026-02-21 20:00:00,Chanakyapuri,91.5,167.19,1.17,48.57,9.93
2026-02-21 21:00:00,Chanakyapuri,116.5,238.77,1.9,47.15,13.88
2026-02-21 22:00:00,Chanakyapuri,86.81,160.7,1.14,43.34,8.5
2026-02-21 23:00:00,Chanakyapuri,76.07,159.86,1.74,51.71,5.82
2026-02-22 00:00:00,Chanakyapuri,75.96,155.5,1.51,41.63,13.42
2026-02-22 01:00:00,Chanakyapuri,85.06,165.06,1.25,53.47,14.7
2026-02-22 02:00:00,Chanakyapuri,89.39,165.4,1.82,33.79,11.92
2026-02-22 03:00:00,Chanakyapuri,88.69,174.37,1.25,27.86,10.6
2026-02-22 04:00:00,Chanakyapuri,80.85,158.69,1.57,39.69,7.96
2026-02-22 05:00:00,Chanakyapuri,68.26,147.39,2.27,56.44,3.21
2026-02-22 06:00:00,Chanakyapuri,73.34,145.69,1.21,45.39,8.49
2026-02-22 07:00:00,Chanakyapuri,95.19,177.77,2.23,58.27,16.3
2026-02-22 08:00:00,Chanakyapuri,81.29,160.0,1.37,40.53,6.92
2026-02-22 09:00:00,Chanakyapuri,76.54,142.18,1.96,34.76,10.76
2026-02-22 10:00:00,Chanakyapuri,91.61,171.06,1.9,28.88,15.14
2026-02-22 11:00:00,Chanakyapuri,92.31,181.12,1.43,36.7,15.08
2026-02-22 12:00:00,Chanakyapuri,72.21,140.72,1.71,48.03,4.72
2026-02-22 13:00:00,Chanakyapuri,96.24,170.2,1.18,48.94,10.93
2026-02-22 14:00:00,Chanakyapuri,84.85,162.21,1.52,31.12,5.85
2026-02-22 15:00:00,Chanakyapuri,79.95,156.12,1.12,44.85,10.74
2026-02-22 16:00:00,Chanakyapuri,64.42,133.76,1.64,45.57,7.93
2026-02-22 17:00:00,Chanakyapuri,71.8,141.8,1.82,32.95,16.03
2026-02-22 18:00:00,Chanakyapuri,98.13,194.14,1.53,37.53,9.41
2026-02-22 19:00:00,Chanakyapuri,87.06,168.7,1.26,32.57,12.78
2026-02-22 20:00:00,Chanakyapuri,118.84,219.79,1.81,34.58,10.7
2026-02-22 21:00:00,Chanakyapuri,73.57,151.82,0.56,38.21,10.51
2026-02-22 22:00:00,Chanakyapuri,76.39,145.01,1.4,50.69,7.31
2026-02-22 23:00:00,Chanakyapuri,62.53,136.94,1.96,48.08,14.95
2026-02-23 00:00:00,Chanakyapuri,63.27,130.6,1.92,30.34,5.85
2026-02-23 01:00:00,Chanakyapuri,102.33,181.5,1.33,42.12,8.34
2026-02-23 02:00:00,Chanakyapuri,58.73,123.72,1.49,39.82,14.12
2026-02-23 03:00:00,Chanakyapuri,74.93,145.11,1.23,39.14,12.21
2026-02-23 04:00:00,Chanakyapuri,93.44,184.06,1.84,33.96,10.39
2026-02-23 05:00:00,Chanakyapuri,92.76,173.1,1.49,37.99,10.94
2026-02-23 06:00:00,Chanakyapuri,99.88,198.0,2.05,49.39,8.45
2026-02-23 07:00:00,Chanakyapuri,67.06,140.88,1.5,34.68,19.95
2026-02-23 08:00:00,Chanakyapuri,87.38,183.4,1.38,41.35,14.21
2026-02-23 09:00:00,Chanakyapuri,85.01,163.2,1.47,45.15,3.88
2026-02-23 10:00:00,Chanakyapuri,76.11,147.5,1.94,42.51,12.4
2026-02-23 11:00:00,Chanakyapuri,84.4,179.59,2.19,54.76,9.57
2026-02-23 12:00:00,Chanakyapuri,98.21,186.15,1.87,56.99,9.25
2026-02-23 13:00:00,Chanakyapuri,82.66,168.42,1.64,17.95,8.89
2026-02-23 14:00:00,Chanakyapuri,88.81,157.85,1.33,30.77,9.61
2026-02-23 15:00:00,Chanakyapuri,70.87,155.78,1.24,36.1,12.9
2026-02-23 16:00:00,Chanakyapuri,82.63,163.54,1.28,30.72,8.68
2026-02-23 17:00:00,Chanakyapuri,106.5,195.73,1.7,41.61,5.48
2026-02-23 18:00:00,Chanakyapuri,73.06,151.43,1.52,36.96,5.51
2026-02-23 19:00:00,Chanakyapuri,101.07,185.27,1.78,36.55,17.12
2026-02-23 20:00:00,Chanakyapuri,81.26,155.48,2.01,52.68,10.55
2026-02-23 21:00:00,Chanakyapuri,125.46,249.37,0.58,32.77,12.37
2026-02-23 22:00:00,Chanakyapuri,91.26,176.01,1.52,46.31,8.28
2026-02-23 23:00:00,Chanakyapuri,82.59,160.93,1.84,48.34,11.49
2026-02-24 00:00:00,Chanakyapuri,82.72,165.35,1.87,30.91,4.44
2026-02-24 01:00:00,Chanakyapuri,76.23,153.87,1.22,39.45,9.75
2026-02-24 02:00:00,Chanakyapuri,97.51,201.99,1.46,44.63,9.48
2026-02-24 03:00:00,Chanakyapuri,79.89,150.23,1.61,39.33,9.83
2026-02-24 04:00:00,Chanakyapuri,88.33,172.21,1.27,33.52,12.28
2026-02-24 05:00:00,Chanakyapuri,74.58,138.58,2.37,42.6,7.51
2026-02-24 06:00:00,Chanakyapuri,92.98,176.87,2.09,37.75,11.28
2026-02-24 07:00:00,Chanakyapuri,73.43,144.12,1.66,42.14,19.22
2026-02-24 08:00:00,Chanakyapuri,94.41,179.42,1.08,43.23,13.09
2026-02-24 09:00:00,Chanakyapuri,86.08,164.29,0.84,44.08,7.98
2026-02-24 10:00:00,Chanakyapuri,73.17,142.92,1.57,45.62,14.54
2026-02-24 11:00:00,Chanakyapuri,64.55,132.04,1.45,35.62,14.59
2026-02-24 12:00:00,Chanakyapuri,75.52,145.28,0.96,41.79,8.84
2026-02-24 13:00:00,Chanakyapuri,95.64,181.51,1.53,37.49,7.45
2026-02-24 14:00:00,Chanakyapuri,83.88,167.93,2.41,50.36,8.65
2026-02-24 15:00:00,Chanakyapuri,100.58,172.27,1.77,41.49,8.08
2026-02-24 16:00:00,Chanakyapuri,77.58,152.05,1.77,53.25,11.27
2026-02-24 17:00:00,Chanakyapuri,81.5,162.74,2.06,43.94,10.02
2026-02-24 18:00:00,Chanakyapuri,79.68,159.63,1.14,48.56,4.26
2026-02-24 19:00:00,Chanakyapuri,79.83,160.72,1.58,53.68,8.39
2026-02-24 20:00:00,Chanakyapuri,102.09,203.72,1.92,49.46,9.24
2026-02-24 21:00:00,Chanakyapuri,79.22,163.49,1.39,37.18,6.57
2026-02-24 22:00:00,Chanakyapuri,90.08,164.2,1.66,42.92,9.04
2026-02-24 23:00:00,Chanakyapuri,79.75,153.91,1.45,40.1,10.65
2026-02-25 00:00:00,Chanakyapuri,74.84,140.56,1.65,36.07,6.62
2026-02-25 01:00:00,Chanakyapuri,80.68,155.46,1.26,47.88,9.55
2026-02-25 02:00:00,Chanakyapuri,106.03,186.09,1.83,62.78,7.08
2026-02-25 03:00:00,Chanakyapuri,69.24,139.69,1.18,34.57,12.08
2026-02-25 04:00:00,Chanakyapuri,88.87,182.56,1.05,30.2,9.05
2026-02-25 05:00:00,Chanakyapuri,105.21,202.04,1.28,56.05,11.26
2026-02-25 06:00:00,Chanakyapuri,86.41,156.49,1.5,36.43,10.82
2026-02-25 07:00:00,Chanakyapuri,105.36,192.78,1.28,42.71,12.83
2026-02-25 08:00:00,Chanakyapuri,100.13,192.88,1.48,25.93,12.9
2026-02-25 09:00:00,Chanakyapuri,90.65,167.83,1.49,48.17,10.16
2026-02-25 10:00:00,Chanakyapuri,78.92,167.12,1.71,53.39,5.94
2026-02-25 11:00:00,Chanakyapuri,90.64,178.32,1.47,56.24,5.21
2026-02-25 12:00:00,Chanakyapuri,98.58,192.38,1.62,32.15,7.92
2026-02-25 13:00:00,Chanakyapuri,109.5,204.47,1.76,40.63,8.14
2026-02-25 14:00:00,Chanakyapuri,80.58,155.32,0.9,35.89,13.58
2026-02-25 15:00:00,Chanakyapuri,100.71,185.78,1.24,31.19,7.63
2026-02-25 16:00:00,Chanakyapuri,87.41,171.32,1.27,35.89,6.83
2026-02-25 17:00:00,Chanakyapuri,101.79,180.88,1.27,53.9,11.36
2026-02-25 18:00:00,Chanakyapuri,92.5,188.15,1.4,45.76,10.04
2026-02-25 19:00:00,Chanakyapuri,98.29,188.8,1.92,32.12,16.08
2026-02-25 20:00:00,Chanakyapuri,62.56,126.76,1.4,35.14,11.02
2026-02-25 21:00:00,Chanakyapuri,60.66,121.82,1.57,29.19,11.72
2026-02-25 22:00:00,Chanakyapuri,104.64,200.55,1.65,46.71,6.96
2026-02-25 23:00:00,Chanakyapuri,86.56,178.2,0.51,37.49,5.99
2026-02-26 00:00:00,Chanakyapuri,78.6,156.07,1.91,35.76,5.77
2026-02-26 01:00:00,Chanakyapuri,126.36,241.15,1.36,52.66,15.43
2026-02-26 02:00:00,Chanakyapuri,64.15,129.77,1.96,50.64,9.88
2026-02-26 03:00:00,Chanakyapuri,86.27,169.48,1.63,42.66,13.52
2026-02-26 04:00:00,Chanakyapuri,66.1,147.43,1.36,38.83,12.22
2026-02-26 05:00:00,Chanakyapuri,86.49,176.14,1.39,43.61,7.86
2026-02-26 06:00:00,Chanakyapuri,92.26,188.04,1.72,32.83,6.32
2026-02-26 07:00:00,Chanakyapuri,76.03,149.88,1.63,16.84,4.71
2026-02-26 08:00:00,Chanakyapuri,71.82,141.65,1.29,37.49,14.28
2026-02-26 09:00:00,Chanakyapuri,81.01,170.71,1.12,39.64,5.74
2026-02-26 10:00:00,Chanakyapuri,72.21,139.57,1.43,33.19,5.96
2026-02-26 11:00:00,Chanakyapuri,61.75,120.03,1.86,44.44,11.59
2026-02-26 12:00:00,Chanakyapuri,83.34,166.19,1.96,39.35,13.92
2026-02-26 13:00:00,Chanakyapuri,86.86,168.73,2.09,29.24,7.45
2026-02-26 14:00:00,Chanakyapuri,68.78,135.32,2.41,26.98,5.76
2026-02-26 15:00:00,Chanakyapuri,92.14,185.15,1.18,33.35,6.2
2026-02-26 16:00:00,Chanakyapuri,80.01,138.38,1.44,38.95,10.11
2026-02-26 17:00:00,Chanakyapuri,84.68,164.41,1.75,43.99,9.3
2026-02-26 18:00:00,Chanakyapuri,99.35,183.02,1.13,38.9,10.23
2026-02-26 19:00:00,Chanakyapuri,77.83,157.4,1.89,44.52,11.23
2026-02-26 20:00:00,Chanakyapuri,89.52,175.36,1.04,42.05,12.94
2026-02-26 21:00:00,Chanakyapuri,79.27,158.57,1.15,32.95,11.32
2026-02-26 22:00:00,Chanakyapuri,94.04,188.64,1.31,51.37,11.63
2026-02-26 23:00:00,Chanakyapuri,64.41,139.05,1.27,43.81,10.85
2026-02-27 00:00:00,Chanakyapuri,57.64,110.87,1.5,44.87,5.9
2026-02-27 01:00:00,Chanakyapuri,87.23,174.09,1.62,33.26,12.28
2026-02-27 02:00:00,Chanakyapuri,113.13,213.22,1.35,22.67,7.73
2026-02-27 03:00:00,Chanakyapuri,105.21,206.39,1.01,39.06,12.24
2026-02-27 04:00:00,Chanakyapuri,67.39,151.23,1.52,48.67,10.9
2026-02-27 05:00:00,Chanakyapuri,68.66,153.75,1.55,46.46,12.21
2026-02-27 06:00:00,Chanakyapuri,83.79,164.71,1.7,24.74,13.77
2026-02-27 07:00:00,Chanakyapuri,83.78,166.32,1.18,42.29,8.09
2026-02-27 08:00:00,Chanakyapuri,71.13,165.13,1.97,61.12,6.07
2026-02-27 09:00:00,Chanakyapuri,81.77,165.54,1.92,64.21,10.72
2026-02-27 10:00:00,Chanakyapuri,75.69,149.26,1.25,54.36,12.51
2026-02-27 11:00:00,Chanakyapuri,72.83,144.14,1.7,42.27,11.99
2026-02-27 12:00:00,Chanakyapuri,93.29,183.15,1.83,33.18,10.45
2026-02-27 13:00:00,Chanakyapuri,63.15,125.18,1.47,22.23,11.43
2026-02-27 14:00:00,Chanakyapuri,81.8,157.66,1.71,38.8,6.9
2026-02-27 15:00:00,Chanakyapuri,78.29,158.59,1.35,35.46,6.63
2026-02-27 16:00:00,Chanakyapuri,91.21,172.95,1.46,46.87,9.16
2026-02-27 17:00:00,Chanakyapuri,86.12,160.57,1.62,49.4,9.86
2026-02-27 18:00:00,Chanakyapuri,107.33,205.05,1.6,61.09,10.77
2026-02-27 19:00:00,Chanakyapuri,89.11,156.33,2.02,45.58,9.91
2026-02-27 20:00:00,Chanakyapuri,73.11,155.94,1.48,41.84,10.97
2026-02-27 21:00:00,Chanakyapuri,85.71,176.34,1.84,36.08,12.27
2026-02-27 22:00:00,Chanakyapuri,104.75,207.73,1.48,37.1,10.18
2026-02-27 23:00:00,Chanakyapuri,82.95,156.22,1.15,48.19,10.29
2026-02-28 00:00:00,Chanakyapuri,85.64,152.2,1.61,27.44,8.43
2026-02-28 01:00:00,Chanakyapuri,117.06,220.12,1.13,39.73,8.02
2026-02-28 02:00:00,Chanakyapuri,73.44,136.75,1.98,36.05,10.45
2026-02-28 03:00:00,Chanakyapuri,87.62,177.0,2.12,43.11,12.19
2026-02-28 04:00:00,Chanakyapuri,94.6,177.77,1.47,41.22,4.52
2026-02-28 05:00:00,Chanakyapuri,78.85,147.27,1.71,31.44,9.06
2026-02-28 06:00:00,Chanakyapuri,92.8,175.56,2.61,34.02,11.57
2026-02-28 07:00:00,Chanakyapuri,76.26,153.58,1.63,41.79,7.58
2026-02-28 08:00:00,Chanakyapuri,93.89,187.56,2.02,48.09,8.54
2026-02-28 09:00:00,Chanakyapuri,83.16,172.25,2.08,57.23,14.1
2026-02-28 10:00:00,Chanakyapuri,84.93,166.84,1.64,26.56,9.65
2026-02-28 11:00:00,Chanakyapuri,97.5,183.27,1.81,36.54,9.42
2026-02-28 12:00:00,Chanakyapuri,107.96,202.24,1.79,46.06,17.45
2026-02-28 13:00:00,Chanakyapuri,87.79,171.09,0.73,44.36,10.17
2026-02-28 14:00:00,Chanakyapuri,78.39,164.63,0.16,38.61,11.33
2026-02-28 15:00:00,Chanakyapuri,94.04,174.55,1.25,48.45,11.56
2026-02-28 16:00:00,Chanakyapuri,73.79,145.68,2.11,37.25,11.37
2026-02-28 17:00:00,Chanakyapuri,90.65,176.6,1.72,35.41,17.57
2026-02-28 18:00:00,Chanakyapuri,79.5,170.84,1.34,29.76,10.04
2026-02-28 19:00:00,Chanakyapuri,58.09,122.04,1.28,59.87,12.3
2026-02-28 20:00:00,Chanakyapuri,89.01,162.83,1.64,53.09,11.7
2026-02-28 21:00:00,Chanakyapuri,70.9,138.7,1.15,28.27,10.16
2026-02-28 22:00:00,Chanakyapuri,87.11,171.4,0.53,44.54,12.39
2026-02-28 23:00:00,Chanakyapuri,100.76,187.06,1.72,27.42,15.83
2026-03-01 00:00:00,Chanakyapuri,65.45,132.69,1.73,46.93,7.11
2026-03-01 01:00:00,Chanakyapuri,95.93,195.19,1.7,31.61,11.37
2026-03-01 02:00:00,Chanakyapuri,119.16,225.7,1.17,42.91,9.91
2026-03-01 03:00:00,Chanakyapuri,111.13,210.04,1.72,41.75,12.81
2026-03-01 04:00:00,Chanakyapuri,74.13,148.84,1.55,28.35,7.87
2026-03-01 05:00:00,Chanakyapuri,84.54,175.8,1.51,49.73,9.21
2026-03-01 06:00:00,Chanakyapuri,68.44,132.35,1.7,30.12,8.79
2026-03-01 07:00:00,Chanakyapuri,118.54,225.84,1.92,39.05,8.45
2026-03-01 08:00:00,Chanakyapuri,49.84,109.81,1.3,51.38,15.54
2026-03-01 09:00:00,Chanakyapuri,87.68,166.43,1.29,26.46,1.45
2026-03-01 10:00:00,Chanakyapuri,99.78,178.64,1.84,41.46,9.61
2026-03-01 11:00:00,Chanakyapuri,114.51,202.8,1.3,30.78,7.39
2026-03-01 12:00:00,Chanakyapuri,83.89,165.64,1.53,58.88,5.57
2026-03-01 13:00:00,Chanakyapuri,64.96,131.95,1.37,34.04,11.99
2026-03-01 14:00:00,Chanakyapuri,101.95,198.35,1.42,44.08,9.55
2026-03-01 15:00:00,Chanakyapuri,99.21,184.39,1.43,43.64,14.25
2026-03-01 16:00:00,Chanakyapuri,92.49,179.52,0.57,31.55,6.1
2026-03-01 17:00:00,Chanakyapuri,81.77,163.21,1.43,46.97,8.6
2026-03-01 18:00:00,Chanakyapuri,89.46,181.22,1.9,35.13,15.57
2026-03-01 19:00:00,Chanakyapuri,85.71,167.95,2.05,31.64,12.93
2026-03-01 20:00:00,Chanakyapuri,85.12,154.1,1.54,45.92,8.33
2026-03-01 21:00:00,Chanakyapuri,80.52,154.7,0.92,53.02,14.8
2026-03-01 22:00:00,Chanakyapuri,83.47,152.93,1.66,27.86,8.78
2026-03-01 23:00:00,Chanakyapuri,94.43,188.3,2.12,41.71,6.3
2026-03-02 00:00:00,Chanakyapuri,78.68,167.06,1.46,47.3,12.43
2026-03-02 01:00:00,Chanakyapuri,63.14,131.82,1.89,31.18,15.72
2026-03-02 02:00:00,Chanakyapuri,103.22,192.58,1.7,42.37,10.94
2026-03-02 03:00:00,Chanakyapuri,105.9,193.45,1.69,34.14,8.0
2026-03-02 04:00:00,Chanakyapuri,79.91,144.39,1.09,46.17,7.09
2026-03-02 05:00:00,Chanakyapuri,96.03,181.53,2.05,30.03,5.53
2026-03-02 06:00:00,Chanakyapuri,95.05,173.25,1.41,34.69,3.49
2026-03-02 07:00:00,Chanakyapuri,66.8,120.64,1.45,44.12,8.15
2026-03-02 08:00:00,Chanakyapuri,92.95,175.78,1.49,35.13,4.81
2026-03-02 09:00:00,Chanakyapuri,93.64,179.37,2.01,37.52,9.68
2026-03-02 10:00:00,Chanakyapuri,78.9,160.04,1.35,42.39,12.13
2026-03-02 11:00:00,Chanakyapuri,69.41,153.14,1.11,43.79,11.93
2026-03-02 12:00:00,Chanakyapuri,100.38,196.56,1.54,20.91,13.26
2026-03-02 13:00:00,Chanakyapuri,90.68,169.86,1.31,42.63,9.57
2026-03-02 14:00:00,Chanakyapuri,64.68,142.58,1.29,41.59,8.45
2026-03-02 15:00:00,Chanakyapuri,94.55,180.45,1.71,66.53,14.62
2026-03-02 16:00:00,Chanakyapuri,98.27,180.69,1.49,23.19,9.61
2026-03-02 17:00:00,Chanakyapuri,59.22,128.28,0.91,34.54,7.9
2026-03-02 18:00:00,Chanakyapuri,112.0,206.11,1.52,51.1,5.68
2026-03-02 19:00:00,Chanakyapuri,118.84,214.37,0.81,49.08,6.64
2026-03-02 20:00:00,Chanakyapuri,86.32,179.59,2.02,44.38,5.64
2026-03-02 21:00:00,Chanakyapuri,101.23,186.56,1.69,33.28,9.51
2026-03-02 22:00:00,Chanakyapuri,74.97,149.11,1.73,36.86,4.77
2026-03-02 23:00:00,Chanakyapuri,102.12,201.47,1.36,42.11,10.92
2026-03-03 00:00:00,Chanakyapuri,86.27,176.97,1.33,31.54,8.28
2026-03-03 01:00:00,Chanakyapuri,78.84,156.42,1.65,38.4,11.74
2026-03-03 02:00:00,Chanakyapuri,96.53,190.16,1.17,35.85,6.57
2026-03-03 03:00:00,Chanakyapuri,91.82,181.62,1.97,52.75,10.51
2026-03-03 04:00:00,Chanakyapuri,57.78,127.61,2.55,23.06,7.95
2026-03-03 05:00:00,Chanakyapuri,83.02,158.22,1.68,45.1,13.29
2026-03-03 06:00:00,Chanakyapuri,83.17,176.35,1.82,41.46,9.11
2026-03-03 07:00:00,Chanakyapuri,89.47,160.58,1.8,48.86,9.77
2026-03-03 08:00:00,Chanakyapuri,79.67,164.49,1.85,42.23,5.48
2026-03-03 09:00:00,Chanakyapuri,99.05,188.61,1.07,35.68,16.0
2026-03-03 10:00:00,Chanakyapuri,79.11,163.14,1.84,38.33,8.41
2026-03-03 11:00:00,Chanakyapuri,71.48,143.51,1.23,23.81,10.57
2026-03-03 12:00:00,Chanakyapuri,82.32,164.95,1.4,33.04,16.65
2026-03-03 13:00:00,Chanakyapuri,79.75,149.51,2.07,26.31,9.86
2026-03-03 14:00:00,Chanakyapuri,76.05,164.95,1.51,44.7,9.48
2026-03-03 15:00:00,Chanakyapuri,64.12,145.25,1.71,36.56,11.88
2026-03-03 16:00:00,Chanakyapuri,77.21,148.8,1.49,35.56,11.6
2026-03-03 17:00:00,Chanakyapuri,97.84,177.08,1.2,42.7,9.2
2026-03-03 18:00:00,Chanakyapuri,76.46,161.79,1.83,36.44,7.64
2026-03-03 19:00:00,Chanakyapuri,78.73,147.64,1.21,41.46,13.53
2026-03-03 20:00:00,Chanakyapuri,76.75,154.11,1.59,38.03,11.68
2026-03-03 21:00:00,Chanakyapuri,86.82,172.15,1.33,41.96,15.56
2026-03-03 22:00:00,Chanakyapuri,67.57,128.2,2.32,45.16,10.57
2026-03-03 23:00:00,Chanakyapuri,72.17,143.18,0.97,33.45,9.53
2026-03-04 00:00:00,Chanakyapuri,74.08,147.15,1.36,40.82,10.55
2026-03-04 01:00:00,Chanakyapuri,81.47,145.3,1.93,23.14,16.34
2026-03-04 02:00:00,Chanakyapuri,66.49,127.65,2.13,35.93,3.35
2026-03-04 03:00:00,Chanakyapuri,57.68,118.11,1.24,27.82,14.0
2026-03-04 04:00:00,Chanakyapuri,87.91,172.8,1.55,49.34,10.17
2026-03-04 05:00:00,Chanakyapuri,67.46,126.08,1.23,53.87,12.05
2026-03-04 06:00:00,Chanakyapuri,65.36,123.78,2.11,36.65,10.41
2026-03-04 07:00:00,Chanakyapuri,114.43,217.3,1.72,46.1,13.69
2026-03-04 08:00:00,Chanakyapuri,65.59,139.1,1.29,18.18,12.69
2026-03-04 09:00:00,Chanakyapuri,73.82,155.23,1.61,38.52,16.47
2026-03-04 10:00:00,Chanakyapuri,100.63,174.46,0.72,28.95,12.15
2026-03-04 11:00:00,Chanakyapuri,110.72,209.1,1.85,29.33,10.91
2026-03-04 12:00:00,Chanakyapuri,91.12,167.86,1.58,35.86,4.12
2026-03-04 13:00:00,Chanakyapuri,95.8,191.82,1.84,40.38,10.31
2026-03-04 14:00:00,Chanakyapuri,77.57,150.13,1.06,36.61,11.38
2026-03-04 15:00:00,Chanakyapuri,72.15,152.92,1.61,43.55,7.78
2026-03-04 16:00:00,Chanakyapuri,80.21,153.45,1.54,25.21,7.04
2026-03-04 17:00:00,Chanakyapuri,83.79,157.99,1.45,35.69,11.09
2026-03-04 18:00:00,Chanakyapuri,66.01,119.88,1.26,47.18,9.29
2026-03-04 19:00:00,Chanakyapuri,62.37,140.37,1.44,51.07,9.67
2026-03-04 20:00:00,Chanakyapuri,71.95,131.84,0.86,54.03,12.39
2026-03-04 21:00:00,Chanakyapuri,115.34,206.96,1.71,28.47,2.89
2026-03-04 22:00:00,Chanakyapuri,71.63,136.76,1.7,35.3,7.58
2026-03-04 23:00:00,Chanakyapuri,76.31,153.61,1.57,49.83,6.35
2026-03-05 00:00:00,Chanakyapuri,93.47,170.79,1.71,11.94,7.9
2026-03-05 01:00:00,Chanakyapuri,83.2,182.14,1.99,41.63,8.16
2026-03-05 02:00:00,Chanakyapuri,84.1,166.22,1.99,40.19,10.46
2026-03-05 03:00:00,Chanakyapuri,104.47,201.06,1.96,49.54,6.93
2026-03-05 04:00:00,Chanakyapuri,71.45,144.9,1.5,17.77,13.09
2026-03-05 05:00:00,Chanakyapuri,78.92,157.63,1.65,13.12,7.8
2026-03-05 06:00:00,Chanakyapuri,77.8,158.34,2.59,33.3,11.19
2026-03-05 07:00:00,Chanakyapuri,30.92,79.24,0.92,44.18,9.07
2026-03-05 08:00:00,Chanakyapuri,86.79,180.68,1.48,36.63,13.94
2026-03-05 09:00:00,Chanakyapuri,101.08,193.08,1.72,39.65,12.64
2026-03-05 10:00:00,Chanakyapuri,90.54,179.11,1.71,40.71,6.89
2026-03-05 11:00:00,Chanakyapuri,91.1,181.84,1.77,54.97,6.48
2026-03-05 12:00:00,Chanakyapuri,76.6,146.92,1.5,40.23,10.03
2026-03-05 13:00:00,Chanakyapuri,84.09,174.4,2.09,41.3,13.55
2026-03-05 14:00:00,Chanakyapuri,93.8,173.29,1.53,38.45,12.74
2026-03-05 15:00:00,Chanakyapuri,96.13,179.95,1.99,48.28,10.02
2026-03-05 16:00:00,Chanakyapuri,113.4,207.75,1.0,46.97,11.1
2026-03-05 17:00:00,Chanakyapuri,108.16,219.87,1.75,27.46,12.63
2026-03-05 18:00:00,Chanakyapuri,100.75,195.68,2.03,55.23,5.76
2026-03-05 19:00:00,Chanakyapuri,66.69,138.73,1.09,37.71,10.55
2026-03-05 20:00:00,Chanakyapuri,80.87,169.89,0.69,42.73,8.06
2026-03-05 21:00:00,Chanakyapuri,78.73,141.38,1.6,38.87,7.12
2026-03-05 22:00:00,Chanakyapuri,62.58,125.41,1.34,29.52,9.24
2026-03-05 23:00:00,Chanakyapuri,61.25,132.91,1.09,28.87,10.86
2026-03-06 00:00:00,Chanakyapuri,81.96,171.27,2.08,57.34,10.19
2026-03-06 01:00:00,Chanakyapuri,99.34,181.0,0.92,39.56,9.15
2026-03-06 02:00:00,Chanakyapuri,59.24,129.34,1.34,32.4,10.25
2026-03-06 03:00:00,Chanakyapuri,98.91,182.71,1.47,50.34,9.2
2026-03-06 04:00:00,Chanakyapuri,72.99,154.28,1.78,37.91,12.62
2026-03-06 05:00:00,Chanakyapuri,98.02,186.24,1.99,39.53,13.7
2026-03-06 06:00:00,Chanakyapuri,94.0,184.47,1.11,42.66,15.93
2026-03-06 07:00:00,Chanakyapuri,80.6,169.7,2.02,36.85,11.82
2026-03-06 08:00:00,Chanakyapuri,64.69,114.12,1.68,43.43,10.41
2026-03-06 09:00:00,Chanakyapuri,95.14,175.52,1.44,53.94,17.38
2026-03-06 10:00:00,Chanakyapuri,60.98,129.94,1.78,16.89,8.67
2026-03-06 11:00:00,Chanakyapuri,76.5,148.04,2.0,39.05,13.93
2026-03-06 12:00:00,Chanakyapuri,107.44,205.57,1.02,33.19,11.12
2026-03-06 13:00:00,Chanakyapuri,63.71,138.5,1.18,25.18,7.4
2026-03-06 14:00:00,Chanakyapuri,114.08,202.65,1.09,25.48,5.06
2026-03-06 15:00:00,Chanakyapuri,50.79,112.41,0.93,47.86,7.36
2026-03-06 16:00:00,Chanakyapuri,58.38,129.3,2.05,36.18,11.3
2026-03-06 17:00:00,Chanakyapuri,97.73,184.28,2.65,42.6,15.3
2026-03-06 18:00:00,Chanakyapuri,77.54,145.07,1.46,36.46,10.83
2026-03-06 19:00:00,Chanakyapuri,94.32,185.12,1.18,49.94,12.68
2026-03-06 20:00:00,Chanakyapuri,79.05,148.99,2.04,57.57,6.34
2026-03-06 21:00:00,Chanakyapuri,90.51,173.33,1.3,26.71,9.7
2026-03-06 22:00:00,Chanakyapuri,80.72,156.19,1.28,26.21,10.1
2026-03-06 23:00:00,Chanakyapuri,103.13,202.05,1.24,57.26,14.8
2026-03-07 00:00:00,Chanakyapuri,75.26,144.66,1.46,40.04,12.53
2026-03-07 01:00:00,Chanakyapuri,70.11,123.19,1.43,40.21,4.93
2026-03-07 02:00:00,Chanakyapuri,118.93,229.35,1.14,54.15,7.99
2026-03-07 03:00:00,Chanakyapuri,83.99,170.33,1.89,46.28,10.02
2026-03-07 04:00:00,Chanakyapuri,76.69,148.75,2.24,45.05,12.31
2026-03-07 05:00:00,Chanakyapuri,122.58,227.03,0.63,31.05,11.14
2026-03-07 06:00:00,Chanakyapuri,90.27,181.77,2.29,47.82,11.68
2026-03-07 07:00:00,Chanakyapuri,78.51,150.44,1.14,28.54,10.02
2026-03-07 08:00:00,Chanakyapuri,85.38,157.48,1.56,48.56,8.14
2026-03-07 09:00:00,Chanakyapuri,93.62,191.92,1.37,18.92,19.37
2026-03-07 10:00:00,Chanakyapuri,94.25,177.42,1.54,38.28,13.99
2026-03-07 11:00:00,Chanakyapuri,103.72,196.71,1.52,32.7,8.33
2026-03-07 12:00:00,Chanakyapuri,70.92,142.36,0.99,16.9,8.56
2026-03-07 13:00:00,Chanakyapuri,90.67,177.6,1.86,56.47,14.48
2026-03-07 14:00:00,Chanakyapuri,96.43,180.08,0.73,43.15,8.66
2026-03-07 15:00:00,Chanakyapuri,81.77,147.37,1.89,51.87,13.77
2026-03-07 16:00:00,Chanakyapuri,90.32,181.07,1.59,21.51,9.62
2026-03-07 17:00:00,Chanakyapuri,75.19,154.56,1.48,43.4,5.81
2026-03-07 18:00:00,Chanakyapuri,101.88,179.0,1.1,36.62,13.42
2026-03-07 19:00:00,Chanakyapuri,89.76,179.56,1.86,39.38,10.15
2026-03-07 20:00:00,Chanakyapuri,84.4,159.59,1.04,58.11,11.08
2026-03-07 21:00:00,Chanakyapuri,114.79,206.87,0.66,39.58,16.75
2026-03-07 22:00:00,Chanakyapuri,82.67,162.28,1.3,30.45,10.15
2026-03-07 23:00:00,Chanakyapuri,95.84,190.5,1.45,42.32,16.22
2026-03-08 00:00:00,Chanakyapuri,88.22,170.25,1.2,37.97,13.33
2026-03-08 01:00:00,Chanakyapuri,99.71,191.14,1.94,37.21,11.02
2026-03-08 02:00:00,Chanakyapuri,81.26,163.64,1.59,58.91,7.88
2026-03-08 03:00:00,Chanakyapuri,109.79,195.76,1.96,47.82,10.11
2026-03-08 04:00:00,Chanakyapuri,88.12,177.2,1.9,34.98,3.47
2026-03-08 05:00:00,Chanakyapuri,104.12,184.37,1.09,28.55,11.86
2026-03-08 06:00:00,Chanakyapuri,84.33,159.31,1.17,42.91,11.19
2026-03-08 07:00:00,Chanakyapuri,82.93,161.9,1.45,34.45,8.32
2026-03-08 08:00:00,Chanakyapuri,45.39,96.0,1.84,52.6,5.35
2026-03-08 09:00:00,Chanakyapuri,88.65,171.12,1.61,40.1,9.02
2026-03-08 10:00:00,Chanakyapuri,78.31,166.58,1.23,33.52,13.62
2026-03-08 11:00:00,Chanakyapuri,59.5,131.3,2.07,44.7,8.82
2026-03-08 12:00:00,Chanakyapuri,88.83,164.01,1.08,35.37,7.56
2026-03-08 13:00:00,Chanakyapuri,82.12,168.27,1.32,44.58,11.37
2026-03-08 14:00:00,Chanakyapuri,67.6,144.13,1.21,48.14,6.6
2026-03-08 15:00:00,Chanakyapuri,93.38,172.57,2.01,40.07,8.4
2026-03-08 16:00:00,Chanakyapuri,80.27,157.58,1.32,49.6,8.63
2026-03-08 17:00:00,Chanakyapuri,81.01,152.53,1.1,42.82,10.25
2026-03-08 18:00:00,Chanakyapuri,105.38,188.93,1.46,48.08,4.2
2026-03-08 19:00:00,Chanakyapuri,69.65,120.6,1.32,30.14,5.31
2026-03-08 20:00:00,Chanakyapuri,30.04,66.68,1.82,44.55,12.36
2026-03-08 21:00:00,Chanakyapuri,82.48,153.14,1.59,30.14,12.83
2026-03-08 22:00:00,Chanakyapuri,70.03,138.63,1.27,33.79,8.89
2026-03-08 23:00:00,Chanakyapuri,94.07,182.01,1.28,40.83,9.99
2026-03-09 00:00:00,Chanakyapuri,93.43,179.32,1.51,43.76,11.3
2026-03-09 01:00:00,Chanakyapuri,66.01,141.49,1.79,32.66,9.36
2026-03-09 02:00:00,Chanakyapuri,92.66,164.79,1.72,42.1,10.03
2026-03-09 03:00:00,Chanakyapuri,84.48,150.54,1.11,50.57,11.95
2026-03-09 04:00:00,Chanakyapuri,114.86,208.87,1.47,33.66,5.97
2026-03-09 05:00:00,Chanakyapuri,81.4,157.1,2.33,45.27,9.03
2026-03-09 06:00:00,Chanakyapuri,94.26,182.61,0.78,40.05,9.92
2026-03-09 07:00:00,Chanakyapuri,73.4,156.29,0.92,44.76,6.27
2026-03-09 08:00:00,Chanakyapuri,74.94,146.82,1.45,45.32,7.67
2026-03-09 09:00:00,Chanakyapuri,85.92,165.7,1.61,43.77,10.8
2026-03-09 10:00:00,Chanakyapuri,94.79,184.96,1.76,32.98,10.29
2026-03-09 11:00:00,Chanakyapuri,111.96,200.65,1.38,48.19,14.19
2026-03-09 12:00:00,Chanakyapuri,92.72,170.25,1.0,48.61,15.53
2026-03-09 13:00:00,Chanakyapuri,76.22,150.61,1.45,52.76,13.46
2026-03-09 14:00:00,Chanakyapuri,72.1,149.27,2.09,38.72,7.32
2026-03-09 15:00:00,Chanakyapuri,94.48,185.13,1.2,36.8,15.06
2026-03-09 16:00:00,Chanakyapuri,83.28,174.77,0.64,38.98,6.12
2026-03-09 17:00:00,Chanakyapuri,87.73,175.78,1.93,43.55,11.2
2026-03-09 18:00:00,Chanakyapuri,85.94,171.0,2.06,45.42,7.78
2026-03-09 19:00:00,Chanakyapuri,72.44,140.0,1.51,62.34,9.37
2026-03-09 20:00:00,Chanakyapuri,87.85,170.86,1.92,31.12,7.48
2026-03-09 21:00:00,Chanakyapuri,72.43,127.16,2.11,38.31,13.56
2026-03-09 22:00:00,Chanakyapuri,96.2,182.73,1.53,33.69,8.87
2026-03-09 23:00:00,Chanakyapuri,94.66,175.31,0.98,33.02,13.77
2026-03-10 00:00:00,Chanakyapuri,88.27,160.12,1.31,39.08,7.53
2026-03-10 01:00:00,Chanakyapuri,57.57,118.78,1.08,46.47,12.38
2026-03-10 02:00:00,Chanakyapuri,92.71,180.54,2.14,38.69,6.63
2026-03-10 03:00:00,Chanakyapuri,83.87,160.4,0.58,22.4,5.82
2026-03-10 04:00:00,Chanakyapuri,108.28,197.77,1.99,54.01,2.59
2026-03-10 05:00:00,Chanakyapuri,95.67,183.62,1.29,30.07,6.96
2026-03-10 06:00:00,Chanakyapuri,95.86,169.72,1.68,46.33,9.86
2026-03-10 07:00:00,Chanakyapuri,90.35,173.55,1.87,31.37,8.75
2026-03-10 08:00:00,Chanakyapuri,67.86,139.0,1.82,34.29,13.05
2026-03-10 09:00:00,Chanakyapuri,73.54,140.63,1.77,37.02,6.11
2026-03-10 10:00:00,Chanakyapuri,98.3,190.61,2.51,33.57,6.43
2026-03-10 11:00:00,Chanakyapuri,95.07,196.37,1.75,14.32,11.9
2026-03-10 12:00:00,Chanakyapuri,73.74,142.14,1.9,30.91,10.83
2026-03-10 13:00:00,Chanakyapuri,78.5,155.76,2.08,33.79,7.75
2026-03-10 14:00:00,Chanakyapuri,109.69,196.91,2.18,51.7,9.51
2026-03-10 15:00:00,Chanakyapuri,92.61,189.75,1.62,40.94,3.83
2026-03-10 16:00:00,Chanakyapuri,79.8,157.86,1.76,35.0,14.59
2026-03-10 17:00:00,Chanakyapuri,88.51,167.4,1.14,56.55,15.52
2026-03-10 18:00:00,Chanakyapuri,83.73,166.81,1.88,41.83,14.18
2026-03-10 19:00:00,Chanakyapuri,89.54,159.5,2.01,45.87,10.75
2026-03-10 20:00:00,Chanakyapuri,94.48,185.69,0.68,36.48,8.61
2026-03-10 21:00:00,Chanakyapuri,68.86,150.39,2.04,30.56,7.53
2026-03-10 22:00:00,Chanakyapuri,87.41,159.58,0.9,41.15,14.53
2026-03-10 23:00:00,Chanakyapuri,83.3,158.5,0.85,14.9,5.24
2026-03-11 00:00:00,Chanakyapuri,88.27,178.51,1.07,15.84,8.37
2026-03-11 01:00:00,Chanakyapuri,105.86,203.92,2.13,41.55,6.26
2026-03-11 02:00:00,Chanakyapuri,67.15,133.94,0.7,42.0,15.83
2026-03-11 03:00:00,Chanakyapuri,86.7,174.88,1.9,47.39,9.72
2026-03-11 04:00:00,Chanakyapuri,87.68,161.51,1.95,47.07,5.74
2026-03-11 05:00:00,Chanakyapuri,80.01,167.14,1.7,36.01,10.2
2026-03-11 06:00:00,Chanakyapuri,80.37,151.04,1.31,46.6,10.29
2026-03-11 07:00:00,Chanakyapuri,99.14,197.71,1.65,41.15,12.58
2026-03-11 08:00:00,Chanakyapuri,90.4,171.74,1.81,34.5,9.18
2026-03-11 09:00:00,Chanakyapuri,74.05,151.33,1.67,43.44,13.95
2026-03-11 10:00:00,Chanakyapuri,84.65,166.63,1.47,37.7,15.08
2026-03-11 11:00:00,Chanakyapuri,73.94,144.62,1.65,45.96,7.67
2026-03-11 12:00:00,Chanakyapuri,113.13,216.28,1.02,40.03,11.27
2026-03-11 13:00:00,Chanakyapuri,67.79,147.3,1.26,55.45,8.93
2026-03-11 14:00:00,Chanakyapuri,67.55,120.52,1.62,35.92,12.87
2026-03-11 15:00:00,Chanakyapuri,68.29,122.1,1.36,42.61,6.19
2026-03-11 16:00:00,Chanakyapuri,95.1,177.42,1.28,45.98,10.81
2026-03-11 17:00:00,Chanakyapuri,97.38,191.95,1.38,35.96,11.46
2026-03-11 18:00:00,Chanakyapuri,89.74,169.86,0.56,63.52,13.04
2026-03-11 19:00:00,Chanakyapuri,80.04,158.79,2.14,55.24,10.93
2026-03-11 20:00:00,Chanakyapuri,75.05,145.88,1.45,30.83,9.74
2026-03-11 21:00:00,Chanakyapuri,107.27,206.41,2.0,43.2,7.0
2026-03-11 22:00:00,Chanakyapuri,85.88,160.94,1.45,37.96,9.75
2026-03-11 23:00:00,Chanakyapuri,90.02,191.52,1.76,36.89,11.37
2026-03-12 00:00:00,Chanakyapuri,48.25,112.3,1.72,30.91,5.4
2026-03-12 01:00:00,Chanakyapuri,106.65,206.09,1.59,31.52,11.96
2026-03-12 02:00:00,Chanakyapuri,86.39,152.65,1.57,30.79,7.07
2026-03-12 03:00:00,Chanakyapuri,80.04,153.01,1.78,39.06,8.07
2026-03-12 04:00:00,Chanakyapuri,70.83,154.5,1.51,49.59,4.03
2026-03-12 05:00:00,Chanakyapuri,111.92,206.3,1.27,42.22,9.47
2026-03-12 06:00:00,Chanakyapuri,82.71,165.55,1.66,41.69,8.34
2026-03-12 07:00:00,Chanakyapuri,72.78,168.13,1.59,32.25,13.67
2026-03-12 08:00:00,Chanakyapuri,70.55,137.71,2.01,53.88,11.04
2026-03-12 09:00:00,Chanakyapuri,82.17,173.29,1.65,39.8,10.79
2026-03-12 10:00:00,Chanakyapuri,80.61,147.8,0.79,34.66,8.83
2026-03-12 11:00:00,Chanakyapuri,92.03,180.73,1.77,33.52,11.44
2026-03-12 12:00:00,Chanakyapuri,82.4,158.55,1.22,46.23,13.29
2026-03-12 13:00:00,Chanakyapuri,81.22,174.0,0.82,32.22,7.81
2026-03-12 14:00:00,Chanakyapuri,81.13,169.84,1.03,48.25,12.15
2026-03-12 15:00:00,Chanakyapuri,92.49,189.95,1.81,27.49,10.48
2026-03-12 16:00:00,Chanakyapuri,75.53,141.96,1.58,26.14,11.04
2026-03-12 17:00:00,Chanakyapuri,83.15,170.53,1.13,27.69,8.09
2026-03-12 18:00:00,Chanakyapuri,60.71,113.8,1.72,42.78,13.03
2026-03-12 19:00:00,Chanakyapuri,84.11,157.95,1.01,37.35,12.83
2026-03-12 20:00:00,Chanakyapuri,78.06,154.29,1.87,41.33,15.31
2026-03-12 21:00:00,Chanakyapuri,72.08,144.85,1.27,42.64,4.93
2026-03-12 22:00:00,Chanakyapuri,74.8,151.16,1.19,45.74,15.22
2026-03-12 23:00:00,Chanakyapuri,71.79,131.16,1.01,32.56,15.0
2026-03-13 00:00:00,Chanakyapuri,87.56,170.83,1.47,28.69,10.85
2026-03-13 01:00:00,Chanakyapuri,66.08,135.1,1.2,38.37,11.36
2026-03-13 02:00:00,Chanakyapuri,79.86,149.85,1.39,24.0,6.55
2026-03-13 03:00:00,Chanakyapuri,81.87,160.43,0.84,49.18,10.59
2026-03-13 04:00:00,Chanakyapuri,90.81,180.56,1.69,55.37,8.75
2026-03-13 05:00:00,Chanakyapuri,97.39,196.43,1.55,51.19,14.7
2026-03-13 06:00:00,Chanakyapuri,62.08,121.64,1.82,49.76,9.9
2026-03-13 07:00:00,Chanakyapuri,83.61,175.71,1.43,28.01,4.68
2026-03-13 08:00:00,Chanakyapuri,89.76,168.21,1.46,49.6,11.81
2026-03-13 09:00:00,Chanakyapuri,96.17,181.73,1.04,8.66,10.3
2026-03-13 10:00:00,Chanakyapuri,100.93,191.26,0.98,21.01,10.29
2026-03-13 11:00:00,Chanakyapuri,87.64,179.44,0.96,43.44,10.24
2026-03-13 12:00:00,Chanakyapuri,82.69,171.78,0.99,43.18,12.45
2026-03-13 13:00:00,Chanakyapuri,91.61,168.15,1.58,27.46,6.18
2026-03-13 14:00:00,Chanakyapuri,92.81,169.12,1.9,30.67,14.67
2026-03-13 15:00:00,Chanakyapuri,99.95,196.08,2.14,51.21,6.43
2026-03-13 16:00:00,Chanakyapuri,75.12,151.89,1.53,42.36,7.19
2026-03-13 17:00:00,Chanakyapuri,73.14,149.87,1.5,37.77,14.8
2026-03-13 18:00:00,Chanakyapuri,86.55,175.05,2.03,25.74,11.23
2026-03-13 19:00:00,Chanakyapuri,86.51,168.34,1.43,32.72,11.31
2026-03-13 20:00:00,Chanakyapuri,86.08,154.99,1.75,46.02,5.77
2026-03-13 21:00:00,Chanakyapuri,87.19,163.34,1.75,52.16,11.51
2026-03-13 22:00:00,Chanakyapuri,74.66,143.58,1.46,29.45,12.19
2026-03-13 23:00:00,Chanakyapuri,79.12,165.62,1.7,40.99,10.03
2026-03-14 00:00:00,Chanakyapuri,98.09,185.16,0.91,30.2,10.9
2026-03-14 01:00:00,Chanakyapuri,83.95,165.92,1.84,20.7,14.81
2026-03-14 02:00:00,Chanakyapuri,71.53,145.44,1.51,25.81,8.83
2026-03-14 03:00:00,Chanakyapuri,80.1,152.74,1.57,38.75,10.74
2026-03-14 04:00:00,Chanakyapuri,55.79,125.92,2.09,43.72,9.67
2026-03-14 05:00:00,Chanakyapuri,62.33,116.36,1.82,46.22,9.67
2026-03-14 06:00:00,Chanakyapuri,86.96,189.14,1.11,44.06,6.37
2026-03-14 07:00:00,Chanakyapuri,110.16,206.77,0.83,35.0,11.73
2026-03-14 08:00:00,Chanakyapuri,127.85,226.89,2.08,56.81,10.82
2026-03-14 09:00:00,Chanakyapuri,72.6,135.0,2.19,42.3,7.12
2026-03-14 10:00:00,Chanakyapuri,121.68,237.52,1.81,20.68,9.05
2026-03-14 11:00:00,Chanakyapuri,107.38,198.18,1.9,40.7,9.28
2026-03-14 12:00:00,Chanakyapuri,64.44,147.14,1.2,43.33,6.18
2026-03-14 13:00:00,Chanakyapuri,71.03,141.57,1.63,32.13,13.48
2026-03-14 14:00:00,Chanakyapuri,66.07,130.79,1.62,45.96,7.46
2026-03-14 15:00:00,Chanakyapuri,80.31,170.04,1.32,32.14,7.21
2026-03-14 16:00:00,Chanakyapuri,104.25,183.75,1.1,27.26,13.2
2026-03-14 17:00:00,Chanakyapuri,91.87,171.55,2.26,44.84,16.64
2026-03-14 18:00:00,Chanakyapuri,80.57,158.13,1.47,54.05,14.8
2026-03-14 19:00:00,Chanakyapuri,81.96,172.32,1.12,31.39,9.5
2026-03-14 20:00:00,Chanakyapuri,72.76,155.07,1.46,26.64,15.63
2026-03-14 21:00:00,Chanakyapuri,104.29,197.2,1.35,31.49,9.84
2026-03-14 22:00:00,Chanakyapuri,74.9,153.95,1.76,39.59,12.53
2026-03-14 23:00:00,Chanakyapuri,102.66,204.57,1.31,48.88,10.0
2026-03-15 00:00:00,Chanakyapuri,93.03,173.21,1.89,50.13,8.05
2026-03-15 01:00:00,Chanakyapuri,70.88,144.99,1.82,37.85,12.27
2026-03-15 02:00:00,Chanakyapuri,84.76,168.55,1.36,61.61,11.76
2026-03-15 03:00:00,Chanakyapuri,99.17,208.94,1.57,26.27,8.6
2026-03-15 04:00:00,Chanakyapuri,88.22,162.22,1.69,37.94,12.24
2026-03-15 05:00:00,Chanakyapuri,69.95,141.92,1.65,43.36,17.58
2026-03-15 06:00:00,Chanakyapuri,87.57,176.22,2.52,51.26,10.38
2026-03-15 07:00:00,Chanakyapuri,83.84,175.56,1.38,33.9,12.83
2026-03-15 08:00:00,Chanakyapuri,91.35,182.88,1.95,39.83,6.05
2026-03-15 09:00:00,Chanakyapuri,85.51,154.64,1.54,54.16,10.76
2026-03-15 10:00:00,Chanakyapuri,68.52,136.79,1.75,39.93,8.34
2026-03-15 11:00:00,Chanakyapuri,115.9,197.29,1.45,39.49,9.1
2026-03-15 12:00:00,Chanakyapuri,85.02,158.32,1.59,41.97,9.7
2026-03-15 13:00:00,Chanakyapuri,89.76,155.44,0.98,36.14,11.42
2026-03-15 14:00:00,Chanakyapuri,87.56,179.01,1.38,40.55,9.67
2026-03-15 15:00:00,Chanakyapuri,70.78,145.1,1.34,32.79,10.74
2026-03-15 16:00:00,Chanakyapuri,97.11,186.41,1.93,47.69,13.63
2026-03-15 17:00:00,Chanakyapuri,62.41,144.55,1.67,58.75,5.52
2026-03-15 18:00:00,Chanakyapuri,71.81,146.2,1.1,31.04,10.24
2026-03-15 19:00:00,Chanakyapuri,91.69,175.65,1.79,40.08,11.42
2026-03-15 20:00:00,Chanakyapuri,87.52,170.74,1.46,53.03,9.78
2026-03-15 21:00:00,Chanakyapuri,92.83,174.4,1.4,55.18,9.24
2026-03-15 22:00:00,Chanakyapuri,70.03,127.96,0.96,52.6,12.09
2026-03-15 23:00:00,Chanakyapuri,120.91,226.4,1.81,43.8,13.45
2026-03-16 00:00:00,Chanakyapuri,65.57,126.85,0.92,46.71,8.8
2026-03-16 01:00:00,Chanakyapuri,82.61,161.97,1.86,51.0,9.21
2026-03-16 02:00:00,Chanakyapuri,85.41,164.01,1.52,36.35,6.91
2026-03-16 03:00:00,Chanakyapuri,96.61,185.23,1.67,29.88,3.71
2026-03-16 04:00:00,Chanakyapuri,107.58,183.35,1.81,42.23,12.49
2026-03-16 05:00:00,Chanakyapuri,82.44,162.64,1.78,38.91,15.47
2026-03-16 06:00:00,Chanakyapuri,77.05,142.27,0.83,45.02,7.93
2026-03-16 07:00:00,Chanakyapuri,103.34,192.04,1.65,37.41,9.66
2026-03-16 08:00:00,Chanakyapuri,108.91,216.41,1.91,23.52,9.14
2026-03-16 09:00:00,Chanakyapuri,54.32,102.11,1.56,38.42,9.21
2026-03-16 10:00:00,Chanakyapuri,89.42,184.07,1.61,40.01,13.99
2026-03-16 11:00:00,Chanakyapuri,76.65,134.24,1.18,23.56,14.32
2026-03-16 12:00:00,Chanakyapuri,73.26,139.92,1.92,36.71,12.46
2026-03-16 13:00:00,Chanakyapuri,100.64,180.83,1.35,45.51,13.84
2026-03-16 14:00:00,Chanakyapuri,88.77,168.6,1.5,24.18,10.84
2026-03-16 15:00:00,Chanakyapuri,103.48,184.28,1.2,32.68,10.29
2026-03-16 16:00:00,Chanakyapuri,87.06,164.45,0.8,31.49,10.81
2026-03-16 17:00:00,Chanakyapuri,100.9,197.57,1.05,33.18,12.17
2026-03-16 18:00:00,Chanakyapuri,71.9,143.5,1.29,48.83,10.13
2026-03-16 19:00:00,Chanakyapuri,91.08,165.54,2.07,38.99,9.56
2026-03-16 20:00:00,Chanakyapuri,82.09,166.24,1.41,37.32,7.82
2026-03-16 21:00:00,Chanakyapuri,76.89,158.49,2.01,31.3,8.93
2026-03-16 22:00:00,Chanakyapuri,87.83,178.37,1.54,42.13,12.58
2026-03-16 23:00:00,Chanakyapuri,116.0,202.32,1.45,31.96,7.72
2026-03-17 00:00:00,Chanakyapuri,87.2,157.57,1.19,60.37,10.2
2026-03-17 01:00:00,Chanakyapuri,75.57,170.03,1.85,41.34,6.7
2026-03-17 02:00:00,Chanakyapuri,83.95,166.36,1.17,35.34,9.36
2026-03-17 03:00:00,Chanakyapuri,73.64,150.43,1.86,49.1,6.91
2026-03-17 04:00:00,Chanakyapuri,96.09,187.04,0.49,43.78,15.77
2026-03-17 05:00:00,Chanakyapuri,86.21,169.52,1.47,47.9,11.08
2026-03-17 06:00:00,Chanakyapuri,59.04,121.23,1.5,40.09,6.23
2026-03-17 07:00:00,Chanakyapuri,58.81,107.71,0.99,23.71,7.5
2026-03-17 08:00:00,Chanakyapuri,80.07,151.41,1.72,38.34,10.12
2026-03-17 09:00:00,Chanakyapuri,103.29,198.59,1.48,55.55,9.18
2026-03-17 10:00:00,Chanakyapuri,77.87,151.75,1.72,44.38,16.01
2026-03-17 11:00:00,Chanakyapuri,102.45,199.9,2.04,45.09,12.34
2026-03-17 12:00:00,Chanakyapuri,73.9,146.87,1.85,32.99,9.86
2026-03-17 13:00:00,Chanakyapuri,93.96,183.99,1.46,30.63,11.57
2026-03-17 14:00:00,Chanakyapuri,85.25,172.25,2.66,40.15,8.95
2026-03-17 15:00:00,Chanakyapuri,76.77,147.34,1.11,30.45,9.41
2026-03-17 16:00:00,Chanakyapuri,57.31,120.35,1.36,31.84,7.27
2026-03-17 17:00:00,Chanakyapuri,86.84,164.16,1.27,33.76,10.74
2026-03-17 18:00:00,Chanakyapuri,71.55,126.54,2.03,36.64,9.53
2026-03-17 19:00:00,Chanakyapuri,76.67,150.66,1.7,23.03,9.82
2026-03-17 20:00:00,Chanakyapuri,78.68,151.88,0.95,24.63,13.83
2026-03-17 21:00:00,Chanakyapuri,81.74,158.77,1.45,40.55,9.06
2026-03-17 22:00:00,Chanakyapuri,84.04,167.71,1.26,45.01,12.87
2026-03-17 23:00:00,Chanakyapuri,98.86,184.41,1.22,34.05,11.79
2026-03-18 00:00:00,Chanakyapuri,122.67,230.13,1.74,51.2,12.28
2026-03-18 01:00:00,Chanakyapuri,82.18,156.69,1.46,38.1,13.16
2026-03-18 02:00:00,Chanakyapuri,81.88,167.96,1.79,39.85,9.42
2026-03-18 03:00:00,Chanakyapuri,80.77,174.66,0.61,39.79,17.15
2026-03-18 04:00:00,Chanakyapuri,95.64,169.74,0.72,37.96,7.69
2026-03-18 05:00:00,Chanakyapuri,100.27,196.64,1.79,43.78,7.0
2026-03-18 06:00:00,Chanakyapuri,106.23,193.03,2.22,36.1,11.38
2026-03-18 07:00:00,Chanakyapuri,76.7,149.32,2.04,38.89,5.72
2026-03-18 08:00:00,Chanakyapuri,92.32,184.81,1.35,38.9,7.39
2026-03-18 09:00:00,Chanakyapuri,110.63,198.59,1.15,47.25,14.51
2026-03-18 10:00:00,Chanakyapuri,95.41,186.55,1.21,36.05,13.74
2026-03-18 11:00:00,Chanakyapuri,103.78,206.11,1.53,22.17,7.4
2026-03-18 12:00:00,Chanakyapuri,66.61,146.15,1.35,38.52,5.69
2026-03-18 13:00:00,Chanakyapuri,83.84,173.92,1.53,50.76,7.72
2026-03-18 14:00:00,Chanakyapuri,61.81,122.69,0.83,54.51,10.07
2026-03-18 15:00:00,Chanakyapuri,71.42,122.72,1.75,42.71,10.49
2026-03-18 16:00:00,Chanakyapuri,70.33,132.82,1.03,34.26,7.8
2026-03-18 17:00:00,Chanakyapuri,85.0,156.25,1.42,27.9,7.5
2026-03-18 18:00:00,Chanakyapuri,79.8,162.88,0.97,24.14,10.01
2026-03-18 19:00:00,Chanakyapuri,91.97,175.24,1.56,47.59,14.02
2026-03-18 20:00:00,Chanakyapuri,80.31,159.92,1.46,36.33,11.72
2026-03-18 21:00:00,Chanakyapuri,75.4,145.89,1.96,40.47,9.81
2026-03-18 22:00:00,Chanakyapuri,95.86,180.26,1.43,46.21,12.1
2026-03-18 23:00:00,Chanakyapuri,87.71,179.42,1.85,37.01,4.29
2026-03-19 00:00:00,Chanakyapuri,89.13,176.44,0.98,45.82,11.05
2026-03-19 01:00:00,Chanakyapuri,97.17,183.01,1.38,38.21,10.76
2026-03-19 02:00:00,Chanakyapuri,97.15,186.4,1.84,26.99,9.23
2026-03-19 03:00:00,Chanakyapuri,85.45,172.82,0.73,49.51,8.88
2026-03-19 04:00:00,Chanakyapuri,79.7,151.53,1.51,30.71,7.97
2026-03-19 05:00:00,Chanakyapuri,102.89,203.62,1.2,43.55,8.95
2026-03-19 06:00:00,Chanakyapuri,83.37,161.53,2.09,44.5,12.09
2026-03-19 07:00:00,Chanakyapuri,93.49,182.95,1.37,26.01,6.0
2026-03-19 08:00:00,Chanakyapuri,63.62,127.08,1.5,41.07,10.49
2026-03-19 09:00:00,Chanakyapuri,92.41,200.62,1.61,31.8,11.53
2026-03-19 10:00:00,Chanakyapuri,106.2,207.83,1.26,38.94,6.04
2026-03-19 11:00:00,Chanakyapuri,76.57,151.84,1.1,45.26,12.75
2026-03-19 12:00:00,Chanakyapuri,98.75,183.12,1.36,26.15,15.24
2026-03-19 13:00:00,Chanakyapuri,85.09,183.44,1.75,49.7,12.81
2026-03-19 14:00:00,Chanakyapuri,78.72,153.65,1.43,33.98,9.89
2026-03-19 15:00:00,Chanakyapuri,83.29,168.67,1.73,45.09,7.42
2026-03-19 16:00:00,Chanakyapuri,74.98,154.7,1.79,27.76,6.62
2026-03-19 17:00:00,Chanakyapuri,78.75,152.79,1.62,51.24,10.11
2026-02-17 18:00:00,Jahangirpuri,77.52,149.16,1.09,33.23,15.22
2026-02-17 19:00:00,Jahangirpuri,85.74,153.45,1.47,38.07,9.44
2026-02-17 20:00:00,Jahangirpuri,84.31,166.33,0.88,35.2,5.81
2026-02-17 21:00:00,Jahangirpuri,66.67,143.72,1.55,38.29,7.74
2026-02-17 22:00:00,Jahangirpuri,91.81,198.26,1.58,30.57,7.22
2026-02-17 23:00:00,Jahangirpuri,75.66,147.08,1.62,50.37,10.69
2026-02-18 00:00:00,Jahangirpuri,81.78,164.88,1.46,31.66,9.17
2026-02-18 01:00:00,Jahangirpuri,83.6,156.49,1.33,39.94,8.45
2026-02-18 02:00:00,Jahangirpuri,92.19,190.54,1.64,50.8,8.84
2026-02-18 03:00:00,Jahangirpuri,112.49,213.02,0.92,55.44,5.37
2026-02-18 04:00:00,Jahangirpuri,57.99,122.02,1.98,40.05,10.63
2026-02-18 05:00:00,Jahangirpuri,104.95,203.82,1.93,45.63,8.44
2026-02-18 06:00:00,Jahangirpuri,88.02,165.55,1.89,29.37,10.63
2026-02-18 07:00:00,Jahangirpuri,82.24,155.75,1.29,40.43,7.32
2026-02-18 08:00:00,Jahangirpuri,74.38,146.96,1.18,15.71,4.17
2026-02-18 09:00:00,Jahangirpuri,72.05,150.7,1.9,41.13,12.39
2026-02-18 10:00:00,Jahangirpuri,88.17,171.73,1.31,47.55,17.19
2026-02-18 11:00:00,Jahangirpuri,81.6,159.45,1.25,43.39,16.29
2026-02-18 12:00:00,Jahangirpuri,99.37,192.24,1.42,43.86,15.11
2026-02-18 13:00:00,Jahangirpuri,83.74,152.99,0.53,44.43,11.23
2026-02-18 14:00:00,Jahangirpuri,95.81,182.24,0.87,48.69,12.38
2026-02-18 15:00:00,Jahangirpuri,51.7,112.91,2.09,36.84,5.73
2026-02-18 16:00:00,Jahangirpuri,81.78,154.13,1.67,41.39,11.04
2026-02-18 17:00:00,Jahangirpuri,103.67,191.81,2.01,53.57,8.18
2026-02-18 18:00:00,Jahangirpuri,68.27,132.99,1.61,48.42,10.24
2026-02-18 19:00:00,Jahangirpuri,86.27,159.07,1.21,27.93,9.1
2026-02-18 20:00:00,Jahangirpuri,104.58,202.64,2.09,49.46,9.9
2026-02-18 21:00:00,Jahangirpuri,113.71,194.19,1.57,57.97,9.92
2026-02-18 22:00:00,Jahangirpuri,83.06,169.74,1.58,47.79,11.98
2026-02-18 23:00:00,Jahangirpuri,98.64,199.03,0.77,33.78,13.39
2026-02-19 00:00:00,Jahangirpuri,109.45,198.72,1.2,49.27,10.57
2026-02-19 01:00:00,Jahangirpuri,92.23,176.4,1.18,38.06,12.08
2026-02-19 02:00:00,Jahangirpuri,109.99,201.73,1.04,25.89,10.44
2026-02-19 03:00:00,Jahangirpuri,82.35,166.76,1.41,41.58,10.74
2026-02-19 04:00:00,Jahangirpuri,80.99,149.18,1.84,56.22,12.61
2026-02-19 05:00:00,Jahangirpuri,46.47,108.28,1.34,25.64,13.36
2026-02-19 06:00:00,Jahangirpuri,82.95,159.73,2.38,48.04,10.12
2026-02-19 07:00:00,Jahangirpuri,88.74,178.22,1.63,55.42,7.31
2026-02-19 08:00:00,Jahangirpuri,84.83,152.82,0.85,30.29,8.59
2026-02-19 09:00:00,Jahangirpuri,83.96,170.89,0.24,19.17,9.04
2026-02-19 10:00:00,Jahangirpuri,84.55,175.12,1.27,12.8,10.27
2026-02-19 11:00:00,Jahangirpuri,81.07,157.31,2.24,37.62,5.83
2026-02-19 12:00:00,Jahangirpuri,68.86,147.48,1.89,32.67,8.55
2026-02-19 13:00:00,Jahangirpuri,101.59,195.12,1.22,36.26,12.51
2026-02-19 14:00:00,Jahangirpuri,85.12,158.97,1.41,50.58,10.71
2026-02-19 15:00:00,Jahangirpuri,95.9,200.76,2.18,54.77,8.25
2026-02-19 16:00:00,Jahangirpuri,82.27,157.52,1.44,50.31,3.95
2026-02-19 17:00:00,Jahangirpuri,61.34,125.74,1.31,61.02,9.3
2026-02-19 18:00:00,Jahangirpuri,75.22,149.46,2.05,31.75,2.91
2026-02-19 19:00:00,Jahangirpuri,70.17,143.34,1.84,36.87,13.1
2026-02-19 20:00:00,Jahangirpuri,104.76,195.14,1.07,29.32,13.01
2026-02-19 21:00:00,Jahangirpuri,93.1,178.7,1.89,27.99,13.35
2026-02-19 22:00:00,Jahangirpuri,83.23,157.18,1.58,39.56,7.88
2026-02-19 23:00:00,Jahangirpuri,97.16,188.52,1.69,40.04,13.42
2026-02-20 00:00:00,Jahangirpuri,107.74,195.43,1.58,48.95,13.86
2026-02-20 01:00:00,Jahangirpuri,74.93,147.36,2.61,24.96,5.79
2026-02-20 02:00:00,Jahangirpuri,94.07,169.3,2.87,35.63,10.12
2026-02-20 03:00:00,Jahangirpuri,104.19,199.32,1.81,45.37,5.56
2026-02-20 04:00:00,Jahangirpuri,105.22,195.85,2.21,52.89,13.14
2026-02-20 05:00:00,Jahangirpuri,62.89,120.37,1.72,35.36,8.21
2026-02-20 06:00:00,Jahangirpuri,73.06,154.12,1.33,45.32,13.86
2026-02-20 07:00:00,Jahangirpuri,96.99,184.93,1.52,45.08,10.72
2026-02-20 08:00:00,Jahangirpuri,104.15,191.43,2.0,21.75,15.35
2026-02-20 09:00:00,Jahangirpuri,87.83,170.72,1.8,68.83,8.97
2026-02-20 10:00:00,Jahangirpuri,82.07,146.48,0.98,23.97,9.51
2026-02-20 11:00:00,Jahangirpuri,70.88,156.11,1.64,34.14,13.14
2026-02-20 12:00:00,Jahangirpuri,87.03,165.44,1.59,33.84,10.48
2026-02-20 13:00:00,Jahangirpuri,100.19,183.82,1.07,40.38,12.28
2026-02-20 14:00:00,Jahangirpuri,96.14,184.63,2.1,43.12,7.17
2026-02-20 15:00:00,Jahangirpuri,88.16,183.54,1.21,23.35,6.43
2026-02-20 16:00:00,Jahangirpuri,69.01,153.29,1.81,32.8,7.12
2026-02-20 17:00:00,Jahangirpuri,72.07,163.85,1.26,38.09,15.64
2026-02-20 18:00:00,Jahangirpuri,70.85,135.92,1.69,50.56,4.08
2026-02-20 19:00:00,Jahangirpuri,102.99,208.17,1.89,50.87,11.43
2026-02-20 20:00:00,Jahangirpuri,72.07,143.59,1.79,47.26,12.08
2026-02-20 21:00:00,Jahangirpuri,80.64,156.13,1.93,51.67,8.43
2026-02-20 22:00:00,Jahangirpuri,97.01,179.18,1.66,35.09,6.75
2026-02-20 23:00:00,Jahangirpuri,57.25,118.37,1.19,20.55,9.34
2026-02-21 00:00:00,Jahangirpuri,58.46,114.25,1.43,56.12,17.4
2026-02-21 01:00:00,Jahangirpuri,89.53,177.55,1.95,39.06,9.49
2026-02-21 02:00:00,Jahangirpuri,70.07,149.6,1.15,34.05,12.19
2026-02-21 03:00:00,Jahangirpuri,72.07,157.07,1.44,62.31,10.36
2026-02-21 04:00:00,Jahangirpuri,75.48,150.77,0.61,40.87,9.48
2026-02-21 05:00:00,Jahangirpuri,81.52,160.28,2.02,60.79,8.91
2026-02-21 06:00:00,Jahangirpuri,90.59,177.7,2.5,48.1,8.08
2026-02-21 07:00:00,Jahangirpuri,82.83,153.52,1.66,30.41,9.77
2026-02-21 08:00:00,Jahangirpuri,69.14,134.42,2.05,37.68,10.17
2026-02-21 09:00:00,Jahangirpuri,95.18,181.86,0.64,27.62,11.7
2026-02-21 10:00:00,Jahangirpuri,74.76,152.23,0.94,48.61,14.07
2026-02-21 11:00:00,Jahangirpuri,94.34,191.11,2.09,39.68,3.14
2026-02-21 12:00:00,Jahangirpuri,117.14,234.17,1.42,42.08,11.98
2026-02-21 13:00:00,Jahangirpuri,93.73,186.36,1.82,29.8,5.66
2026-02-21 14:00:00,Jahangirpuri,72.26,150.7,1.88,49.81,6.63
2026-02-21 15:00:00,Jahangirpuri,82.26,162.03,2.22,50.66,6.83
2026-02-21 16:00:00,Jahangirpuri,93.92,177.14,1.05,42.23,8.89
2026-02-21 17:00:00,Jahangirpuri,103.56,194.45,1.56,51.82,11.05
2026-02-21 18:00:00,Jahangirpuri,80.65,144.05,1.47,50.8,10.33
2026-02-21 19:00:00,Jahangirpuri,85.03,180.18,1.92,42.88,8.57
2026-02-21 20:00:00,Jahangirpuri,92.94,174.76,1.44,49.51,9.95
2026-02-21 21:00:00,Jahangirpuri,78.63,157.65,0.81,43.67,8.44
2026-02-21 22:00:00,Jahangirpuri,77.99,149.05,2.06,51.04,8.91
2026-02-21 23:00:00,Jahangirpuri,116.06,205.26,2.06,51.98,7.61
2026-02-22 00:00:00,Jahangirpuri,119.48,222.47,1.5,47.96,10.67
2026-02-22 01:00:00,Jahangirpuri,71.14,143.99,1.15,29.11,12.0
2026-02-22 02:00:00,Jahangirpuri,74.91,158.99,1.49,29.11,11.01
2026-02-22 03:00:00,Jahangirpuri,75.7,146.24,1.42,48.7,7.27
2026-02-22 04:00:00,Jahangirpuri,87.25,172.6,0.92,31.52,12.18
2026-02-22 05:00:00,Jahangirpuri,72.58,143.35,2.07,54.87,7.52
2026-02-22 06:00:00,Jahangirpuri,77.7,159.54,1.61,46.9,11.7
2026-02-22 07:00:00,Jahangirpuri,108.49,209.76,2.54,35.46,7.87
2026-02-22 08:00:00,Jahangirpuri,60.1,120.84,1.73,52.73,13.49
2026-02-22 09:00:00,Jahangirpuri,95.26,185.73,2.13,39.41,12.35
2026-02-22 10:00:00,Jahangirpuri,97.42,167.34,1.29,35.98,4.96
2026-02-22 11:00:00,Jahangirpuri,81.59,158.39,1.26,51.74,7.16
2026-02-22 12:00:00,Jahangirpuri,73.38,153.23,1.47,49.29,7.65
2026-02-22 13:00:00,Jahangirpuri,59.49,122.15,1.66,48.09,8.08
2026-02-22 14:00:00,Jahangirpuri,88.55,167.75,1.51,22.05,11.0
2026-02-22 15:00:00,Jahangirpuri,80.54,164.94,1.33,42.38,10.49
2026-02-22 16:00:00,Jahangirpuri,76.26,149.86,1.42,49.56,11.11
2026-02-22 17:00:00,Jahangirpuri,46.16,96.39,1.56,53.86,8.94
2026-02-22 18:00:00,Jahangirpuri,124.36,217.49,1.73,36.13,15.83
2026-02-22 19:00:00,Jahangirpuri,85.47,171.3,1.22,44.6,13.34
2026-02-22 20:00:00,Jahangirpuri,80.74,168.11,0.94,47.82,9.5
2026-02-22 21:00:00,Jahangirpuri,72.2,132.55,0.95,35.75,7.04
2026-02-22 22:00:00,Jahangirpuri,95.39,188.37,1.65,25.16,5.68
2026-02-22 23:00:00,Jahangirpuri,89.19,162.49,1.49,49.85,8.84
2026-02-23 00:00:00,Jahangirpuri,78.52,167.79,1.94,35.53,11.03
2026-02-23 01:00:00,Jahangirpuri,96.11,183.81,1.99,18.96,11.38
2026-02-23 02:00:00,Jahangirpuri,85.31,173.96,0.47,45.13,3.38
2026-02-23 03:00:00,Jahangirpuri,82.75,159.21,1.99,39.39,8.24
2026-02-23 04:00:00,Jahangirpuri,105.82,200.59,2.0,25.61,11.93
2026-02-23 05:00:00,Jahangirpuri,110.0,219.97,1.25,58.69,11.43
2026-02-23 06:00:00,Jahangirpuri,59.79,126.5,0.99,41.44,10.78
2026-02-23 07:00:00,Jahangirpuri,62.43,128.6,1.66,48.73,17.95
2026-02-23 08:00:00,Jahangirpuri,100.71,187.31,1.24,30.33,6.84
2026-02-23 09:00:00,Jahangirpuri,62.72,135.47,2.17,47.18,9.91
2026-02-23 10:00:00,Jahangirpuri,123.27,214.99,1.61,40.53,10.98
2026-02-23 11:00:00,Jahangirpuri,44.7,102.15,1.06,42.8,14.18
2026-02-23 12:00:00,Jahangirpuri,82.3,169.86,1.64,45.0,8.53
2026-02-23 13:00:00,Jahangirpuri,104.49,203.72,1.47,26.65,11.45
2026-02-23 14:00:00,Jahangirpuri,80.32,158.13,1.84,44.31,10.98
2026-02-23 15:00:00,Jahangirpuri,84.29,169.26,1.61,42.99,5.22
2026-02-23 16:00:00,Jahangirpuri,89.83,174.82,1.76,24.65,12.06
2026-02-23 17:00:00,Jahangirpuri,109.7,195.8,2.16,42.44,5.4
2026-02-23 18:00:00,Jahangirpuri,85.68,169.06,1.46,37.7,9.27
2026-02-23 19:00:00,Jahangirpuri,75.24,141.88,1.6,19.52,13.8
2026-02-23 20:00:00,Jahangirpuri,110.62,197.56,2.0,42.24,14.56
2026-02-23 21:00:00,Jahangirpuri,76.95,159.7,1.87,52.66,12.94
2026-02-23 22:00:00,Jahangirpuri,86.64,163.96,1.48,39.88,8.39
2026-02-23 23:00:00,Jahangirpuri,57.84,127.67,1.8,30.73,15.84
2026-02-24 00:00:00,Jahangirpuri,89.71,175.76,1.45,35.87,10.9
2026-02-24 01:00:00,Jahangirpuri,88.45,167.28,0.89,32.09,11.02
2026-02-24 02:00:00,Jahangirpuri,109.03,206.7,2.24,17.36,9.12
2026-02-24 03:00:00,Jahangirpuri,103.32,181.93,1.64,26.92,7.85
2026-02-24 04:00:00,Jahangirpuri,80.48,156.12,0.95,31.47,10.82
2026-02-24 05:00:00,Jahangirpuri,69.16,135.42,1.47,41.39,6.45
2026-02-24 06:00:00,Jahangirpuri,76.54,151.09,2.08,38.45,11.08
2026-02-24 07:00:00,Jahangirpuri,100.5,192.65,1.19,25.48,11.16
2026-02-24 08:00:00,Jahangirpuri,81.64,169.92,2.0,45.69,8.41
2026-02-24 09:00:00,Jahangirpuri,85.11,154.4,1.62,39.5,14.06
2026-02-24 10:00:00,Jahangirpuri,100.67,188.5,1.4,29.55,9.85
2026-02-24 11:00:00,Jahangirpuri,68.07,138.8,1.69,50.7,4.45
2026-02-24 12:00:00,Jahangirpuri,94.62,186.91,1.3,51.37,8.16
2026-02-24 13:00:00,Jahangirpuri,94.0,175.22,1.77,37.95,6.25
2026-02-24 14:00:00,Jahangirpuri,70.41,147.21,0.9,23.78,4.65
2026-02-24 15:00:00,Jahangirpuri,79.53,171.1,1.6,21.59,8.63
2026-02-24 16:00:00,Jahangirpuri,95.27,195.48,1.82,30.76,11.66
2026-02-24 17:00:00,Jahangirpuri,65.72,145.21,1.36,34.94,7.65
2026-02-24 18:00:00,Jahangirpuri,68.02,137.24,1.24,38.7,13.33
2026-02-24 19:00:00,Jahangirpuri,79.67,149.99,1.45,27.5,7.82
2026-02-24 20:00:00,Jahangirpuri,105.39,196.64,1.72,43.0,11.61
2026-02-24 21:00:00,Jahangirpuri,92.12,183.67,0.58,36.09,9.66
2026-02-24 22:00:00,Jahangirpuri,89.43,155.93,1.97,43.48,3.21
2026-02-24 23:00:00,Jahangirpuri,86.37,175.44,1.19,53.42,11.99
2026-02-25 00:00:00,Jahangirpuri,100.31,190.3,1.47,46.41,8.7
2026-02-25 01:00:00,Jahangirpuri,52.35,109.06,1.79,42.77,12.9
2026-02-25 02:00:00,Jahangirpuri,65.98,129.29,1.55,43.38,5.4
2026-02-25 03:00:00,Jahangirpuri,67.33,123.08,1.21,42.94,7.75
2026-02-25 04:00:00,Jahangirpuri,70.76,143.74,1.65,50.3,8.25
2026-02-25 05:00:00,Jahangirpuri,110.98,199.17,1.38,28.11,6.93
2026-02-25 06:00:00,Jahangirpuri,79.91,135.6,1.25,34.58,9.75
2026-02-25 07:00:00,Jahangirpuri,71.8,143.11,1.01,38.48,8.96
2026-02-25 08:00:00,Jahangirpuri,86.42,154.77,2.04,44.62,11.77
2026-02-25 09:00:00,Jahangirpuri,95.4,192.92,1.78,42.78,8.41
2026-02-25 10:00:00,Jahangirpuri,87.7,165.32,2.13,38.06,7.75
2026-02-25 11:00:00,Jahangirpuri,76.05,141.62,1.8,52.11,9.5
2026-02-25 12:00:00,Jahangirpuri,115.38,217.47,1.04,44.89,10.12
2026-02-25 13:00:00,Jahangirpuri,70.38,139.0,1.34,43.01,11.2
2026-02-25 14:00:00,Jahangirpuri,98.9,187.54,1.46,36.16,11.37
2026-02-25 15:00:00,Jahangirpuri,110.78,194.98,1.89,53.35,13.4
2026-02-25 16:00:00,Jahangirpuri,99.48,196.24,1.27,22.85,9.89
2026-02-25 17:00:00,Jahangirpuri,67.71,121.75,1.35,54.12,8.72
2026-02-25 18:00:00,Jahangirpuri,79.78,164.51,0.9,39.59,9.86
2026-02-25 19:00:00,Jahangirpuri,81.03,160.08,2.28,50.79,14.61
2026-02-25 20:00:00,Jahangirpuri,91.22,172.87,1.13,44.62,10.04
2026-02-25 21:00:00,Jahangirpuri,59.4,125.68,1.7,37.97,8.38
2026-02-25 22:00:00,Jahangirpuri,107.13,194.72,1.56,32.71,10.13
2026-02-25 23:00:00,Jahangirpuri,91.19,178.03,1.39,52.07,16.27
2026-02-26 00:00:00,Jahangirpuri,79.81,143.79,2.13,52.33,9.84
2026-02-26 01:00:00,Jahangirpuri,87.16,171.25,1.27,27.34,9.87
2026-02-26 02:00:00,Jahangirpuri,82.57,162.33,1.46,42.73,5.6
2026-02-26 03:00:00,Jahangirpuri,57.27,123.34,1.89,32.31,13.47
2026-02-26 04:00:00,Jahangirpuri,72.89,148.41,1.02,43.62,6.79
2026-02-26 05:00:00,Jahangirpuri,100.52,201.31,1.71,49.56,5.62
2026-02-26 06:00:00,Jahangirpuri,84.68,168.03,1.23,54.8,13.27
2026-02-26 07:00:00,Jahangirpuri,84.97,162.42,1.16,35.31,9.67
2026-02-26 08:00:00,Jahangirpuri,91.63,182.26,1.81,44.21,12.08
2026-02-26 09:00:00,Jahangirpuri,102.65,202.18,0.34,27.66,7.85
2026-02-26 10:00:00,Jahangirpuri,86.78,162.2,1.81,46.17,6.72
2026-02-26 11:00:00,Jahangirpuri,72.77,151.22,1.42,27.27,14.87
2026-02-26 12:00:00,Jahangirpuri,62.58,122.09,1.08,33.67,11.27
2026-02-26 13:00:00,Jahangirpuri,109.28,197.22,1.77,34.44,10.02
2026-02-26 14:00:00,Jahangirpuri,94.86,180.51,1.15,42.27,11.61
2026-02-26 15:00:00,Jahangirpuri,81.88,151.86,1.87,27.79,7.41
2026-02-26 16:00:00,Jahangirpuri,57.88,101.58,1.83,21.63,7.89
2026-02-26 17:00:00,Jahangirpuri,72.23,148.93,1.71,34.95,11.71
2026-02-26 18:00:00,Jahangirpuri,73.21,152.6,1.64,30.13,11.09
2026-02-26 19:00:00,Jahangirpuri,84.25,154.51,1.04,46.88,9.13
2026-02-26 20:00:00,Jahangirpuri,105.44,198.37,2.1,42.95,9.64
2026-02-26 21:00:00,Jahangirpuri,104.4,201.63,1.68,23.41,9.24
2026-02-26 22:00:00,Jahangirpuri,94.92,174.37,1.89,41.72,12.22
2026-02-26 23:00:00,Jahangirpuri,78.69,150.31,1.77,44.25,2.54
2026-02-27 00:00:00,Jahangirpuri,88.12,177.63,0.82,23.75,9.91
2026-02-27 01:00:00,Jahangirpuri,66.93,128.1,1.95,26.94,10.91
2026-02-27 02:00:00,Jahangirpuri,75.04,155.39,0.94,26.29,6.48
2026-02-27 03:00:00,Jahangirpuri,79.18,145.96,1.66,31.03,10.46
2026-02-27 04:00:00,Jahangirpuri,114.79,212.92,1.21,28.23,2.33
2026-02-27 05:00:00,Jahangirpuri,92.45,185.68,0.96,37.5,10.48
2026-02-27 06:00:00,Jahangirpuri,76.29,148.33,1.48,47.56,10.31
2026-02-27 07:00:00,Jahangirpuri,74.92,156.01,0.94,37.37,11.08
2026-02-27 08:00:00,Jahangirpuri,86.83,174.51,1.66,48.75,6.73
2026-02-27 09:00:00,Jahangirpuri,78.24,154.38,1.3,42.77,12.83
2026-02-27 10:00:00,Jahangirpuri,104.17,205.72,1.13,38.55,4.94
2026-02-27 11:00:00,Jahangirpuri,54.37,113.33,1.52,49.89,8.21
2026-02-27 12:00:00,Jahangirpuri,69.17,149.41,1.27,42.19,13.94
2026-02-27 13:00:00,Jahangirpuri,94.84,177.47,1.43,38.66,8.25
2026-02-27 14:00:00,Jahangirpuri,67.49,126.14,1.58,36.52,5.32
2026-02-27 15:00:00,Jahangirpuri,69.27,132.4,1.81,59.8,7.51
2026-02-27 16:00:00,Jahangirpuri,64.53,140.5,1.22,48.64,13.69
2026-02-27 17:00:00,Jahangirpuri,103.82,210.1,2.09,48.09,14.17
2026-02-27 18:00:00,Jahangirpuri,88.09,180.78,1.13,49.54,10.6
2026-02-27 19:00:00,Jahangirpuri,103.03,204.76,1.24,31.16,9.73
2026-02-27 20:00:00,Jahangirpuri,90.08,179.71,1.14,49.01,13.11
2026-02-27 21:00:00,Jahangirpuri,93.9,187.26,1.57,41.98,3.7
2026-02-27 22:00:00,Jahangirpuri,81.45,168.16,1.59,29.81,11.69
2026-02-27 23:00:00,Jahangirpuri,89.71,177.46,1.52,24.07,8.57
2026-02-28 00:00:00,Jahangirpuri,103.06,196.07,1.81,38.63,10.55
2026-02-28 01:00:00,Jahangirpuri,96.04,180.5,1.6,33.07,6.49
2026-02-28 02:00:00,Jahangirpuri,104.08,195.3,1.83,59.53,12.01
2026-02-28 03:00:00,Jahangirpuri,109.67,207.11,1.74,39.91,7.88
2026-02-28 04:00:00,Jahangirpuri,80.0,165.5,1.6,20.78,12.0
2026-02-28 05:00:00,Jahangirpuri,72.45,142.51,1.77,35.95,13.2
2026-02-28 06:00:00,Jahangirpuri,75.15,167.89,1.57,33.67,12.14
2026-02-28 07:00:00,Jahangirpuri,77.13,140.84,2.03,56.17,9.9
2026-02-28 08:00:00,Jahangirpuri,95.97,185.92,1.77,45.18,6.19
2026-02-28 09:00:00,Jahangirpuri,100.67,198.31,1.23,35.46,11.46
2026-02-28 10:00:00,Jahangirpuri,81.24,177.27,1.07,43.99,12.02
2026-02-28 11:00:00,Jahangirpuri,62.78,123.36,0.92,30.73,8.06
2026-02-28 12:00:00,Jahangirpuri,97.03,183.08,1.78,19.16,9.72
2026-02-28 13:00:00,Jahangirpuri,104.08,193.2,1.82,34.04,8.69
2026-02-28 14:00:00,Jahangirpuri,69.9,152.11,2.25,29.09,3.5
2026-02-28 15:00:00,Jahangirpuri,92.98,169.77,0.71,44.35,5.17
2026-02-28 16:00:00,Jahangirpuri,99.23,179.25,0.9,41.5,5.17
2026-02-28 17:00:00,Jahangirpuri,82.22,168.44,1.27,38.62,7.74
2026-02-28 18:00:00,Jahangirpuri,78.99,167.98,1.38,35.78,11.66
2026-02-28 19:00:00,Jahangirpuri,67.81,138.12,1.8,38.38,8.85
2026-02-28 20:00:00,Jahangirpuri,78.05,143.85,1.09,28.15,10.48
2026-02-28 21:00:00,Jahangirpuri,78.28,168.62,0.45,42.54,5.74
2026-02-28 22:00:00,Jahangirpuri,68.82,145.44,1.97,60.26,15.63
2026-02-28 23:00:00,Jahangirpuri,78.97,176.24,1.5,36.32,7.9
2026-03-01 00:00:00,Jahangirpuri,94.4,170.17,1.22,31.76,8.83
2026-03-01 01:00:00,Jahangirpuri,71.67,144.31,1.31,25.84,8.47
2026-03-01 02:00:00,Jahangirpuri,83.64,163.4,1.0,29.53,14.04
2026-03-01 03:00:00,Jahangirpuri,115.96,212.26,1.35,46.19,13.69
2026-03-01 04:00:00,Jahangirpuri,80.57,153.05,1.03,44.44,5.36
2026-03-01 05:00:00,Jahangirpuri,91.06,179.4,1.75,46.77,12.01
2026-03-01 06:00:00,Jahangirpuri,106.98,195.24,0.95,10.36,11.42
2026-03-01 07:00:00,Jahangirpuri,76.6,158.54,2.03,29.52,11.38
2026-03-01 08:00:00,Jahangirpuri,89.12,166.02,1.85,56.85,8.85
2026-03-01 09:00:00,Jahangirpuri,84.07,163.52,1.8,50.99,9.59
2026-03-01 10:00:00,Jahangirpuri,106.89,184.88,2.08,42.13,17.98
2026-03-01 11:00:00,Jahangirpuri,77.34,154.28,1.66,39.65,8.84
2026-03-01 12:00:00,Jahangirpuri,107.48,195.63,1.72,34.52,12.29
2026-03-01 13:00:00,Jahangirpuri,73.02,149.06,0.75,39.54,7.75
2026-03-01 14:00:00,Jahangirpuri,99.03,178.84,1.91,37.36,11.94
2026-03-01 15:00:00,Jahangirpuri,65.86,126.57,1.62,33.39,12.39
2026-03-01 16:00:00,Jahangirpuri,72.44,130.81,0.94,44.58,8.11
2026-03-01 17:00:00,Jahangirpuri,71.82,140.48,0.82,34.5,9.87
2026-03-01 18:00:00,Jahangirpuri,93.52,186.29,2.58,36.28,6.28
2026-03-01 19:00:00,Jahangirpuri,108.6,212.17,1.69,40.56,10.23
2026-03-01 20:00:00,Jahangirpuri,79.05,160.68,0.47,25.0,6.16
2026-03-01 21:00:00,Jahangirpuri,92.84,178.63,1.81,48.12,9.28
2026-03-01 22:00:00,Jahangirpuri,86.87,162.57,0.96,10.85,13.69
2026-03-01 23:00:00,Jahangirpuri,104.4,203.85,1.8,40.81,8.17
2026-03-02 00:00:00,Jahangirpuri,91.92,171.49,1.31,20.32,10.39
2026-03-02 01:00:00,Jahangirpuri,74.21,156.1,1.48,46.83,8.21
2026-03-02 02:00:00,Jahangirpuri,90.38,168.58,1.37,48.37,9.1
2026-03-02 03:00:00,Jahangirpuri,68.03,120.76,1.68,50.5,9.58
2026-03-02 04:00:00,Jahangirpuri,86.4,148.39,2.03,34.83,15.36
2026-03-02 05:00:00,Jahangirpuri,59.59,135.66,1.55,40.65,11.13
2026-03-02 06:00:00,Jahangirpuri,85.84,162.41,1.15,38.72,11.54
2026-03-02 07:00:00,Jahangirpuri,99.6,193.42,0.92,39.88,12.07
2026-03-02 08:00:00,Jahangirpuri,124.38,237.11,1.29,16.6,5.12
2026-03-02 09:00:00,Jahangirpuri,90.73,164.64,1.25,45.49,8.84
2026-03-02 10:00:00,Jahangirpuri,60.44,112.74,1.63,46.27,13.24
2026-03-02 11:00:00,Jahangirpuri,72.84,159.77,1.5,52.92,13.45
2026-03-02 12:00:00,Jahangirpuri,95.23,189.67,2.2,49.19,6.19
2026-03-02 13:00:00,Jahangirpuri,69.15,125.02,1.9,38.48,9.81
2026-03-02 14:00:00,Jahangirpuri,101.4,190.08,1.1,50.41,5.65
2026-03-02 15:00:00,Jahangirpuri,90.62,194.01,1.41,44.34,15.91
2026-03-02 16:00:00,Jahangirpuri,93.47,185.36,2.05,44.55,8.6
2026-03-02 17:00:00,Jahangirpuri,81.81,161.21,1.47,47.33,9.5
2026-03-02 18:00:00,Jahangirpuri,93.12,186.49,1.57,62.86,15.29
2026-03-02 19:00:00,Jahangirpuri,102.38,190.19,1.95,40.58,7.57
2026-03-02 20:00:00,Jahangirpuri,101.3,200.2,1.54,48.68,9.54
2026-03-02 21:00:00,Jahangirpuri,73.16,149.28,1.21,51.17,12.25
2026-03-02 22:00:00,Jahangirpuri,106.21,205.78,1.09,26.18,12.2
2026-03-02 23:00:00,Jahangirpuri,105.51,193.56,1.55,27.25,5.49
2026-03-03 00:00:00,Jahangirpuri,91.75,184.62,1.8,39.03,11.31
2026-03-03 01:00:00,Jahangirpuri,96.36,188.97,2.07,25.01,9.69
2026-03-03 02:00:00,Jahangirpuri,83.43,158.61,1.64,45.74,6.57
2026-03-03 03:00:00,Jahangirpuri,61.68,123.41,0.95,41.63,12.18
2026-03-03 04:00:00,Jahangirpuri,73.86,145.95,2.35,36.92,9.88
2026-03-03 05:00:00,Jahangirpuri,79.74,165.29,0.98,44.05,14.52
2026-03-03 06:00:00,Jahangirpuri,97.51,187.91,2.12,29.48,8.95
2026-03-03 07:00:00,Jahangirpuri,76.1,162.53,1.67,36.51,11.21
2026-03-03 08:00:00,Jahangirpuri,101.44,193.69,1.82,43.4,12.42
2026-03-03 09:00:00,Jahangirpuri,88.98,173.22,1.61,27.31,11.53
2026-03-03 10:00:00,Jahangirpuri,70.71,140.07,0.9,34.41,13.68
2026-03-03 11:00:00,Jahangirpuri,120.73,219.31,1.88,46.34,9.91
2026-03-03 12:00:00,Jahangirpuri,83.86,158.65,2.32,53.3,13.6
2026-03-03 13:00:00,Jahangirpuri,82.38,164.64,1.21,55.24,7.01
2026-03-03 14:00:00,Jahangirpuri,122.11,222.88,1.48,46.38,13.54
2026-03-03 15:00:00,Jahangirpuri,68.28,144.54,2.06,45.2,13.35
2026-03-03 16:00:00,Jahangirpuri,76.36,157.38,1.54,56.08,10.93
2026-03-03 17:00:00,Jahangirpuri,112.28,202.38,2.16,45.3,10.62
2026-03-03 18:00:00,Jahangirpuri,88.63,187.5,1.03,54.79,4.38
2026-03-03 19:00:00,Jahangirpuri,91.27,165.85,1.19,37.33,12.26
2026-03-03 20:00:00,Jahangirpuri,80.87,153.46,1.18,35.18,9.79
2026-03-03 21:00:00,Jahangirpuri,82.5,179.81,2.09,40.84,8.56
2026-03-03 22:00:00,Jahangirpuri,88.18,181.77,1.87,38.06,6.69
2026-03-03 23:00:00,Jahangirpuri,62.05,118.33,1.73,32.37,11.32
2026-03-04 00:00:00,Jahangirpuri,83.1,161.46,2.23,32.42,10.95
2026-03-04 01:00:00,Jahangirpuri,86.01,159.4,1.74,33.52,11.78
2026-03-04 02:00:00,Jahangirpuri,124.09,226.25,1.66,31.7,6.36
2026-03-04 03:00:00,Jahangirpuri,97.12,194.92,1.06,39.02,13.32
2026-03-04 04:00:00,Jahangirpuri,82.09,159.81,1.86,52.37,7.3
2026-03-04 05:00:00,Jahangirpuri,101.85,197.48,1.43,36.56,11.04
2026-03-04 06:00:00,Jahangirpuri,94.43,187.04,2.03,29.76,4.95
2026-03-04 07:00:00,Jahangirpuri,120.95,234.41,1.28,35.57,11.55
2026-03-04 08:00:00,Jahangirpuri,84.67,167.91,1.26,38.84,7.6
2026-03-04 09:00:00,Jahangirpuri,86.45,158.43,1.05,25.75,12.54
2026-03-04 10:00:00,Jahangirpuri,90.51,162.57,1.51,36.88,14.53
2026-03-04 11:00:00,Jahangirpuri,103.34,192.88,1.09,25.97,6.69
2026-03-04 12:00:00,Jahangirpuri,81.71,161.72,1.76,33.71,10.59
2026-03-04 13:00:00,Jahangirpuri,50.0,98.17,1.34,35.17,13.98
2026-03-04 14:00:00,Jahangirpuri,85.07,163.65,1.66,35.39,11.39
2026-03-04 15:00:00,Jahangirpuri,77.54,152.7,1.65,50.37,8.22
2026-03-04 16:00:00,Jahangirpuri,94.76,182.53,1.46,44.25,12.98
2026-03-04 17:00:00,Jahangirpuri,90.47,191.64,0.36,43.36,0.0
2026-03-04 18:00:00,Jahangirpuri,94.79,189.89,2.32,38.79,10.3
2026-03-04 19:00:00,Jahangirpuri,116.23,219.5,1.26,39.89,8.95
2026-03-04 20:00:00,Jahangirpuri,80.95,161.07,1.63,45.9,5.93
2026-03-04 21:00:00,Jahangirpuri,86.71,172.3,2.07,32.02,9.42
2026-03-04 22:00:00,Jahangirpuri,88.63,169.7,0.54,31.77,6.45
2026-03-04 23:00:00,Jahangirpuri,92.36,182.14,1.46,26.3,12.8
2026-03-05 00:00:00,Jahangirpuri,101.42,195.84,1.7,36.32,10.26
2026-03-05 01:00:00,Jahangirpuri,87.73,169.63,1.98,40.26,8.52
2026-03-05 02:00:00,Jahangirpuri,103.56,182.17,1.58,24.36,10.23
2026-03-05 03:00:00,Jahangirpuri,91.83,166.91,1.51,36.22,9.87
2026-03-05 04:00:00,Jahangirpuri,86.11,154.43,1.97,21.09,12.59
2026-03-05 05:00:00,Jahangirpuri,74.69,159.91,1.8,31.01,9.78
2026-03-05 06:00:00,Jahangirpuri,84.34,151.43,1.66,66.65,13.87
2026-03-05 07:00:00,Jahangirpuri,86.89,164.56,1.14,43.57,12.38
2026-03-05 08:00:00,Jahangirpuri,77.11,140.72,1.71,39.39,10.36
2026-03-05 09:00:00,Jahangirpuri,97.04,179.69,1.73,41.28,10.82
2026-03-05 10:00:00,Jahangirpuri,92.42,184.75,1.67,43.14,11.12
2026-03-05 11:00:00,Jahangirpuri,102.54,194.65,1.7,59.3,13.62
2026-03-05 12:00:00,Jahangirpuri,86.72,169.71,1.77,38.07,10.65
2026-03-05 13:00:00,Jahangirpuri,102.98,190.69,2.2,36.19,7.57
2026-03-05 14:00:00,Jahangirpuri,93.23,170.66,1.45,20.13,8.49
2026-03-05 15:00:00,Jahangirpuri,88.55,163.18,1.4,55.55,7.34
2026-03-05 16:00:00,Jahangirpuri,111.98,205.34,1.78,38.89,11.59
2026-03-05 17:00:00,Jahangirpuri,85.82,175.32,1.33,52.89,6.04
2026-03-05 18:00:00,Jahangirpuri,87.39,167.54,2.19,33.99,11.88
2026-03-05 19:00:00,Jahangirpuri,114.58,212.81,1.8,45.8,9.41
2026-03-05 20:00:00,Jahangirpuri,76.94,149.06,1.81,36.47,7.58
2026-03-05 21:00:00,Jahangirpuri,96.39,195.79,1.57,46.87,7.73
2026-03-05 22:00:00,Jahangirpuri,81.9,168.93,1.39,46.49,5.3
2026-03-05 23:00:00,Jahangirpuri,67.38,129.8,1.3,24.63,13.13
2026-03-06 00:00:00,Jahangirpuri,103.56,196.96,1.5,47.11,10.39
2026-03-06 01:00:00,Jahangirpuri,78.59,171.2,2.05,37.19,8.98
2026-03-06 02:00:00,Jahangirpuri,77.63,151.06,0.83,27.51,12.73
2026-03-06 03:00:00,Jahangirpuri,66.39,146.65,1.02,50.47,7.18
2026-03-06 04:00:00,Jahangirpuri,81.43,164.96,1.8,28.1,14.67
2026-03-06 05:00:00,Jahangirpuri,91.67,170.62,0.8,30.78,11.39
2026-03-06 06:00:00,Jahangirpuri,74.05,144.05,1.17,14.22,11.76
2026-03-06 07:00:00,Jahangirpuri,68.48,144.71,1.77,44.72,4.89
2026-03-06 08:00:00,Jahangirpuri,77.54,149.48,1.57,44.08,7.32
2026-03-06 09:00:00,Jahangirpuri,73.33,145.49,0.9,38.98,6.69
2026-03-06 10:00:00,Jahangirpuri,59.85,111.22,1.48,45.37,11.89
2026-03-06 11:00:00,Jahangirpuri,78.89,157.29,1.52,36.18,9.28
2026-03-06 12:00:00,Jahangirpuri,102.37,191.55,1.77,36.58,8.76
2026-03-06 13:00:00,Jahangirpuri,67.69,128.41,1.91,40.22,9.89
2026-03-06 14:00:00,Jahangirpuri,91.97,175.32,2.15,39.13,12.48
2026-03-06 15:00:00,Jahangirpuri,76.61,142.52,2.18,49.68,9.17
2026-03-06 16:00:00,Jahangirpuri,43.96,100.58,1.38,48.74,9.37
2026-03-06 17:00:00,Jahangirpuri,68.46,140.98,1.72,30.47,13.67
2026-03-06 18:00:00,Jahangirpuri,51.51,111.48,1.33,60.58,11.18
2026-03-06 19:00:00,Jahangirpuri,80.09,161.39,1.46,49.38,0.05
2026-03-06 20:00:00,Jahangirpuri,92.49,177.99,1.37,33.85,12.54
2026-03-06 21:00:00,Jahangirpuri,75.04,155.17,2.18,38.9,6.9
2026-03-06 22:00:00,Jahangirpuri,83.1,153.89,1.33,31.54,12.59
2026-03-06 23:00:00,Jahangirpuri,81.51,151.08,1.15,48.12,8.99
2026-03-07 00:00:00,Jahangirpuri,61.31,128.43,2.22,35.95,7.37
2026-03-07 01:00:00,Jahangirpuri,67.71,143.22,1.8,35.06,6.61
2026-03-07 02:00:00,Jahangirpuri,88.33,183.1,1.35,49.06,9.18
2026-03-07 03:00:00,Jahangirpuri,89.75,166.09,1.6,44.6,7.32
2026-03-07 04:00:00,Jahangirpuri,64.89,146.56,1.8,44.86,10.44
2026-03-07 05:00:00,Jahangirpuri,102.86,189.5,1.22,21.08,12.39
2026-03-07 06:00:00,Jahangirpuri,71.13,144.66,1.56,43.79,5.85
2026-03-07 07:00:00,Jahangirpuri,75.29,164.08,2.02,33.59,11.12
2026-03-07 08:00:00,Jahangirpuri,81.98,140.2,1.56,39.12,12.61
2026-03-07 09:00:00,Jahangirpuri,54.23,125.95,2.17,23.54,8.83
2026-03-07 10:00:00,Jahangirpuri,70.29,147.5,1.67,39.5,13.61
2026-03-07 11:00:00,Jahangirpuri,83.24,166.14,1.64,32.6,10.93
2026-03-07 12:00:00,Jahangirpuri,87.56,169.66,1.27,41.66,15.08
2026-03-07 13:00:00,Jahangirpuri,71.29,142.06,0.83,52.91,12.76
2026-03-07 14:00:00,Jahangirpuri,91.0,179.15,2.32,41.22,11.79
2026-03-07 15:00:00,Jahangirpuri,89.41,180.76,1.63,37.27,11.51
2026-03-07 16:00:00,Jahangirpuri,105.05,194.31,1.88,46.81,15.21
2026-03-07 17:00:00,Jahangirpuri,75.08,158.44,1.19,52.17,5.09
2026-03-07 18:00:00,Jahangirpuri,97.27,174.9,1.81,36.1,10.99
2026-03-07 19:00:00,Jahangirpuri,105.75,202.57,2.45,47.86,10.94
2026-03-07 20:00:00,Jahangirpuri,88.84,166.4,1.79,24.18,12.52
2026-03-07 21:00:00,Jahangirpuri,82.34,174.1,1.64,35.95,7.08
2026-03-07 22:00:00,Jahangirpuri,71.94,146.06,1.05,48.55,6.89
2026-03-07 23:00:00,Jahangirpuri,77.43,145.75,1.43,38.4,12.18
2026-03-08 00:00:00,Jahangirpuri,74.59,153.21,1.66,43.97,9.63
2026-03-08 01:00:00,Jahangirpuri,81.13,152.77,1.05,48.46,7.98
2026-03-08 02:00:00,Jahangirpuri,86.03,165.05,0.83,53.84,10.23
2026-03-08 03:00:00,Jahangirpuri,79.86,157.25,1.72,20.31,11.93
2026-03-08 04:00:00,Jahangirpuri,81.92,172.26,1.56,29.82,11.63
2026-03-08 05:00:00,Jahangirpuri,84.95,155.08,1.41,42.1,8.89
2026-03-08 06:00:00,Jahangirpuri,116.45,203.54,2.25,43.67,5.13
2026-03-08 07:00:00,Jahangirpuri,78.05,152.61,0.95,50.37,6.81
2026-03-08 08:00:00,Jahangirpuri,114.94,227.71,1.56,43.19,11.0
2026-03-08 09:00:00,Jahangirpuri,93.06,180.24,1.4,54.59,14.25
2026-03-08 10:00:00,Jahangirpuri,123.11,236.3,1.21,58.07,9.2
2026-03-08 11:00:00,Jahangirpuri,88.62,178.19,1.9,59.08,4.89
2026-03-08 12:00:00,Jahangirpuri,66.04,143.59,1.82,34.17,6.6
2026-03-08 13:00:00,Jahangirpuri,81.63,146.86,0.99,27.78,4.1
2026-03-08 14:00:00,Jahangirpuri,68.52,140.01,0.9,37.89,15.42
2026-03-08 15:00:00,Jahangirpuri,74.78,149.19,1.69,32.6,11.76
2026-03-08 16:00:00,Jahangirpuri,99.73,191.86,1.32,47.3,8.07
2026-03-08 17:00:00,Jahangirpuri,80.25,148.7,1.93,42.12,7.4
2026-03-08 18:00:00,Jahangirpuri,105.87,200.93,2.01,27.8,7.24
2026-03-08 19:00:00,Jahangirpuri,87.98,175.66,1.34,36.09,6.72
2026-03-08 20:00:00,Jahangirpuri,55.58,118.09,0.92,33.5,8.21
2026-03-08 21:00:00,Jahangirpuri,79.25,156.83,1.61,42.77,13.45
2026-03-08 22:00:00,Jahangirpuri,77.3,149.2,1.04,33.22,9.43
2026-03-08 23:00:00,Jahangirpuri,79.11,154.68,2.33,29.96,18.8
2026-03-09 00:00:00,Jahangirpuri,78.52,163.45,1.29,29.03,9.15
2026-03-09 01:00:00,Jahangirpuri,114.24,226.25,0.82,50.76,13.67
2026-03-09 02:00:00,Jahangirpuri,66.49,124.9,1.42,44.76,13.32
2026-03-09 03:00:00,Jahangirpuri,67.41,139.0,1.25,40.55,12.92
2026-03-09 04:00:00,Jahangirpuri,83.55,170.34,1.15,53.53,6.69
2026-03-09 05:00:00,Jahangirpuri,103.82,180.95,1.98,54.34,7.62
2026-03-09 06:00:00,Jahangirpuri,97.29,178.37,1.13,44.57,7.94
2026-03-09 07:00:00,Jahangirpuri,136.54,242.27,1.41,47.88,15.0
2026-03-09 08:00:00,Jahangirpuri,91.78,166.91,1.56,26.36,5.11
2026-03-09 09:00:00,Jahangirpuri,117.35,209.89,1.74,45.88,9.92
2026-03-09 10:00:00,Jahangirpuri,87.82,169.0,1.74,52.11,6.09
2026-03-09 11:00:00,Jahangirpuri,98.3,205.34,1.55,45.18,13.97
2026-03-09 12:00:00,Jahangirpuri,71.53,138.12,1.15,42.63,6.76
2026-03-09 13:00:00,Jahangirpuri,57.17,120.42,1.38,40.23,7.09
2026-03-09 14:00:00,Jahangirpuri,83.06,155.99,1.59,35.42,8.34
2026-03-09 15:00:00,Jahangirpuri,99.24,172.67,1.09,38.11,6.95
2026-03-09 16:00:00,Jahangirpuri,75.57,154.42,2.24,50.43,14.13
2026-03-09 17:00:00,Jahangirpuri,67.36,130.75,0.17,66.86,6.95
2026-03-09 18:00:00,Jahangirpuri,70.21,128.57,1.41,38.86,4.9
2026-03-09 19:00:00,Jahangirpuri,105.43,206.13,1.52,45.35,4.6
2026-03-09 20:00:00,Jahangirpuri,92.43,188.7,1.65,30.18,12.66
2026-03-09 21:00:00,Jahangirpuri,91.66,173.27,1.65,35.28,13.29
2026-03-09 22:00:00,Jahangirpuri,87.5,177.81,1.26,28.72,13.96
2026-03-09 23:00:00,Jahangirpuri,88.08,167.53,1.51,29.67,12.86
2026-03-10 00:00:00,Jahangirpuri,89.04,173.18,2.58,49.21,2.7
2026-03-10 01:00:00,Jahangirpuri,89.24,187.27,2.0,35.45,6.97
2026-03-10 02:00:00,Jahangirpuri,76.33,157.73,1.76,50.93,11.76
2026-03-10 03:00:00,Jahangirpuri,92.16,177.31,1.63,35.12,9.58
2026-03-10 04:00:00,Jahangirpuri,71.54,125.43,1.31,27.38,17.8
2026-03-10 05:00:00,Jahangirpuri,111.66,201.69,1.57,35.52,7.51
2026-03-10 06:00:00,Jahangirpuri,88.29,172.96,1.39,46.26,10.88
2026-03-10 07:00:00,Jahangirpuri,78.99,168.74,2.13,45.44,14.49
2026-03-10 08:00:00,Jahangirpuri,96.17,182.51,1.87,45.38,13.45
2026-03-10 09:00:00,Jahangirpuri,96.67,182.17,1.42,23.21,16.19
2026-03-10 10:00:00,Jahangirpuri,86.92,170.05,1.66,30.67,9.25
2026-03-10 11:00:00,Jahangirpuri,69.89,133.24,1.83,39.51,10.07
2026-03-10 12:00:00,Jahangirpuri,84.81,175.88,0.97,44.97,11.81
2026-03-10 13:00:00,Jahangirpuri,76.82,152.2,1.47,35.83,14.45
2026-03-10 14:00:00,Jahangirpuri,65.34,131.22,1.27,46.8,7.78
2026-03-10 15:00:00,Jahangirpuri,95.96,176.88,2.02,36.96,13.87
2026-03-10 16:00:00,Jahangirpuri,102.5,195.5,1.32,39.6,9.84
2026-03-10 17:00:00,Jahangirpuri,86.41,148.04,1.32,42.52,11.41
2026-03-10 18:00:00,Jahangirpuri,61.47,120.05,1.56,42.77,9.28
2026-03-10 19:00:00,Jahangirpuri,86.77,161.04,1.61,48.35,13.04
2026-03-10 20:00:00,Jahangirpuri,74.23,145.78,1.98,36.48,12.75
2026-03-10 21:00:00,Jahangirpuri,109.57,201.82,1.89,28.9,14.15
2026-03-10 22:00:00,Jahangirpuri,91.29,182.85,1.66,37.27,11.94
2026-03-10 23:00:00,Jahangirpuri,75.07,143.6,1.94,21.69,9.37
2026-03-11 00:00:00,Jahangirpuri,79.38,156.97,1.59,26.6,13.02
2026-03-11 01:00:00,Jahangirpuri,48.85,110.77,2.05,45.81,9.59
2026-03-11 02:00:00,Jahangirpuri,85.04,169.32,1.71,42.67,14.82
2026-03-11 03:00:00,Jahangirpuri,97.87,188.66,0.61,42.59,7.49
2026-03-11 04:00:00,Jahangirpuri,75.72,147.1,1.33,58.2,13.23
2026-03-11 05:00:00,Jahangirpuri,69.87,137.27,1.29,53.84,12.13
2026-03-11 06:00:00,Jahangirpuri,96.8,188.62,1.69,29.7,10.92
2026-03-11 07:00:00,Jahangirpuri,106.63,200.74,1.65,25.59,12.38
2026-03-11 08:00:00,Jahangirpuri,85.03,180.78,1.41,48.94,7.58
2026-03-11 09:00:00,Jahangirpuri,84.01,161.56,1.16,42.09,9.43
2026-03-11 10:00:00,Jahangirpuri,97.47,187.1,1.27,52.95,13.55
2026-03-11 11:00:00,Jahangirpuri,61.6,137.16,1.9,47.69,10.78
2026-03-11 12:00:00,Jahangirpuri,58.95,121.0,2.01,47.52,5.15
2026-03-11 13:00:00,Jahangirpuri,59.6,132.43,1.59,36.23,8.67
2026-03-11 14:00:00,Jahangirpuri,86.63,168.34,1.34,39.07,6.91
2026-03-11 15:00:00,Jahangirpuri,71.82,157.76,1.9,34.48,11.73
2026-03-11 16:00:00,Jahangirpuri,64.07,135.34,1.13,27.03,10.36
2026-03-11 17:00:00,Jahangirpuri,87.63,177.67,1.03,36.25,14.53
2026-03-11 18:00:00,Jahangirpuri,84.48,156.21,1.98,33.86,8.7
2026-03-11 19:00:00,Jahangirpuri,79.48,144.58,1.87,47.11,10.87
2026-03-11 20:00:00,Jahangirpuri,81.38,167.89,1.13,45.91,10.55
2026-03-11 21:00:00,Jahangirpuri,85.62,165.31,1.19,45.39,15.04
2026-03-11 22:00:00,Jahangirpuri,61.8,123.16,1.92,26.11,7.13
2026-03-11 23:00:00,Jahangirpuri,88.17,164.87,1.68,32.19,8.98
2026-03-12 00:00:00,Jahangirpuri,87.54,169.86,1.48,34.13,6.26
2026-03-12 01:00:00,Jahangirpuri,72.04,153.1,1.1,28.84,12.37
2026-03-12 02:00:00,Jahangirpuri,84.94,160.14,0.95,46.44,14.52
2026-03-12 03:00:00,Jahangirpuri,78.89,159.54,1.83,36.01,12.33
2026-03-12 04:00:00,Jahangirpuri,93.75,192.0,0.94,30.27,8.23
2026-03-12 05:00:00,Jahangirpuri,93.53,182.91,1.09,34.75,9.22
2026-03-12 06:00:00,Jahangirpuri,86.34,166.65,0.99,60.54,4.73
2026-03-12 07:00:00,Jahangirpuri,106.26,197.99,0.43,35.9,2.28
2026-03-12 08:00:00,Jahangirpuri,75.49,152.09,0.79,30.42,7.48
2026-03-12 09:00:00,Jahangirpuri,110.57,212.34,1.45,55.65,5.78
2026-03-12 10:00:00,Jahangirpuri,86.4,162.84,0.96,44.01,14.32
2026-03-12 11:00:00,Jahangirpuri,87.56,165.06,1.93,36.12,4.48
2026-03-12 12:00:00,Jahangirpuri,82.01,153.9,1.52,54.52,12.5
2026-03-12 13:00:00,Jahangirpuri,97.29,192.88,1.55,39.38,12.37
2026-03-12 14:00:00,Jahangirpuri,76.01,152.45,0.86,22.74,5.84
2026-03-12 15:00:00,Jahangirpuri,54.48,108.43,1.58,32.85,12.46
2026-03-12 16:00:00,Jahangirpuri,96.59,187.34,1.75,43.44,9.05
2026-03-12 17:00:00,Jahangirpuri,73.14,139.66,1.72,20.41,14.05
2026-03-12 18:00:00,Jahangirpuri,107.12,202.12,1.48,59.7,8.57
2026-03-12 19:00:00,Jahangirpuri,72.62,129.41,0.93,29.49,9.12
2026-03-12 20:00:00,Jahangirpuri,84.1,160.38,1.42,30.59,4.48
2026-03-12 21:00:00,Jahangirpuri,56.12,116.86,1.95,24.84,5.77
2026-03-12 22:00:00,Jahangirpuri,93.86,177.98,2.06,40.99,10.01
2026-03-12 23:00:00,Jahangirpuri,96.49,172.66,1.88,44.71,8.87
2026-03-13 00:00:00,Jahangirpuri,88.22,163.38,1.68,51.75,14.65
2026-03-13 01:00:00,Jahangirpuri,75.08,156.87,1.32,41.79,5.14
2026-03-13 02:00:00,Jahangirpuri,52.24,108.99,1.86,39.95,7.05
2026-03-13 03:00:00,Jahangirpuri,88.83,163.41,1.34,47.28,6.51
2026-03-13 04:00:00,Jahangirpuri,64.72,136.4,1.7,41.81,10.56
2026-03-13 05:00:00,Jahangirpuri,80.1,164.25,1.84,31.6,13.86
2026-03-13 06:00:00,Jahangirpuri,75.08,160.27,1.9,42.19,5.85
2026-03-13 07:00:00,Jahangirpuri,95.25,174.44,1.33,22.63,8.77
2026-03-13 08:00:00,Jahangirpuri,73.03,148.09,0.96,48.12,8.49
2026-03-13 09:00:00,Jahangirpuri,78.4,145.64,1.38,40.18,10.19
2026-03-13 10:00:00,Jahangirpuri,65.35,135.61,1.26,38.48,10.95
2026-03-13 11:00:00,Jahangirpuri,82.92,166.24,1.1,48.17,14.48
2026-03-13 12:00:00,Jahangirpuri,102.16,192.23,1.21,42.34,11.21
2026-03-13 13:00:00,Jahangirpuri,122.05,214.41,2.14,48.66,9.79
2026-03-13 14:00:00,Jahangirpuri,87.71,165.82,1.44,49.74,12.47
2026-03-13 15:00:00,Jahangirpuri,87.66,166.62,0.98,22.8,12.44
2026-03-13 16:00:00,Jahangirpuri,81.53,164.04,1.91,25.16,11.51
2026-03-13 17:00:00,Jahangirpuri,87.94,168.75,2.23,54.36,11.99
2026-03-13 18:00:00,Jahangirpuri,93.18,176.79,1.41,40.13,14.33
2026-03-13 19:00:00,Jahangirpuri,63.53,137.18,1.11,26.75,9.18
2026-03-13 20:00:00,Jahangirpuri,78.6,162.06,1.24,45.17,3.53
2026-03-13 21:00:00,Jahangirpuri,81.73,166.67,2.13,57.96,1.97
2026-03-13 22:00:00,Jahangirpuri,87.82,163.92,1.74,38.41,3.82
2026-03-13 23:00:00,Jahangirpuri,81.26,160.59,1.9,49.35,9.14
2026-03-14 00:00:00,Jahangirpuri,99.4,194.66,1.29,41.2,6.73
2026-03-14 01:00:00,Jahangirpuri,108.94,208.49,1.35,35.01,9.19
2026-03-14 02:00:00,Jahangirpuri,92.82,170.38,1.45,49.57,10.67
2026-03-14 03:00:00,Jahangirpuri,107.57,206.09,1.32,38.77,9.76
2026-03-14 04:00:00,Jahangirpuri,79.77,152.14,1.86,70.88,12.83
2026-03-14 05:00:00,Jahangirpuri,87.7,180.09,1.46,46.43,9.7
2026-03-14 06:00:00,Jahangirpuri,84.45,165.23,1.28,50.03,7.76
2026-03-14 07:00:00,Jahangirpuri,85.72,177.61,2.27,44.13,11.45
2026-03-14 08:00:00,Jahangirpuri,81.35,158.53,1.21,36.55,1.78
2026-03-14 09:00:00,Jahangirpuri,85.78,167.15,1.42,53.71,9.08
2026-03-14 10:00:00,Jahangirpuri,78.72,181.04,1.04,20.07,7.31
2026-03-14 11:00:00,Jahangirpuri,76.42,161.98,1.58,33.88,9.82
2026-03-14 12:00:00,Jahangirpuri,68.29,140.56,1.16,47.8,7.44
2026-03-14 13:00:00,Jahangirpuri,76.32,149.61,1.84,41.81,11.55
2026-03-14 14:00:00,Jahangirpuri,97.25,178.49,1.68,41.3,11.49
2026-03-14 15:00:00,Jahangirpuri,77.11,154.3,1.89,24.23,7.71
2026-03-14 16:00:00,Jahangirpuri,103.86,204.06,2.06,65.92,10.48
2026-03-14 17:00:00,Jahangirpuri,76.63,143.98,1.21,45.15,7.87
2026-03-14 18:00:00,Jahangirpuri,92.38,191.44,1.71,38.06,11.53
2026-03-14 19:00:00,Jahangirpuri,89.61,171.58,1.47,44.7,12.32
2026-03-14 20:00:00,Jahangirpuri,80.71,165.43,1.78,31.81,12.33
2026-03-14 21:00:00,Jahangirpuri,57.61,130.7,1.97,52.84,9.75
2026-03-14 22:00:00,Jahangirpuri,105.11,197.05,1.75,31.8,11.54
2026-03-14 23:00:00,Jahangirpuri,86.54,171.32,1.79,58.94,4.95
2026-03-15 00:00:00,Jahangirpuri,72.75,150.72,1.34,33.19,5.07
2026-03-15 01:00:00,Jahangirpuri,78.58,150.66,2.36,50.77,4.51
2026-03-15 02:00:00,Jahangirpuri,107.23,198.72,2.16,59.74,12.0
2026-03-15 03:00:00,Jahangirpuri,64.73,149.86,1.97,45.58,11.33
2026-03-15 04:00:00,Jahangirpuri,56.44,119.47,1.51,41.72,0.0
2026-03-15 05:00:00,Jahangirpuri,80.56,147.63,1.73,49.23,6.78
2026-03-15 06:00:00,Jahangirpuri,97.48,180.62,1.28,37.11,10.5
2026-03-15 07:00:00,Jahangirpuri,113.66,200.9,1.31,18.54,10.19
2026-03-15 08:00:00,Jahangirpuri,87.63,168.74,1.9,31.53,6.07
2026-03-15 09:00:00,Jahangirpuri,96.29,171.04,1.35,52.79,6.6
2026-03-15 10:00:00,Jahangirpuri,92.53,156.65,1.65,17.24,13.76
2026-03-15 11:00:00,Jahangirpuri,80.45,161.6,1.18,39.72,10.86
2026-03-15 12:00:00,Jahangirpuri,107.44,209.66,1.47,45.9,14.43
2026-03-15 13:00:00,Jahangirpuri,83.41,170.88,1.79,46.02,11.15
2026-03-15 14:00:00,Jahangirpuri,80.08,156.79,1.42,56.07,7.66
2026-03-15 15:00:00,Jahangirpuri,58.56,119.83,1.5,49.48,7.9
2026-03-15 16:00:00,Jahangirpuri,69.58,124.92,1.31,24.97,4.8
2026-03-15 17:00:00,Jahangirpuri,108.42,199.92,1.31,40.25,6.98
2026-03-15 18:00:00,Jahangirpuri,77.19,164.24,1.88,24.83,6.28
2026-03-15 19:00:00,Jahangirpuri,93.97,191.39,1.17,44.55,8.27
2026-03-15 20:00:00,Jahangirpuri,64.83,129.98,1.34,35.84,12.98
2026-03-15 21:00:00,Jahangirpuri,97.96,188.41,2.07,58.08,5.91
2026-03-15 22:00:00,Jahangirpuri,72.27,156.71,1.64,46.21,14.99
2026-03-15 23:00:00,Jahangirpuri,80.76,166.01,1.26,51.4,6.6
2026-03-16 00:00:00,Jahangirpuri,111.94,194.67,2.22,44.71,10.67
2026-03-16 01:00:00,Jahangirpuri,64.57,145.96,1.8,54.9,9.0
2026-03-16 02:00:00,Jahangirpuri,72.32,143.09,1.74,58.99,12.69
2026-03-16 03:00:00,Jahangirpuri,79.74,168.71,2.07,47.12,6.47
2026-03-16 04:00:00,Jahangirpuri,78.44,165.56,1.77,44.33,7.36
2026-03-16 05:00:00,Jahangirpuri,75.17,150.35,1.46,37.07,7.44
2026-03-16 06:00:00,Jahangirpuri,54.8,120.99,1.77,24.85,12.73
2026-03-16 07:00:00,Jahangirpuri,81.54,172.21,0.67,50.54,6.65
2026-03-16 08:00:00,Jahangirpuri,48.47,120.15,1.44,23.75,13.01
2026-03-16 09:00:00,Jahangirpuri,73.26,157.24,1.82,32.37,6.44
2026-03-16 10:00:00,Jahangirpuri,76.72,141.35,1.16,41.32,8.27
2026-03-16 11:00:00,Jahangirpuri,100.12,190.22,1.7,33.63,11.1
2026-03-16 12:00:00,Jahangirpuri,105.01,196.6,1.15,49.23,11.67
2026-03-16 13:00:00,Jahangirpuri,68.75,142.35,1.88,42.48,12.03
2026-03-16 14:00:00,Jahangirpuri,84.38,157.11,2.15,49.25,11.74
2026-03-16 15:00:00,Jahangirpuri,99.7,187.51,1.24,38.11,6.09
2026-03-16 16:00:00,Jahangirpuri,63.84,139.62,1.4,24.49,12.62
2026-03-16 17:00:00,Jahangirpuri,92.94,179.26,1.75,35.24,10.15
2026-03-16 18:00:00,Jahangirpuri,60.04,123.82,1.28,42.51,10.06
2026-03-16 19:00:00,Jahangirpuri,93.5,180.1,0.83,40.46,7.45
2026-03-16 20:00:00,Jahangirpuri,76.0,140.66,1.69,33.99,8.01
2026-03-16 21:00:00,Jahangirpuri,79.68,161.99,0.59,40.11,5.9
2026-03-16 22:00:00,Jahangirpuri,73.72,141.55,1.84,32.11,8.8
2026-03-16 23:00:00,Jahangirpuri,85.49,176.68,1.83,48.66,4.21
2026-03-17 00:00:00,Jahangirpuri,69.25,148.77,1.55,40.98,10.8
2026-03-17 01:00:00,Jahangirpuri,72.81,149.88,2.69,45.61,8.29
2026-03-17 02:00:00,Jahangirpuri,96.23,193.65,1.64,43.37,7.49
2026-03-17 03:00:00,Jahangirpuri,67.45,119.91,1.75,41.91,6.93
2026-03-17 04:00:00,Jahangirpuri,86.02,165.34,1.22,53.99,12.6
2026-03-17 05:00:00,Jahangirpuri,58.33,110.5,1.63,32.54,8.79
2026-03-17 06:00:00,Jahangirpuri,104.34,196.0,1.7,54.51,8.9
2026-03-17 07:00:00,Jahangirpuri,93.21,166.94,1.59,37.62,8.98
2026-03-17 08:00:00,Jahangirpuri,57.24,139.7,1.28,31.24,11.14
2026-03-17 09:00:00,Jahangirpuri,120.28,219.96,1.52,49.21,11.07
2026-03-17 10:00:00,Jahangirpuri,80.67,164.45,2.01,41.06,10.61
2026-03-17 11:00:00,Jahangirpuri,83.12,151.57,1.14,49.96,9.35
2026-03-17 12:00:00,Jahangirpuri,71.43,151.82,1.92,35.46,15.14
2026-03-17 13:00:00,Jahangirpuri,67.06,137.17,1.21,33.29,11.47
2026-03-17 14:00:00,Jahangirpuri,58.16,131.14,1.51,30.44,11.94
2026-03-17 15:00:00,Jahangirpuri,99.95,192.32,1.99,47.59,12.17
2026-03-17 16:00:00,Jahangirpuri,94.07,179.42,1.6,36.51,7.15
2026-03-17 17:00:00,Jahangirpuri,104.97,211.72,1.08,50.37,7.64
2026-03-17 18:00:00,Jahangirpuri,105.5,192.58,1.11,43.01,11.3
2026-03-17 19:00:00,Jahangirpuri,72.82,144.46,1.32,46.82,11.98
2026-03-17 20:00:00,Jahangirpuri,77.88,156.11,1.43,35.67,5.65
2026-03-17 21:00:00,Jahangirpuri,75.1,147.92,2.18,26.12,13.6
2026-03-17 22:00:00,Jahangirpuri,83.52,169.1,1.05,41.5,10.52
2026-03-17 23:00:00,Jahangirpuri,81.72,159.74,1.5,44.57,8.63
2026-03-18 00:00:00,Jahangirpuri,77.32,135.98,1.97,39.59,5.11
2026-03-18 01:00:00,Jahangirpuri,75.68,146.24,1.71,48.08,11.56
2026-03-18 02:00:00,Jahangirpuri,116.83,225.26,1.95,45.34,7.51
2026-03-18 03:00:00,Jahangirpuri,58.53,123.32,1.44,43.93,9.29
2026-03-18 04:00:00,Jahangirpuri,65.38,132.34,1.99,36.09,11.5
2026-03-18 05:00:00,Jahangirpuri,64.88,129.72,1.5,32.81,8.92
2026-03-18 06:00:00,Jahangirpuri,85.49,169.59,1.72,50.69,10.36
2026-03-18 07:00:00,Jahangirpuri,101.47,202.7,0.95,33.92,9.91
2026-03-18 08:00:00,Jahangirpuri,82.73,153.8,1.83,28.72,10.83
2026-03-18 09:00:00,Jahangirpuri,89.51,190.02,1.72,47.21,11.87
2026-03-18 10:00:00,Jahangirpuri,59.31,132.19,1.02,47.72,10.17
2026-03-18 11:00:00,Jahangirpuri,86.64,158.58,1.34,56.4,13.92
2026-03-18 12:00:00,Jahangirpuri,88.35,170.76,1.28,44.48,12.49
2026-03-18 13:00:00,Jahangirpuri,100.77,193.66,1.6,51.71,9.74
2026-03-18 14:00:00,Jahangirpuri,99.99,189.47,1.81,40.92,9.77
2026-03-18 15:00:00,Jahangirpuri,68.04,146.15,1.85,30.74,14.72
2026-03-18 16:00:00,Jahangirpuri,60.13,130.4,1.77,41.82,4.61
2026-03-18 17:00:00,Jahangirpuri,46.09,91.33,2.03,35.32,11.69
2026-03-18 18:00:00,Jahangirpuri,74.09,143.33,1.77,42.16,2.73
2026-03-18 19:00:00,Jahangirpuri,103.87,203.44,1.29,43.9,9.04
2026-03-18 20:00:00,Jahangirpuri,254.1,138.39,6.19,45.43,12.69
2026-03-18 21:00:00,Jahangirpuri,242.4,180.67,6.47,38.85,5.18
2026-03-18 22:00:00,Jahangirpuri,301.96,160.83,6.79,33.27,14.64
2026-03-18 23:00:00,Jahangirpuri,282.48,168.47,6.7,47.08,7.37
2026-03-19 00:00:00,Jahangirpuri,245.51,180.71,6.66,46.86,10.67
2026-03-19 01:00:00,Jahangirpuri,271.41,193.84,6.34,54.07,18.04
2026-03-19 02:00:00,Jahangirpuri,284.75,144.33,6.15,57.64,7.52
2026-03-19 03:00:00,Jahangirpuri,325.56,218.29,5.36,27.19,10.32
2026-03-19 04:00:00,Jahangirpuri,265.52,198.91,5.1,43.95,12.07
2026-03-19 05:00:00,Jahangirpuri,106.9,211.32,2.22,42.6,8.64
2026-03-19 06:00:00,Jahangirpuri,120.27,221.42,1.39,41.33,10.12
2026-03-19 07:00:00,Jahangirpuri,120.01,224.75,1.46,41.02,13.74
2026-03-19 08:00:00,Jahangirpuri,82.7,157.13,0.7,56.55,8.39
2026-03-19 09:00:00,Jahangirpuri,101.18,187.45,1.35,38.43,10.64
2026-03-19 10:00:00,Jahangirpuri,60.88,131.24,1.67,37.15,8.02
2026-03-19 11:00:00,Jahangirpuri,102.26,197.32,1.69,61.48,10.97
2026-03-19 12:00:00,Jahangirpuri,91.51,169.64,1.8,34.7,13.36
2026-03-19 13:00:00,Jahangirpuri,90.24,174.17,0.69,33.43,11.4
2026-03-19 14:00:00,Jahangirpuri,104.1,195.5,0.97,23.01,7.39
2026-03-19 15:00:00,Jahangirpuri,71.76,139.81,1.92,35.72,9.67
2026-03-19 16:00:00,Jahangirpuri,81.57,154.63,1.83,29.48,7.72
2026-03-19 17:00:00,Jahangirpuri,81.56,169.35,2.33,27.44,12.18
2026-02-17 18:00:00,Gurugram_Cyber_City,87.88,183.52,1.54,37.24,5.85
2026-02-17 19:00:00,Gurugram_Cyber_City,83.33,178.54,1.62,38.86,12.32
2026-02-17 20:00:00,Gurugram_Cyber_City,71.21,145.3,1.53,36.79,8.76
2026-02-17 21:00:00,Gurugram_Cyber_City,88.4,155.58,1.48,27.11,12.81
2026-02-17 22:00:00,Gurugram_Cyber_City,75.92,161.62,1.27,34.72,16.42
2026-02-17 23:00:00,Gurugram_Cyber_City,76.72,139.68,2.41,44.68,10.06
2026-02-18 00:00:00,Gurugram_Cyber_City,95.46,182.64,1.72,53.39,10.16
2026-02-18 01:00:00,Gurugram_Cyber_City,94.04,162.04,1.59,44.23,9.05
2026-02-18 02:00:00,Gurugram_Cyber_City,87.44,168.96,1.55,40.03,11.8
2026-02-18 03:00:00,Gurugram_Cyber_City,87.87,176.85,1.31,43.32,12.64
2026-02-18 04:00:00,Gurugram_Cyber_City,82.66,166.46,1.6,34.7,11.08
2026-02-18 05:00:00,Gurugram_Cyber_City,92.6,185.68,1.29,34.97,13.03
2026-02-18 06:00:00,Gurugram_Cyber_City,96.66,177.05,1.93,43.33,8.79
2026-02-18 07:00:00,Gurugram_Cyber_City,83.47,155.81,1.2,38.67,2.6
2026-02-18 08:00:00,Gurugram_Cyber_City,70.19,133.47,1.49,40.78,8.37
2026-02-18 09:00:00,Gurugram_Cyber_City,82.96,164.13,1.62,48.58,9.44
2026-02-18 10:00:00,Gurugram_Cyber_City,101.37,199.1,1.07,34.41,16.08
2026-02-18 11:00:00,Gurugram_Cyber_City,85.72,162.37,2.31,41.66,14.03
2026-02-18 12:00:00,Gurugram_Cyber_City,84.98,169.46,2.03,21.97,6.16
2026-02-18 13:00:00,Gurugram_Cyber_City,91.88,170.63,1.09,34.87,6.45
2026-02-18 14:00:00,Gurugram_Cyber_City,83.13,164.44,0.51,51.88,8.91
2026-02-18 15:00:00,Gurugram_Cyber_City,108.96,208.12,1.78,32.69,10.63
2026-02-18 16:00:00,Gurugram_Cyber_City,79.14,151.12,1.65,30.81,15.06
2026-02-18 17:00:00,Gurugram_Cyber_City,77.41,157.99,1.64,38.42,10.96
2026-02-18 18:00:00,Gurugram_Cyber_City,76.02,149.93,1.32,53.02,2.94
2026-02-18 19:00:00,Gurugram_Cyber_City,81.54,152.82,1.25,38.2,12.48
2026-02-18 20:00:00,Gurugram_Cyber_City,81.87,165.58,0.76,29.49,9.74
2026-02-18 21:00:00,Gurugram_Cyber_City,79.95,148.32,2.25,42.0,10.87
2026-02-18 22:00:00,Gurugram_Cyber_City,91.77,169.4,1.66,42.8,15.62
2026-02-18 23:00:00,Gurugram_Cyber_City,72.43,151.22,1.36,49.71,10.92
2026-02-19 00:00:00,Gurugram_Cyber_City,90.03,183.97,1.86,41.94,10.7
2026-02-19 01:00:00,Gurugram_Cyber_City,90.48,187.07,1.16,34.33,9.12
2026-02-19 02:00:00,Gurugram_Cyber_City,94.81,181.11,1.2,34.74,7.11
2026-02-19 03:00:00,Gurugram_Cyber_City,73.29,137.67,1.78,42.97,13.8
2026-02-19 04:00:00,Gurugram_Cyber_City,117.97,218.22,1.31,47.46,6.95
2026-02-19 05:00:00,Gurugram_Cyber_City,74.75,142.65,1.56,37.85,13.1
2026-02-19 06:00:00,Gurugram_Cyber_City,49.29,119.54,1.23,31.19,9.29
2026-02-19 07:00:00,Gurugram_Cyber_City,110.71,188.91,1.88,57.48,11.16
2026-02-19 08:00:00,Gurugram_Cyber_City,80.5,155.28,1.47,30.38,7.59
2026-02-19 09:00:00,Gurugram_Cyber_City,96.4,193.73,1.48,17.25,9.1
2026-02-19 10:00:00,Gurugram_Cyber_City,85.71,168.54,0.96,27.78,7.31
2026-02-19 11:00:00,Gurugram_Cyber_City,85.72,166.02,1.32,48.0,5.74
2026-02-19 12:00:00,Gurugram_Cyber_City,92.59,178.97,1.17,46.91,10.33
2026-02-19 13:00:00,Gurugram_Cyber_City,83.26,149.92,1.16,50.89,8.03
2026-02-19 14:00:00,Gurugram_Cyber_City,101.05,204.15,1.51,54.18,15.7
2026-02-19 15:00:00,Gurugram_Cyber_City,89.23,156.51,0.88,33.63,14.04
2026-02-19 16:00:00,Gurugram_Cyber_City,96.74,184.16,1.43,35.51,7.28
2026-02-19 17:00:00,Gurugram_Cyber_City,83.38,154.19,1.17,54.02,3.44
2026-02-19 18:00:00,Gurugram_Cyber_City,103.99,195.52,1.44,30.05,8.1
2026-02-19 19:00:00,Gurugram_Cyber_City,88.17,159.77,0.93,50.3,7.4
2026-02-19 20:00:00,Gurugram_Cyber_City,66.78,125.88,1.36,49.27,10.52
2026-02-19 21:00:00,Gurugram_Cyber_City,85.06,161.78,1.89,42.95,7.7
2026-02-19 22:00:00,Gurugram_Cyber_City,79.28,157.17,2.18,29.35,10.32
2026-02-19 23:00:00,Gurugram_Cyber_City,99.37,179.06,1.07,32.89,11.07
2026-02-20 00:00:00,Gurugram_Cyber_City,68.03,152.28,1.09,47.56,9.01
2026-02-20 01:00:00,Gurugram_Cyber_City,64.05,125.09,1.75,32.17,8.71
2026-02-20 02:00:00,Gurugram_Cyber_City,74.49,151.7,1.6,38.12,9.18
2026-02-20 03:00:00,Gurugram_Cyber_City,84.8,179.11,1.76,40.83,13.5
2026-02-20 04:00:00,Gurugram_Cyber_City,79.32,154.77,1.58,45.46,10.97
2026-02-20 05:00:00,Gurugram_Cyber_City,68.17,154.77,1.23,40.56,10.42
2026-02-20 06:00:00,Gurugram_Cyber_City,82.43,168.47,1.63,31.94,9.79
2026-02-20 07:00:00,Gurugram_Cyber_City,85.4,177.83,1.94,36.84,10.12
2026-02-20 08:00:00,Gurugram_Cyber_City,84.8,163.14,1.22,31.59,5.4
2026-02-20 09:00:00,Gurugram_Cyber_City,84.02,162.8,1.67,19.58,14.42
2026-02-20 10:00:00,Gurugram_Cyber_City,81.39,161.29,1.63,26.27,11.65
2026-02-20 11:00:00,Gurugram_Cyber_City,82.89,161.24,1.7,46.54,8.06
2026-02-20 12:00:00,Gurugram_Cyber_City,101.44,198.83,1.45,42.04,14.3
2026-02-20 13:00:00,Gurugram_Cyber_City,101.21,190.59,1.95,34.9,3.28
2026-02-20 14:00:00,Gurugram_Cyber_City,65.39,119.65,1.45,39.79,11.32
2026-02-20 15:00:00,Gurugram_Cyber_City,78.14,146.86,1.77,47.93,8.47
2026-02-20 16:00:00,Gurugram_Cyber_City,84.53,163.77,1.66,56.08,15.71
2026-02-20 17:00:00,Gurugram_Cyber_City,95.23,172.2,2.31,32.68,13.82
2026-02-20 18:00:00,Gurugram_Cyber_City,85.81,161.33,1.4,40.73,6.11
2026-02-20 19:00:00,Gurugram_Cyber_City,86.7,175.96,1.19,44.18,14.45
2026-02-20 20:00:00,Gurugram_Cyber_City,83.95,164.38,1.79,41.13,10.62
2026-02-20 21:00:00,Gurugram_Cyber_City,97.32,177.96,1.32,23.55,16.12
2026-02-20 22:00:00,Gurugram_Cyber_City,106.22,184.46,1.13,46.35,16.44
2026-02-20 23:00:00,Gurugram_Cyber_City,112.29,210.89,1.92,31.74,6.86
2026-02-21 00:00:00,Gurugram_Cyber_City,105.54,192.9,1.38,50.15,9.44
2026-02-21 01:00:00,Gurugram_Cyber_City,97.57,185.98,1.45,40.41,9.96
2026-02-21 02:00:00,Gurugram_Cyber_City,81.1,160.05,1.32,34.19,8.98
2026-02-21 03:00:00,Gurugram_Cyber_City,95.88,179.73,1.65,51.85,10.26
2026-02-21 04:00:00,Gurugram_Cyber_City,87.26,165.96,1.42,37.08,10.32
2026-02-21 05:00:00,Gurugram_Cyber_City,81.44,149.31,1.18,42.23,10.21
2026-02-21 06:00:00,Gurugram_Cyber_City,80.08,159.51,0.97,24.07,7.95
2026-02-21 07:00:00,Gurugram_Cyber_City,107.21,202.24,2.08,24.67,12.5
2026-02-21 08:00:00,Gurugram_Cyber_City,96.37,182.69,1.34,33.76,5.19
2026-02-21 09:00:00,Gurugram_Cyber_City,75.75,140.34,1.03,44.84,7.35
2026-02-21 10:00:00,Gurugram_Cyber_City,78.97,148.87,1.26,42.37,12.76
2026-02-21 11:00:00,Gurugram_Cyber_City,81.3,150.88,1.92,44.85,9.66
2026-02-21 12:00:00,Gurugram_Cyber_City,105.94,197.43,1.1,30.03,10.17
2026-02-21 13:00:00,Gurugram_Cyber_City,95.99,180.01,1.25,47.81,12.2
2026-02-21 14:00:00,Gurugram_Cyber_City,74.02,139.68,1.35,41.35,5.72
2026-02-21 15:00:00,Gurugram_Cyber_City,56.5,123.66,1.69,61.67,11.51
2026-02-21 16:00:00,Gurugram_Cyber_City,99.96,173.93,1.5,54.19,12.82
2026-02-21 17:00:00,Gurugram_Cyber_City,86.93,170.47,1.67,53.73,8.72
2026-02-21 18:00:00,Gurugram_Cyber_City,79.1,157.14,0.91,41.69,14.7
2026-02-21 19:00:00,Gurugram_Cyber_City,83.63,180.12,1.02,47.01,12.27
2026-02-21 20:00:00,Gurugram_Cyber_City,81.93,175.19,1.92,37.25,9.23
2026-02-21 21:00:00,Gurugram_Cyber_City,88.79,176.21,1.47,55.25,9.96
2026-02-21 22:00:00,Gurugram_Cyber_City,60.74,130.61,1.7,42.57,5.07
2026-02-21 23:00:00,Gurugram_Cyber_City,90.52,163.39,1.2,50.9,7.98
2026-02-22 00:00:00,Gurugram_Cyber_City,81.2,161.16,0.91,44.77,5.85
2026-02-22 01:00:00,Gurugram_Cyber_City,84.04,169.57,1.32,34.85,11.47
2026-02-22 02:00:00,Gurugram_Cyber_City,80.66,145.05,1.54,54.06,6.35
2026-02-22 03:00:00,Gurugram_Cyber_City,77.22,148.62,1.55,55.42,6.9
2026-02-22 04:00:00,Gurugram_Cyber_City,82.17,150.82,1.56,41.74,10.2
2026-02-22 05:00:00,Gurugram_Cyber_City,84.84,167.36,1.12,28.02,14.77
2026-02-22 06:00:00,Gurugram_Cyber_City,92.56,176.13,1.67,36.2,9.63
2026-02-22 07:00:00,Gurugram_Cyber_City,97.4,170.18,1.44,36.34,15.41
2026-02-22 08:00:00,Gurugram_Cyber_City,101.37,186.86,1.23,38.61,13.43
2026-02-22 09:00:00,Gurugram_Cyber_City,84.91,160.84,1.77,33.66,7.98
2026-02-22 10:00:00,Gurugram_Cyber_City,85.62,147.74,1.4,31.37,9.3
2026-02-22 11:00:00,Gurugram_Cyber_City,88.17,174.42,1.61,46.28,11.55
2026-02-22 12:00:00,Gurugram_Cyber_City,76.91,159.67,1.6,40.65,16.86
2026-02-22 13:00:00,Gurugram_Cyber_City,114.16,221.64,1.87,46.62,10.52
2026-02-22 14:00:00,Gurugram_Cyber_City,96.97,203.68,1.16,24.23,12.03
2026-02-22 15:00:00,Gurugram_Cyber_City,81.38,153.03,1.46,36.23,8.87
2026-02-22 16:00:00,Gurugram_Cyber_City,60.34,120.1,1.32,49.54,7.77
2026-02-22 17:00:00,Gurugram_Cyber_City,94.72,186.54,1.9,26.25,7.11
2026-02-22 18:00:00,Gurugram_Cyber_City,79.85,164.03,1.17,18.5,11.66
2026-02-22 19:00:00,Gurugram_Cyber_City,87.13,178.13,1.28,41.52,8.06
2026-02-22 20:00:00,Gurugram_Cyber_City,71.2,153.52,0.94,22.19,9.25
2026-02-22 21:00:00,Gurugram_Cyber_City,74.73,150.21,1.04,36.16,10.17
2026-02-22 22:00:00,Gurugram_Cyber_City,92.24,173.54,1.93,38.65,10.69
2026-02-22 23:00:00,Gurugram_Cyber_City,80.81,160.49,2.26,27.32,10.85
2026-02-23 00:00:00,Gurugram_Cyber_City,83.46,172.31,1.45,49.72,9.86
2026-02-23 01:00:00,Gurugram_Cyber_City,84.57,149.08,1.7,43.72,12.67
2026-02-23 02:00:00,Gurugram_Cyber_City,73.54,157.17,1.32,44.87,7.15
2026-02-23 03:00:00,Gurugram_Cyber_City,86.73,170.75,1.51,46.55,11.03
2026-02-23 04:00:00,Gurugram_Cyber_City,83.71,162.85,0.92,48.59,9.18
2026-02-23 05:00:00,Gurugram_Cyber_City,46.82,110.35,1.31,56.97,9.57
2026-02-23 06:00:00,Gurugram_Cyber_City,61.59,135.28,1.79,31.62,12.47
2026-02-23 07:00:00,Gurugram_Cyber_City,85.96,169.81,1.23,52.59,12.33
2026-02-23 08:00:00,Gurugram_Cyber_City,81.08,170.6,1.43,32.89,13.81
2026-02-23 09:00:00,Gurugram_Cyber_City,90.5,176.01,1.25,36.2,7.4
2026-02-23 10:00:00,Gurugram_Cyber_City,95.65,177.34,1.81,23.93,9.17
2026-02-23 11:00:00,Gurugram_Cyber_City,79.39,159.04,1.42,32.87,11.96
2026-02-23 12:00:00,Gurugram_Cyber_City,88.97,181.57,1.82,33.86,12.48
2026-02-23 13:00:00,Gurugram_Cyber_City,74.26,147.76,1.58,27.88,6.28
2026-02-23 14:00:00,Gurugram_Cyber_City,103.07,205.51,1.48,39.97,9.43
2026-02-23 15:00:00,Gurugram_Cyber_City,66.26,124.0,1.45,38.65,8.79
2026-02-23 16:00:00,Gurugram_Cyber_City,119.04,210.67,1.93,29.93,12.35
2026-02-23 17:00:00,Gurugram_Cyber_City,82.37,164.93,1.28,34.09,12.9
2026-02-23 18:00:00,Gurugram_Cyber_City,97.11,199.49,1.49,36.14,16.43
2026-02-23 19:00:00,Gurugram_Cyber_City,89.61,171.77,1.8,41.99,8.1
2026-02-23 20:00:00,Gurugram_Cyber_City,76.73,170.46,1.37,28.47,7.67
2026-02-23 21:00:00,Gurugram_Cyber_City,98.94,171.93,1.56,25.28,10.49
2026-02-23 22:00:00,Gurugram_Cyber_City,69.66,156.4,1.21,23.08,7.75
2026-02-23 23:00:00,Gurugram_Cyber_City,81.02,165.89,1.74,47.18,4.89
2026-02-24 00:00:00,Gurugram_Cyber_City,96.54,173.79,0.96,36.57,15.64
2026-02-24 01:00:00,Gurugram_Cyber_City,80.58,151.04,1.91,48.76,9.87
2026-02-24 02:00:00,Gurugram_Cyber_City,94.14,171.93,1.63,41.96,12.07
2026-02-24 03:00:00,Gurugram_Cyber_City,80.52,171.04,1.67,39.06,5.75
2026-02-24 04:00:00,Gurugram_Cyber_City,89.67,169.08,1.82,49.62,8.0
2026-02-24 05:00:00,Gurugram_Cyber_City,80.73,155.35,1.28,35.9,5.07
2026-02-24 06:00:00,Gurugram_Cyber_City,86.35,172.79,1.55,21.0,10.67
2026-02-24 07:00:00,Gurugram_Cyber_City,102.08,179.18,1.53,64.54,12.97
2026-02-24 08:00:00,Gurugram_Cyber_City,89.29,174.39,0.55,47.84,6.38
2026-02-24 09:00:00,Gurugram_Cyber_City,97.28,191.15,1.37,36.45,13.15
2026-02-24 10:00:00,Gurugram_Cyber_City,80.48,142.97,1.99,39.28,14.05
2026-02-24 11:00:00,Gurugram_Cyber_City,73.93,139.75,1.14,27.98,12.9
2026-02-24 12:00:00,Gurugram_Cyber_City,83.94,166.7,1.99,50.34,10.32
2026-02-24 13:00:00,Gurugram_Cyber_City,63.08,125.19,1.19,33.69,3.94
2026-02-24 14:00:00,Gurugram_Cyber_City,81.72,173.08,1.48,35.57,12.08
2026-02-24 15:00:00,Gurugram_Cyber_City,53.81,119.67,1.55,42.58,13.18
2026-02-24 16:00:00,Gurugram_Cyber_City,89.93,181.92,1.63,63.33,15.72
2026-02-24 17:00:00,Gurugram_Cyber_City,87.88,172.07,0.92,32.26,7.57
2026-02-24 18:00:00,Gurugram_Cyber_City,77.37,150.57,1.12,47.23,9.5
2026-02-24 19:00:00,Gurugram_Cyber_City,76.54,160.99,1.65,44.98,11.29
2026-02-24 20:00:00,Gurugram_Cyber_City,94.11,195.66,1.03,36.53,11.74
2026-02-24 21:00:00,Gurugram_Cyber_City,66.21,130.62,1.9,51.43,10.75
2026-02-24 22:00:00,Gurugram_Cyber_City,92.36,187.94,1.86,31.06,7.17
2026-02-24 23:00:00,Gurugram_Cyber_City,110.25,204.34,1.88,46.58,9.76
2026-02-25 00:00:00,Gurugram_Cyber_City,93.98,178.43,1.28,49.88,6.65
2026-02-25 01:00:00,Gurugram_Cyber_City,103.74,184.57,1.6,39.64,8.46
2026-02-25 02:00:00,Gurugram_Cyber_City,81.35,160.5,1.65,48.03,7.23
2026-02-25 03:00:00,Gurugram_Cyber_City,71.78,150.9,1.33,45.79,9.92
2026-02-25 04:00:00,Gurugram_Cyber_City,96.96,190.61,1.26,44.31,9.4
2026-02-25 05:00:00,Gurugram_Cyber_City,100.76,185.27,1.65,51.27,8.33
2026-02-25 06:00:00,Gurugram_Cyber_City,83.13,161.6,1.6,32.33,7.17
2026-02-25 07:00:00,Gurugram_Cyber_City,82.0,151.11,1.57,38.1,13.67
2026-02-25 08:00:00,Gurugram_Cyber_City,104.18,199.72,0.81,43.95,10.79
2026-02-25 09:00:00,Gurugram_Cyber_City,92.89,174.07,1.6,41.93,12.17
2026-02-25 10:00:00,Gurugram_Cyber_City,92.11,168.34,1.63,46.82,6.87
2026-02-25 11:00:00,Gurugram_Cyber_City,85.4,166.76,1.99,44.24,12.2
2026-02-25 12:00:00,Gurugram_Cyber_City,73.02,138.71,1.63,43.0,8.72
2026-02-25 13:00:00,Gurugram_Cyber_City,69.97,147.04,1.82,34.65,10.56
2026-02-25 14:00:00,Gurugram_Cyber_City,90.4,182.4,1.73,26.99,14.66
2026-02-25 15:00:00,Gurugram_Cyber_City,86.51,170.35,1.52,34.8,10.02
2026-02-25 16:00:00,Gurugram_Cyber_City,70.64,146.47,1.23,34.22,7.24
2026-02-25 17:00:00,Gurugram_Cyber_City,114.66,205.89,1.86,46.14,10.2
2026-02-25 18:00:00,Gurugram_Cyber_City,84.52,164.46,1.45,43.93,9.9
2026-02-25 19:00:00,Gurugram_Cyber_City,89.88,156.59,1.49,54.0,9.56
2026-02-25 20:00:00,Gurugram_Cyber_City,98.37,199.05,1.99,34.76,11.76
2026-02-25 21:00:00,Gurugram_Cyber_City,81.62,170.34,1.52,26.09,7.96
2026-02-25 22:00:00,Gurugram_Cyber_City,72.9,156.45,0.65,51.88,8.43
2026-02-25 23:00:00,Gurugram_Cyber_City,96.1,192.88,1.45,24.06,15.94
2026-02-26 00:00:00,Gurugram_Cyber_City,100.04,195.48,1.58,43.59,11.54
2026-02-26 01:00:00,Gurugram_Cyber_City,87.17,171.89,2.03,53.39,7.05
2026-02-26 02:00:00,Gurugram_Cyber_City,87.79,188.18,1.73,44.2,14.81
2026-02-26 03:00:00,Gurugram_Cyber_City,94.53,180.24,1.36,22.98,13.82
2026-02-26 04:00:00,Gurugram_Cyber_City,73.73,147.81,0.98,29.94,5.91
2026-02-26 05:00:00,Gurugram_Cyber_City,79.12,148.34,1.1,34.13,9.62
2026-02-26 06:00:00,Gurugram_Cyber_City,100.38,178.31,2.07,20.85,10.13
2026-02-26 07:00:00,Gurugram_Cyber_City,84.26,168.89,1.84,43.64,13.7
2026-02-26 08:00:00,Gurugram_Cyber_City,94.76,171.19,1.07,48.24,14.79
2026-02-26 09:00:00,Gurugram_Cyber_City,70.36,129.55,1.15,36.52,11.01
2026-02-26 10:00:00,Gurugram_Cyber_City,121.28,231.06,1.53,42.08,12.59
2026-02-26 11:00:00,Gurugram_Cyber_City,72.49,135.49,1.0,41.28,18.54
2026-02-26 12:00:00,Gurugram_Cyber_City,78.22,141.94,1.39,31.32,6.28
2026-02-26 13:00:00,Gurugram_Cyber_City,78.86,165.78,1.68,43.75,8.54
2026-02-26 14:00:00,Gurugram_Cyber_City,93.32,187.22,1.63,41.35,10.54
2026-02-26 15:00:00,Gurugram_Cyber_City,95.9,170.67,2.25,50.44,10.07
2026-02-26 16:00:00,Gurugram_Cyber_City,87.49,183.88,1.73,29.16,9.78
2026-02-26 17:00:00,Gurugram_Cyber_City,74.77,149.77,1.15,40.38,12.94
2026-02-26 18:00:00,Gurugram_Cyber_City,78.34,161.17,1.2,31.49,14.1
2026-02-26 19:00:00,Gurugram_Cyber_City,70.54,136.01,1.81,38.97,9.57
2026-02-26 20:00:00,Gurugram_Cyber_City,67.22,136.96,2.01,40.84,10.83
2026-02-26 21:00:00,Gurugram_Cyber_City,102.19,185.3,1.34,16.42,10.17
2026-02-26 22:00:00,Gurugram_Cyber_City,96.91,185.15,1.47,54.85,11.75
2026-02-26 23:00:00,Gurugram_Cyber_City,78.01,155.85,1.61,29.91,11.07
2026-02-27 00:00:00,Gurugram_Cyber_City,70.11,129.73,2.21,49.69,11.95
2026-02-27 01:00:00,Gurugram_Cyber_City,96.01,189.53,1.11,33.73,13.43
2026-02-27 02:00:00,Gurugram_Cyber_City,92.9,179.26,2.05,45.3,8.3
2026-02-27 03:00:00,Gurugram_Cyber_City,80.34,153.98,1.78,56.89,10.56
2026-02-27 04:00:00,Gurugram_Cyber_City,61.27,133.23,1.65,26.85,6.93
2026-02-27 05:00:00,Gurugram_Cyber_City,83.83,154.92,1.17,34.85,6.73
2026-02-27 06:00:00,Gurugram_Cyber_City,90.47,182.73,1.54,46.15,13.57
2026-02-27 07:00:00,Gurugram_Cyber_City,86.54,169.35,2.24,47.65,13.48
2026-02-27 08:00:00,Gurugram_Cyber_City,101.3,197.69,2.06,49.15,10.09
2026-02-27 09:00:00,Gurugram_Cyber_City,71.51,150.95,1.77,68.45,13.22
2026-02-27 10:00:00,Gurugram_Cyber_City,95.57,188.02,1.41,39.42,7.28
2026-02-27 11:00:00,Gurugram_Cyber_City,85.89,172.54,1.53,53.46,14.56
2026-02-27 12:00:00,Gurugram_Cyber_City,69.41,137.61,1.61,34.22,5.73
2026-02-27 13:00:00,Gurugram_Cyber_City,84.2,164.07,1.03,50.42,9.01
2026-02-27 14:00:00,Gurugram_Cyber_City,96.58,191.57,1.04,46.39,8.95
2026-02-27 15:00:00,Gurugram_Cyber_City,93.94,197.02,1.32,57.58,7.4
2026-02-27 16:00:00,Gurugram_Cyber_City,108.06,208.14,1.05,26.84,12.15
2026-02-27 17:00:00,Gurugram_Cyber_City,92.12,175.84,0.83,62.0,5.12
2026-02-27 18:00:00,Gurugram_Cyber_City,98.88,184.22,1.49,34.99,6.61
2026-02-27 19:00:00,Gurugram_Cyber_City,99.49,211.28,2.04,42.18,13.75
2026-02-27 20:00:00,Gurugram_Cyber_City,70.35,131.11,1.91,32.36,10.07
2026-02-27 21:00:00,Gurugram_Cyber_City,96.4,188.07,1.79,39.83,11.56
2026-02-27 22:00:00,Gurugram_Cyber_City,80.9,156.52,1.64,52.81,7.67
2026-02-27 23:00:00,Gurugram_Cyber_City,79.61,151.81,1.11,25.89,4.99
2026-02-28 00:00:00,Gurugram_Cyber_City,67.52,140.66,0.94,41.08,10.93
2026-02-28 01:00:00,Gurugram_Cyber_City,105.9,208.48,1.45,46.39,9.72
2026-02-28 02:00:00,Gurugram_Cyber_City,98.97,170.26,1.35,27.87,11.54
2026-02-28 03:00:00,Gurugram_Cyber_City,77.92,158.05,1.22,26.52,10.08
2026-02-28 04:00:00,Gurugram_Cyber_City,89.03,169.19,1.97,28.59,3.71
2026-02-28 05:00:00,Gurugram_Cyber_City,62.13,130.32,1.52,15.51,11.72
2026-02-28 06:00:00,Gurugram_Cyber_City,89.09,164.01,1.66,48.97,6.33
2026-02-28 07:00:00,Gurugram_Cyber_City,104.54,201.63,1.45,46.85,5.83
2026-02-28 08:00:00,Gurugram_Cyber_City,93.41,170.6,1.12,44.83,10.74
2026-02-28 09:00:00,Gurugram_Cyber_City,71.18,147.05,1.29,30.36,6.69
2026-02-28 10:00:00,Gurugram_Cyber_City,87.14,162.2,1.44,33.56,10.51
2026-02-28 11:00:00,Gurugram_Cyber_City,83.06,151.73,1.19,45.98,13.32
2026-02-28 12:00:00,Gurugram_Cyber_City,88.07,180.3,1.18,40.13,5.37
2026-02-28 13:00:00,Gurugram_Cyber_City,77.63,162.04,0.66,48.2,5.77
2026-02-28 14:00:00,Gurugram_Cyber_City,79.55,161.96,1.17,35.78,0.16
2026-02-28 15:00:00,Gurugram_Cyber_City,62.12,120.76,1.68,31.86,11.22
2026-02-28 16:00:00,Gurugram_Cyber_City,94.19,176.74,1.67,53.68,12.95
2026-02-28 17:00:00,Gurugram_Cyber_City,80.48,156.43,1.82,45.02,11.2
2026-02-28 18:00:00,Gurugram_Cyber_City,80.92,153.42,1.65,29.58,11.29
2026-02-28 19:00:00,Gurugram_Cyber_City,100.88,192.92,1.42,64.21,8.13
2026-02-28 20:00:00,Gurugram_Cyber_City,111.87,205.05,0.68,67.41,15.19
2026-02-28 21:00:00,Gurugram_Cyber_City,66.66,134.53,1.29,40.06,13.05
2026-02-28 22:00:00,Gurugram_Cyber_City,80.05,161.68,1.3,44.13,4.34
2026-02-28 23:00:00,Gurugram_Cyber_City,86.96,168.31,1.53,38.01,8.94
2026-03-01 00:00:00,Gurugram_Cyber_City,107.66,196.2,2.17,38.21,9.8
2026-03-01 01:00:00,Gurugram_Cyber_City,71.02,133.11,0.62,22.0,13.33
2026-03-01 02:00:00,Gurugram_Cyber_City,67.84,127.2,2.46,31.32,11.65
2026-03-01 03:00:00,Gurugram_Cyber_City,62.91,126.91,0.95,13.19,7.59
2026-03-01 04:00:00,Gurugram_Cyber_City,75.31,148.01,2.1,46.86,9.62
2026-03-01 05:00:00,Gurugram_Cyber_City,115.15,199.52,1.12,32.46,9.31
2026-03-01 06:00:00,Gurugram_Cyber_City,65.88,130.04,0.98,37.81,5.56
2026-03-01 07:00:00,Gurugram_Cyber_City,83.41,150.99,0.71,44.11,11.55
2026-03-01 08:00:00,Gurugram_Cyber_City,115.59,210.59,2.24,45.76,11.4
2026-03-01 09:00:00,Gurugram_Cyber_City,77.82,161.91,1.7,48.34,13.23
2026-03-01 10:00:00,Gurugram_Cyber_City,91.7,186.7,1.41,51.57,11.61
2026-03-01 11:00:00,Gurugram_Cyber_City,70.18,123.3,1.93,45.92,6.57
2026-03-01 12:00:00,Gurugram_Cyber_City,91.8,173.62,1.71,42.78,7.92
2026-03-01 13:00:00,Gurugram_Cyber_City,103.32,207.85,0.94,47.0,7.24
2026-03-01 14:00:00,Gurugram_Cyber_City,56.91,115.02,1.76,46.55,11.71
2026-03-01 15:00:00,Gurugram_Cyber_City,87.73,178.9,0.74,35.11,8.41
2026-03-01 16:00:00,Gurugram_Cyber_City,84.92,174.87,1.86,33.2,7.59
2026-03-01 17:00:00,Gurugram_Cyber_City,92.15,163.35,1.66,54.65,11.29
2026-03-01 18:00:00,Gurugram_Cyber_City,90.28,179.04,1.46,43.69,11.2
2026-03-01 19:00:00,Gurugram_Cyber_City,65.53,126.87,1.37,64.45,10.41
2026-03-01 20:00:00,Gurugram_Cyber_City,103.95,192.36,1.41,60.32,6.78
2026-03-01 21:00:00,Gurugram_Cyber_City,105.12,201.97,1.22,44.94,12.02
2026-03-01 22:00:00,Gurugram_Cyber_City,78.11,160.29,0.97,32.81,9.82
2026-03-01 23:00:00,Gurugram_Cyber_City,93.17,174.91,1.19,43.5,12.33
2026-03-02 00:00:00,Gurugram_Cyber_City,98.94,184.1,0.32,23.57,18.0
2026-03-02 01:00:00,Gurugram_Cyber_City,84.04,155.48,0.73,34.96,12.74
2026-03-02 02:00:00,Gurugram_Cyber_City,67.37,148.08,1.64,30.74,7.78
2026-03-02 03:00:00,Gurugram_Cyber_City,84.52,167.13,2.78,38.26,11.78
2026-03-02 04:00:00,Gurugram_Cyber_City,101.93,199.07,1.32,36.69,16.29
2026-03-02 05:00:00,Gurugram_Cyber_City,76.0,155.34,1.78,33.94,10.21
2026-03-02 06:00:00,Gurugram_Cyber_City,89.61,174.72,2.08,19.18,9.44
2026-03-02 07:00:00,Gurugram_Cyber_City,67.34,128.64,1.62,28.58,13.59
2026-03-02 08:00:00,Gurugram_Cyber_City,91.46,164.52,1.55,41.93,12.45
2026-03-02 09:00:00,Gurugram_Cyber_City,103.05,202.79,1.25,35.46,6.64
2026-03-02 10:00:00,Gurugram_Cyber_City,90.29,178.26,2.17,51.72,12.41
2026-03-02 11:00:00,Gurugram_Cyber_City,70.61,156.1,1.49,65.97,9.62
2026-03-02 12:00:00,Gurugram_Cyber_City,80.49,157.25,1.34,23.75,10.32
2026-03-02 13:00:00,Gurugram_Cyber_City,95.97,191.41,1.04,53.33,8.01
2026-03-02 14:00:00,Gurugram_Cyber_City,99.46,203.34,1.38,49.33,12.32
2026-03-02 15:00:00,Gurugram_Cyber_City,69.69,134.11,1.63,57.66,12.03
2026-03-02 16:00:00,Gurugram_Cyber_City,73.16,151.65,1.71,33.57,9.49
2026-03-02 17:00:00,Gurugram_Cyber_City,77.38,149.7,1.39,44.53,12.97
2026-03-02 18:00:00,Gurugram_Cyber_City,87.21,188.21,1.59,45.53,8.25
2026-03-02 19:00:00,Gurugram_Cyber_City,71.22,142.1,1.32,27.42,13.91
2026-03-02 20:00:00,Gurugram_Cyber_City,86.13,160.03,1.72,28.42,13.41
2026-03-02 21:00:00,Gurugram_Cyber_City,50.56,115.06,1.96,38.53,12.6
2026-03-02 22:00:00,Gurugram_Cyber_City,56.8,127.53,1.23,36.82,12.47
2026-03-02 23:00:00,Gurugram_Cyber_City,51.84,111.86,1.67,36.04,9.24
2026-03-03 00:00:00,Gurugram_Cyber_City,88.95,160.86,1.49,30.32,5.82
2026-03-03 01:00:00,Gurugram_Cyber_City,83.2,155.72,1.47,35.38,12.8
2026-03-03 02:00:00,Gurugram_Cyber_City,98.02,185.13,0.78,28.6,11.55
2026-03-03 03:00:00,Gurugram_Cyber_City,87.27,176.11,1.32,37.4,8.37
2026-03-03 04:00:00,Gurugram_Cyber_City,79.9,149.32,1.4,20.11,9.58
2026-03-03 05:00:00,Gurugram_Cyber_City,93.39,178.96,1.56,31.37,6.0
2026-03-03 06:00:00,Gurugram_Cyber_City,82.96,173.37,1.58,24.19,10.07
2026-03-03 07:00:00,Gurugram_Cyber_City,87.03,169.64,1.89,46.56,12.44
2026-03-03 08:00:00,Gurugram_Cyber_City,88.62,153.56,1.73,57.18,9.36
2026-03-03 09:00:00,Gurugram_Cyber_City,105.23,187.83,0.9,45.97,9.44
2026-03-03 10:00:00,Gurugram_Cyber_City,86.34,165.58,1.3,41.94,11.35
2026-03-03 11:00:00,Gurugram_Cyber_City,102.35,181.31,1.15,45.8,6.97
2026-03-03 12:00:00,Gurugram_Cyber_City,84.94,180.05,1.34,37.92,8.2
2026-03-03 13:00:00,Gurugram_Cyber_City,88.76,175.94,1.68,65.71,5.28
2026-03-03 14:00:00,Gurugram_Cyber_City,73.73,155.28,2.03,35.49,11.97
2026-03-03 15:00:00,Gurugram_Cyber_City,85.22,167.26,1.14,52.07,8.13
2026-03-03 16:00:00,Gurugram_Cyber_City,62.0,126.9,1.88,19.33,9.14
2026-03-03 17:00:00,Gurugram_Cyber_City,69.56,131.62,1.51,47.11,9.11
2026-03-03 18:00:00,Gurugram_Cyber_City,71.04,157.82,1.24,37.12,10.87
2026-03-03 19:00:00,Gurugram_Cyber_City,80.69,146.93,2.08,52.83,4.65
2026-03-03 20:00:00,Gurugram_Cyber_City,94.57,180.32,1.67,42.67,9.41
2026-03-03 21:00:00,Gurugram_Cyber_City,88.23,188.55,1.34,20.95,11.73
2026-03-03 22:00:00,Gurugram_Cyber_City,102.03,194.96,1.43,34.95,16.13
2026-03-03 23:00:00,Gurugram_Cyber_City,97.16,184.71,1.28,53.16,13.41
2026-03-04 00:00:00,Gurugram_Cyber_City,84.55,178.48,1.07,41.93,6.95
2026-03-04 01:00:00,Gurugram_Cyber_City,103.9,201.42,1.45,35.28,13.62
2026-03-04 02:00:00,Gurugram_Cyber_City,90.22,179.65,1.61,35.93,6.45
2026-03-04 03:00:00,Gurugram_Cyber_City,64.3,136.09,1.52,50.99,7.91
2026-03-04 04:00:00,Gurugram_Cyber_City,88.95,175.06,1.4,40.86,12.3
2026-03-04 05:00:00,Gurugram_Cyber_City,81.6,174.33,1.14,27.16,10.4
2026-03-04 06:00:00,Gurugram_Cyber_City,71.1,150.61,1.99,23.71,16.66
2026-03-04 07:00:00,Gurugram_Cyber_City,95.7,178.74,1.66,41.61,4.92
2026-03-04 08:00:00,Gurugram_Cyber_City,84.62,161.55,1.2,23.02,13.68
2026-03-04 09:00:00,Gurugram_Cyber_City,94.66,185.21,2.01,41.89,6.25
2026-03-04 10:00:00,Gurugram_Cyber_City,76.65,161.18,1.18,26.01,6.88
2026-03-04 11:00:00,Gurugram_Cyber_City,82.76,152.73,1.5,34.46,7.74
2026-03-04 12:00:00,Gurugram_Cyber_City,102.53,204.36,1.39,44.95,14.64
2026-03-04 13:00:00,Gurugram_Cyber_City,77.13,148.57,1.8,13.73,13.01
2026-03-04 14:00:00,Gurugram_Cyber_City,106.89,212.15,0.88,35.93,7.05
2026-03-04 15:00:00,Gurugram_Cyber_City,75.93,139.77,1.74,34.97,13.87
2026-03-04 16:00:00,Gurugram_Cyber_City,84.72,160.53,1.85,28.66,10.81
2026-03-04 17:00:00,Gurugram_Cyber_City,85.29,165.82,2.36,50.19,12.14
2026-03-04 18:00:00,Gurugram_Cyber_City,87.59,173.68,1.35,47.99,9.96
2026-03-04 19:00:00,Gurugram_Cyber_City,73.54,158.39,1.24,57.48,15.36
2026-03-04 20:00:00,Gurugram_Cyber_City,63.72,108.47,1.65,46.58,11.62
2026-03-04 21:00:00,Gurugram_Cyber_City,63.55,130.05,1.03,66.58,9.69
2026-03-04 22:00:00,Gurugram_Cyber_City,67.47,142.52,1.6,12.59,13.55
2026-03-04 23:00:00,Gurugram_Cyber_City,79.65,146.6,1.69,51.79,10.89
2026-03-05 00:00:00,Gurugram_Cyber_City,91.08,173.57,1.33,34.95,10.79
2026-03-05 01:00:00,Gurugram_Cyber_City,74.25,137.1,1.04,37.81,13.16
2026-03-05 02:00:00,Gurugram_Cyber_City,66.83,136.99,1.72,27.35,11.38
2026-03-05 03:00:00,Gurugram_Cyber_City,113.39,214.06,1.26,46.99,9.79
2026-03-05 04:00:00,Gurugram_Cyber_City,79.9,155.82,1.05,67.83,8.6
2026-03-05 05:00:00,Gurugram_Cyber_City,73.2,138.45,1.55,45.05,9.35
2026-03-05 06:00:00,Gurugram_Cyber_City,78.97,148.86,1.46,44.62,8.48
2026-03-05 07:00:00,Gurugram_Cyber_City,78.91,166.69,2.07,43.49,7.48
2026-03-05 08:00:00,Gurugram_Cyber_City,51.61,118.41,1.46,45.09,9.06
2026-03-05 09:00:00,Gurugram_Cyber_City,64.86,143.91,1.07,41.04,6.33
2026-03-05 10:00:00,Gurugram_Cyber_City,74.38,148.48,2.09,33.23,9.25
2026-03-05 11:00:00,Gurugram_Cyber_City,76.03,148.99,2.1,35.03,9.4
2026-03-05 12:00:00,Gurugram_Cyber_City,88.67,171.77,1.25,28.15,10.92
2026-03-05 13:00:00,Gurugram_Cyber_City,77.11,160.45,1.87,53.36,7.21
2026-03-05 14:00:00,Gurugram_Cyber_City,77.46,147.36,1.37,35.22,7.36
2026-03-05 15:00:00,Gurugram_Cyber_City,91.66,174.92,1.1,41.9,10.82
2026-03-05 16:00:00,Gurugram_Cyber_City,72.97,151.97,1.61,39.61,10.13
2026-03-05 17:00:00,Gurugram_Cyber_City,73.9,130.66,1.72,43.42,7.49
2026-03-05 18:00:00,Gurugram_Cyber_City,73.64,152.11,1.4,40.75,7.23
2026-03-05 19:00:00,Gurugram_Cyber_City,87.73,172.9,0.28,45.58,5.26
2026-03-05 20:00:00,Gurugram_Cyber_City,94.9,188.51,1.64,35.05,13.34
2026-03-05 21:00:00,Gurugram_Cyber_City,57.67,136.18,1.28,45.22,5.17
2026-03-05 22:00:00,Gurugram_Cyber_City,93.91,187.29,2.03,22.35,9.57
2026-03-05 23:00:00,Gurugram_Cyber_City,90.05,171.75,1.38,39.4,9.47
2026-03-06 00:00:00,Gurugram_Cyber_City,70.56,142.21,1.68,50.3,12.4
2026-03-06 01:00:00,Gurugram_Cyber_City,104.24,197.84,1.71,50.65,12.82
2026-03-06 02:00:00,Gurugram_Cyber_City,93.81,169.63,0.66,30.58,18.25
2026-03-06 03:00:00,Gurugram_Cyber_City,70.25,139.57,1.12,33.29,12.97
2026-03-06 04:00:00,Gurugram_Cyber_City,102.14,187.62,1.03,43.73,6.3
2026-03-06 05:00:00,Gurugram_Cyber_City,91.06,179.12,1.36,37.15,6.54
2026-03-06 06:00:00,Gurugram_Cyber_City,101.91,201.67,1.67,44.63,10.38
2026-03-06 07:00:00,Gurugram_Cyber_City,80.64,159.31,1.42,28.55,6.57
2026-03-06 08:00:00,Gurugram_Cyber_City,89.07,167.65,1.66,36.31,7.09
2026-03-06 09:00:00,Gurugram_Cyber_City,105.83,197.52,1.62,41.76,6.46
2026-03-06 10:00:00,Gurugram_Cyber_City,81.33,162.01,0.96,33.96,14.1
2026-03-06 11:00:00,Gurugram_Cyber_City,89.31,158.8,1.94,60.99,12.17
2026-03-06 12:00:00,Gurugram_Cyber_City,105.6,196.09,1.91,17.34,9.68
2026-03-06 13:00:00,Gurugram_Cyber_City,110.97,192.57,1.27,33.75,12.15
2026-03-06 14:00:00,Gurugram_Cyber_City,86.17,165.83,1.7,32.47,8.45
2026-03-06 15:00:00,Gurugram_Cyber_City,107.46,203.34,1.67,37.89,9.72
2026-03-06 16:00:00,Gurugram_Cyber_City,80.91,162.19,1.32,45.91,10.32
2026-03-06 17:00:00,Gurugram_Cyber_City,93.52,182.09,2.02,27.88,9.05
2026-03-06 18:00:00,Gurugram_Cyber_City,97.18,182.46,1.96,37.18,5.14
2026-03-06 19:00:00,Gurugram_Cyber_City,85.6,169.0,1.23,37.86,11.68
2026-03-06 20:00:00,Gurugram_Cyber_City,58.51,118.5,1.48,33.64,11.89
2026-03-06 21:00:00,Gurugram_Cyber_City,96.37,167.63,1.69,32.97,5.79
2026-03-06 22:00:00,Gurugram_Cyber_City,67.7,133.77,1.22,51.96,12.32
2026-03-06 23:00:00,Gurugram_Cyber_City,66.48,143.69,1.24,31.32,8.38
2026-03-07 00:00:00,Gurugram_Cyber_City,87.71,163.62,1.38,58.06,12.19
2026-03-07 01:00:00,Gurugram_Cyber_City,99.46,191.67,1.59,48.61,6.65
2026-03-07 02:00:00,Gurugram_Cyber_City,70.23,149.02,2.51,43.35,13.62
2026-03-07 03:00:00,Gurugram_Cyber_City,85.35,177.0,1.13,45.02,12.88
2026-03-07 04:00:00,Gurugram_Cyber_City,65.44,147.37,1.94,16.34,10.5
2026-03-07 05:00:00,Gurugram_Cyber_City,101.18,186.03,1.98,37.9,6.32
2026-03-07 06:00:00,Gurugram_Cyber_City,105.05,201.17,0.57,55.3,10.72
2026-03-07 07:00:00,Gurugram_Cyber_City,89.27,159.82,1.9,45.46,6.72
2026-03-07 08:00:00,Gurugram_Cyber_City,59.9,141.63,1.63,53.21,9.38
2026-03-07 09:00:00,Gurugram_Cyber_City,76.48,159.02,1.03,50.6,8.71
2026-03-07 10:00:00,Gurugram_Cyber_City,50.32,112.01,1.5,23.88,6.63
2026-03-07 11:00:00,Gurugram_Cyber_City,65.53,127.32,1.45,33.2,16.55
2026-03-07 12:00:00,Gurugram_Cyber_City,103.08,183.76,1.38,43.38,15.69
2026-03-07 13:00:00,Gurugram_Cyber_City,101.79,200.39,1.14,49.11,19.34
2026-03-07 14:00:00,Gurugram_Cyber_City,85.54,155.61,0.96,39.3,12.75
2026-03-07 15:00:00,Gurugram_Cyber_City,88.43,161.82,1.79,39.69,14.84
2026-03-07 16:00:00,Gurugram_Cyber_City,71.34,147.79,1.74,46.24,13.29
2026-03-07 17:00:00,Gurugram_Cyber_City,73.29,145.21,1.92,37.79,7.59
2026-03-07 18:00:00,Gurugram_Cyber_City,79.76,147.81,2.03,38.34,7.54
2026-03-07 19:00:00,Gurugram_Cyber_City,107.01,203.57,0.59,61.86,8.63
2026-03-07 20:00:00,Gurugram_Cyber_City,74.92,147.11,0.96,33.16,8.02
2026-03-07 21:00:00,Gurugram_Cyber_City,68.7,143.64,1.39,39.81,6.19
2026-03-07 22:00:00,Gurugram_Cyber_City,54.5,123.95,1.36,54.05,9.85
2026-03-07 23:00:00,Gurugram_Cyber_City,93.6,165.72,1.69,29.3,11.15
2026-03-08 00:00:00,Gurugram_Cyber_City,91.48,169.24,0.85,33.6,11.8
2026-03-08 01:00:00,Gurugram_Cyber_City,82.09,163.57,1.21,41.61,6.92
2026-03-08 02:00:00,Gurugram_Cyber_City,84.66,170.19,1.93,29.25,9.83
2026-03-08 03:00:00,Gurugram_Cyber_City,91.89,174.39,0.92,56.76,11.96
2026-03-08 04:00:00,Gurugram_Cyber_City,60.84,139.33,2.14,47.43,7.21
2026-03-08 05:00:00,Gurugram_Cyber_City,70.69,157.3,1.94,44.48,11.08
2026-03-08 06:00:00,Gurugram_Cyber_City,59.65,136.8,1.39,29.04,11.01
2026-03-08 07:00:00,Gurugram_Cyber_City,76.61,155.75,1.41,37.97,10.19
2026-03-08 08:00:00,Gurugram_Cyber_City,64.35,120.22,1.58,38.56,8.0
2026-03-08 09:00:00,Gurugram_Cyber_City,113.29,202.91,1.99,42.94,12.38
2026-03-08 10:00:00,Gurugram_Cyber_City,92.88,164.97,1.4,50.19,11.51
2026-03-08 11:00:00,Gurugram_Cyber_City,104.0,202.88,1.62,34.95,8.61
2026-03-08 12:00:00,Gurugram_Cyber_City,90.92,169.85,1.3,35.76,10.02
2026-03-08 13:00:00,Gurugram_Cyber_City,97.83,182.77,1.59,49.09,7.14
2026-03-08 14:00:00,Gurugram_Cyber_City,87.09,164.79,1.74,54.17,12.3
2026-03-08 15:00:00,Gurugram_Cyber_City,92.31,180.67,1.81,38.87,6.69
2026-03-08 16:00:00,Gurugram_Cyber_City,103.9,198.59,1.32,39.19,9.61
2026-03-08 17:00:00,Gurugram_Cyber_City,80.39,151.01,1.26,32.3,13.17
2026-03-08 18:00:00,Gurugram_Cyber_City,104.99,196.23,1.9,38.71,9.77
2026-03-08 19:00:00,Gurugram_Cyber_City,58.45,134.9,2.13,40.42,8.2
2026-03-08 20:00:00,Gurugram_Cyber_City,67.57,143.75,1.33,51.37,11.67
2026-03-08 21:00:00,Gurugram_Cyber_City,92.38,173.02,1.43,21.92,10.39
2026-03-08 22:00:00,Gurugram_Cyber_City,85.54,167.8,1.69,26.82,7.3
2026-03-08 23:00:00,Gurugram_Cyber_City,112.65,201.54,1.95,27.77,16.02
2026-03-09 00:00:00,Gurugram_Cyber_City,91.72,172.34,0.81,35.31,12.87
2026-03-09 01:00:00,Gurugram_Cyber_City,112.39,199.44,1.35,29.16,7.73
2026-03-09 02:00:00,Gurugram_Cyber_City,75.45,146.63,1.85,27.71,8.89
2026-03-09 03:00:00,Gurugram_Cyber_City,82.13,154.8,1.64,44.04,10.45
2026-03-09 04:00:00,Gurugram_Cyber_City,84.8,183.06,1.89,35.31,4.77
2026-03-09 05:00:00,Gurugram_Cyber_City,68.9,148.08,1.16,30.91,11.89
2026-03-09 06:00:00,Gurugram_Cyber_City,69.43,140.3,1.7,39.95,6.15
2026-03-09 07:00:00,Gurugram_Cyber_City,114.26,198.17,1.69,33.2,5.07
2026-03-09 08:00:00,Gurugram_Cyber_City,68.87,143.66,1.27,28.59,9.91
2026-03-09 09:00:00,Gurugram_Cyber_City,105.56,187.47,1.02,32.73,7.96
2026-03-09 10:00:00,Gurugram_Cyber_City,95.24,183.15,1.57,40.6,11.15
2026-03-09 11:00:00,Gurugram_Cyber_City,85.92,171.57,1.08,34.44,13.2
2026-03-09 12:00:00,Gurugram_Cyber_City,82.65,165.4,1.5,43.57,13.39
2026-03-09 13:00:00,Gurugram_Cyber_City,80.18,174.5,1.8,27.31,12.56
2026-03-09 14:00:00,Gurugram_Cyber_City,74.75,149.73,2.04,34.45,10.56
2026-03-09 15:00:00,Gurugram_Cyber_City,82.54,156.96,1.45,51.91,6.73
2026-03-09 16:00:00,Gurugram_Cyber_City,66.87,133.95,1.99,47.09,9.16
2026-03-09 17:00:00,Gurugram_Cyber_City,112.32,212.56,1.19,63.48,16.31
2026-03-09 18:00:00,Gurugram_Cyber_City,104.19,184.46,1.37,36.01,6.13
2026-03-09 19:00:00,Gurugram_Cyber_City,92.43,173.28,1.19,36.36,12.14
2026-03-09 20:00:00,Gurugram_Cyber_City,75.09,158.31,1.04,30.52,14.23
2026-03-09 21:00:00,Gurugram_Cyber_City,91.17,166.76,1.9,31.25,9.94
2026-03-09 22:00:00,Gurugram_Cyber_City,76.25,139.92,2.01,32.15,14.87
2026-03-09 23:00:00,Gurugram_Cyber_City,85.35,160.74,1.24,43.56,10.6
2026-03-10 00:00:00,Gurugram_Cyber_City,83.8,160.38,1.37,51.18,8.36
2026-03-10 01:00:00,Gurugram_Cyber_City,107.12,196.3,1.78,33.06,9.49
2026-03-10 02:00:00,Gurugram_Cyber_City,80.04,167.21,0.68,32.57,13.78
2026-03-10 03:00:00,Gurugram_Cyber_City,71.19,145.67,1.25,35.03,10.16
2026-03-10 04:00:00,Gurugram_Cyber_City,107.18,195.84,1.45,41.66,12.92
2026-03-10 05:00:00,Gurugram_Cyber_City,80.26,154.47,1.78,47.79,6.19
2026-03-10 06:00:00,Gurugram_Cyber_City,77.15,166.33,1.48,42.21,8.18
2026-03-10 07:00:00,Gurugram_Cyber_City,80.17,163.16,1.82,61.59,9.24
2026-03-10 08:00:00,Gurugram_Cyber_City,98.84,188.08,1.89,20.49,9.71
2026-03-10 09:00:00,Gurugram_Cyber_City,76.57,154.45,1.24,41.14,12.25
2026-03-10 10:00:00,Gurugram_Cyber_City,117.34,216.84,1.9,31.76,7.91
2026-03-10 11:00:00,Gurugram_Cyber_City,112.78,210.45,1.02,53.74,12.68
2026-03-10 12:00:00,Gurugram_Cyber_City,75.51,169.45,1.17,54.65,10.16
2026-03-10 13:00:00,Gurugram_Cyber_City,72.87,147.18,1.67,40.45,7.74
2026-03-10 14:00:00,Gurugram_Cyber_City,47.84,102.37,1.69,17.39,10.6
2026-03-10 15:00:00,Gurugram_Cyber_City,73.32,136.14,1.39,24.3,6.72
2026-03-10 16:00:00,Gurugram_Cyber_City,101.28,187.34,1.37,34.46,9.45
2026-03-10 17:00:00,Gurugram_Cyber_City,95.36,169.63,1.69,43.24,10.71
2026-03-10 18:00:00,Gurugram_Cyber_City,66.13,134.9,1.66,41.98,3.98
2026-03-10 19:00:00,Gurugram_Cyber_City,68.22,139.29,0.9,36.16,8.33
2026-03-10 20:00:00,Gurugram_Cyber_City,65.14,140.34,1.65,32.31,13.23
2026-03-10 21:00:00,Gurugram_Cyber_City,85.7,170.62,2.03,39.82,12.24
2026-03-10 22:00:00,Gurugram_Cyber_City,101.6,202.62,1.09,43.09,5.67
2026-03-10 23:00:00,Gurugram_Cyber_City,65.36,123.59,1.37,20.94,8.58
2026-03-11 00:00:00,Gurugram_Cyber_City,101.46,197.94,2.0,53.2,14.95
2026-03-11 01:00:00,Gurugram_Cyber_City,90.72,182.19,1.36,35.1,8.64
2026-03-11 02:00:00,Gurugram_Cyber_City,101.33,189.39,0.7,34.4,16.21
2026-03-11 03:00:00,Gurugram_Cyber_City,115.26,216.21,1.06,38.99,11.59
2026-03-11 04:00:00,Gurugram_Cyber_City,77.8,143.78,1.68,26.86,12.58
2026-03-11 05:00:00,Gurugram_Cyber_City,107.3,200.26,1.78,33.76,14.38
2026-03-11 06:00:00,Gurugram_Cyber_City,94.93,167.89,2.09,34.91,13.01
2026-03-11 07:00:00,Gurugram_Cyber_City,97.57,184.67,1.02,39.24,8.0
2026-03-11 08:00:00,Gurugram_Cyber_City,94.48,186.25,1.07,49.06,10.72
2026-03-11 09:00:00,Gurugram_Cyber_City,86.31,164.2,1.87,34.27,7.52
2026-03-11 10:00:00,Gurugram_Cyber_City,68.61,134.15,1.35,34.66,13.95
2026-03-11 11:00:00,Gurugram_Cyber_City,84.6,166.78,1.76,43.6,10.38
2026-03-11 12:00:00,Gurugram_Cyber_City,77.58,138.97,1.55,58.07,6.18
2026-03-11 13:00:00,Gurugram_Cyber_City,96.24,171.61,1.48,35.45,8.67
2026-03-11 14:00:00,Gurugram_Cyber_City,79.1,151.81,1.18,50.78,7.8
2026-03-11 15:00:00,Gurugram_Cyber_City,72.06,129.25,1.57,32.49,11.21
2026-03-11 16:00:00,Gurugram_Cyber_City,72.35,148.53,1.98,39.26,14.37
2026-03-11 17:00:00,Gurugram_Cyber_City,92.63,170.42,1.24,36.75,10.13
2026-03-11 18:00:00,Gurugram_Cyber_City,67.89,132.47,1.18,25.4,9.6
2026-03-11 19:00:00,Gurugram_Cyber_City,85.82,172.43,1.04,44.69,4.29
2026-03-11 20:00:00,Gurugram_Cyber_City,69.2,139.35,1.5,50.07,8.43
2026-03-11 21:00:00,Gurugram_Cyber_City,116.34,216.1,1.79,41.13,6.66
2026-03-11 22:00:00,Gurugram_Cyber_City,87.92,160.58,2.34,55.46,2.71
2026-03-11 23:00:00,Gurugram_Cyber_City,89.33,165.44,1.16,45.91,7.03
2026-03-12 00:00:00,Gurugram_Cyber_City,102.73,175.59,1.24,37.67,16.39
2026-03-12 01:00:00,Gurugram_Cyber_City,71.08,136.23,1.48,36.63,9.31
2026-03-12 02:00:00,Gurugram_Cyber_City,108.48,205.16,1.01,33.94,10.26
2026-03-12 03:00:00,Gurugram_Cyber_City,96.26,187.63,1.27,62.0,10.58
2026-03-12 04:00:00,Gurugram_Cyber_City,74.42,146.67,1.71,34.14,3.95
2026-03-12 05:00:00,Gurugram_Cyber_City,57.97,137.31,1.55,31.95,6.23
2026-03-12 06:00:00,Gurugram_Cyber_City,79.16,153.27,0.79,49.52,12.57
2026-03-12 07:00:00,Gurugram_Cyber_City,95.34,190.8,1.81,19.45,11.33
2026-03-12 08:00:00,Gurugram_Cyber_City,77.85,162.72,1.47,37.41,11.93
2026-03-12 09:00:00,Gurugram_Cyber_City,82.12,164.18,1.69,28.66,9.96
2026-03-12 10:00:00,Gurugram_Cyber_City,69.54,142.68,1.5,46.52,9.07
2026-03-12 11:00:00,Gurugram_Cyber_City,54.3,117.56,1.85,37.54,6.9
2026-03-12 12:00:00,Gurugram_Cyber_City,95.12,184.66,1.9,23.08,10.14
2026-03-12 13:00:00,Gurugram_Cyber_City,111.99,209.46,1.08,20.45,12.95
2026-03-12 14:00:00,Gurugram_Cyber_City,60.86,136.45,2.07,36.94,12.07
2026-03-12 15:00:00,Gurugram_Cyber_City,85.02,159.51,1.02,38.23,13.22
2026-03-12 16:00:00,Gurugram_Cyber_City,86.77,182.45,1.55,34.55,16.85
2026-03-12 17:00:00,Gurugram_Cyber_City,91.78,168.8,1.68,28.63,9.11
2026-03-12 18:00:00,Gurugram_Cyber_City,87.99,170.04,0.87,55.18,4.64
2026-03-12 19:00:00,Gurugram_Cyber_City,86.39,163.1,2.06,27.06,13.11
2026-03-12 20:00:00,Gurugram_Cyber_City,87.99,166.58,0.86,67.39,4.89
2026-03-12 21:00:00,Gurugram_Cyber_City,73.37,147.21,1.21,47.59,10.59
2026-03-12 22:00:00,Gurugram_Cyber_City,68.21,139.45,0.86,34.26,5.86
2026-03-12 23:00:00,Gurugram_Cyber_City,90.21,180.64,1.66,46.63,16.13
2026-03-13 00:00:00,Gurugram_Cyber_City,89.55,186.68,1.82,38.66,7.61
2026-03-13 01:00:00,Gurugram_Cyber_City,75.37,149.53,1.97,24.98,5.23
2026-03-13 02:00:00,Gurugram_Cyber_City,106.11,200.56,1.89,34.59,7.84
2026-03-13 03:00:00,Gurugram_Cyber_City,87.91,168.78,1.57,47.73,7.55
2026-03-13 04:00:00,Gurugram_Cyber_City,87.83,164.0,1.79,44.16,5.58
2026-03-13 05:00:00,Gurugram_Cyber_City,74.06,143.28,1.25,35.05,8.59
2026-03-13 06:00:00,Gurugram_Cyber_City,108.29,188.48,1.09,20.24,6.95
2026-03-13 07:00:00,Gurugram_Cyber_City,76.05,146.27,1.17,44.99,15.44
2026-03-13 08:00:00,Gurugram_Cyber_City,80.43,157.73,2.3,49.86,10.91
2026-03-13 09:00:00,Gurugram_Cyber_City,94.96,185.16,2.13,32.43,9.59
2026-03-13 10:00:00,Gurugram_Cyber_City,100.03,197.54,1.16,43.73,10.51
2026-03-13 11:00:00,Gurugram_Cyber_City,107.69,210.04,1.71,51.94,10.16
2026-03-13 12:00:00,Gurugram_Cyber_City,79.18,164.79,2.04,37.96,14.12
2026-03-13 13:00:00,Gurugram_Cyber_City,64.42,136.79,1.34,42.13,11.25
2026-03-13 14:00:00,Gurugram_Cyber_City,87.48,163.95,1.15,43.91,16.36
2026-03-13 15:00:00,Gurugram_Cyber_City,63.7,134.21,1.45,47.33,11.99
2026-03-13 16:00:00,Gurugram_Cyber_City,57.57,115.83,0.85,50.88,11.64
2026-03-13 17:00:00,Gurugram_Cyber_City,82.79,166.97,1.35,56.84,4.15
2026-03-13 18:00:00,Gurugram_Cyber_City,86.98,170.04,1.53,49.74,13.75
2026-03-13 19:00:00,Gurugram_Cyber_City,91.88,182.97,2.22,27.84,16.54
2026-03-13 20:00:00,Gurugram_Cyber_City,94.91,186.62,1.52,42.75,11.55
2026-03-13 21:00:00,Gurugram_Cyber_City,65.24,136.03,1.53,37.98,6.46
2026-03-13 22:00:00,Gurugram_Cyber_City,95.71,196.61,1.93,34.0,10.2
2026-03-13 23:00:00,Gurugram_Cyber_City,78.88,140.78,1.59,35.88,7.72
2026-03-14 00:00:00,Gurugram_Cyber_City,101.27,186.1,1.91,35.46,6.5
2026-03-14 01:00:00,Gurugram_Cyber_City,93.08,180.05,1.34,34.69,11.57
2026-03-14 02:00:00,Gurugram_Cyber_City,81.62,159.65,1.62,39.66,6.21
2026-03-14 03:00:00,Gurugram_Cyber_City,116.65,224.78,1.57,47.23,8.19
2026-03-14 04:00:00,Gurugram_Cyber_City,100.52,203.84,2.28,36.32,6.63
2026-03-14 05:00:00,Gurugram_Cyber_City,90.86,166.07,0.62,52.24,15.77
2026-03-14 06:00:00,Gurugram_Cyber_City,76.28,149.89,1.83,34.4,9.47
2026-03-14 07:00:00,Gurugram_Cyber_City,79.99,164.88,1.91,39.27,9.79
2026-03-14 08:00:00,Gurugram_Cyber_City,76.72,158.83,0.96,52.39,8.03
2026-03-14 09:00:00,Gurugram_Cyber_City,78.74,146.58,0.85,24.17,14.61
2026-03-14 10:00:00,Gurugram_Cyber_City,83.18,160.04,1.42,25.24,13.57
2026-03-14 11:00:00,Gurugram_Cyber_City,95.47,197.8,1.91,29.65,12.89
2026-03-14 12:00:00,Gurugram_Cyber_City,75.93,150.34,1.47,20.79,12.01
2026-03-14 13:00:00,Gurugram_Cyber_City,80.85,155.89,1.6,24.08,13.45
2026-03-14 14:00:00,Gurugram_Cyber_City,90.73,158.11,1.05,39.08,9.76
2026-03-14 15:00:00,Gurugram_Cyber_City,85.82,160.54,1.39,45.56,16.25
2026-03-14 16:00:00,Gurugram_Cyber_City,81.49,170.71,2.23,41.85,10.85
2026-03-14 17:00:00,Gurugram_Cyber_City,81.77,160.46,1.8,19.58,10.41
2026-03-14 18:00:00,Gurugram_Cyber_City,92.94,179.34,1.32,34.53,10.01
2026-03-14 19:00:00,Gurugram_Cyber_City,83.95,175.09,1.32,27.65,13.73
2026-03-14 20:00:00,Gurugram_Cyber_City,96.29,185.31,1.66,46.85,14.14
2026-03-14 21:00:00,Gurugram_Cyber_City,85.49,166.01,1.4,66.25,11.5
2026-03-14 22:00:00,Gurugram_Cyber_City,99.25,177.27,0.74,36.22,8.54
2026-03-14 23:00:00,Gurugram_Cyber_City,82.76,159.23,1.45,31.56,11.29
2026-03-15 00:00:00,Gurugram_Cyber_City,110.26,185.13,1.64,32.3,6.37
2026-03-15 01:00:00,Gurugram_Cyber_City,55.42,109.77,0.9,33.0,8.72
2026-03-15 02:00:00,Gurugram_Cyber_City,71.9,172.36,1.54,41.88,8.42
2026-03-15 03:00:00,Gurugram_Cyber_City,93.27,181.68,2.44,36.46,8.94
2026-03-15 04:00:00,Gurugram_Cyber_City,81.79,160.12,0.78,46.64,10.43
2026-03-15 05:00:00,Gurugram_Cyber_City,75.84,140.65,1.66,70.96,12.75
2026-03-15 06:00:00,Gurugram_Cyber_City,117.69,218.2,1.04,36.34,7.93
2026-03-15 07:00:00,Gurugram_Cyber_City,91.45,165.07,1.49,48.34,11.51
2026-03-15 08:00:00,Gurugram_Cyber_City,73.1,150.65,0.96,48.71,7.17
2026-03-15 09:00:00,Gurugram_Cyber_City,88.65,171.68,0.53,47.95,8.35
2026-03-15 10:00:00,Gurugram_Cyber_City,74.47,148.44,1.32,40.47,9.28
2026-03-15 11:00:00,Gurugram_Cyber_City,88.27,169.18,1.39,40.29,12.76
2026-03-15 12:00:00,Gurugram_Cyber_City,96.19,188.29,1.04,36.81,12.71
2026-03-15 13:00:00,Gurugram_Cyber_City,95.65,182.48,1.2,26.64,9.69
2026-03-15 14:00:00,Gurugram_Cyber_City,83.9,153.41,1.22,54.0,10.13
2026-03-15 15:00:00,Gurugram_Cyber_City,81.53,153.25,1.16,43.05,9.63
2026-03-15 16:00:00,Gurugram_Cyber_City,55.13,119.73,1.23,25.14,12.92
2026-03-15 17:00:00,Gurugram_Cyber_City,98.73,182.09,1.19,34.32,4.66
2026-03-15 18:00:00,Gurugram_Cyber_City,84.11,175.11,1.89,36.49,12.94
2026-03-15 19:00:00,Gurugram_Cyber_City,105.43,184.31,1.85,50.62,12.65
2026-03-15 20:00:00,Gurugram_Cyber_City,76.78,149.21,1.19,49.81,8.05
2026-03-15 21:00:00,Gurugram_Cyber_City,75.05,150.82,1.29,49.85,10.08
2026-03-15 22:00:00,Gurugram_Cyber_City,74.27,160.55,1.83,35.1,13.73
2026-03-15 23:00:00,Gurugram_Cyber_City,88.43,175.14,1.02,44.95,8.85
2026-03-16 00:00:00,Gurugram_Cyber_City,94.62,184.78,0.83,39.24,9.66
2026-03-16 01:00:00,Gurugram_Cyber_City,102.38,186.93,1.37,51.08,2.66
2026-03-16 02:00:00,Gurugram_Cyber_City,113.91,203.33,2.69,38.05,11.26
2026-03-16 03:00:00,Gurugram_Cyber_City,119.18,228.1,1.95,43.4,10.65
2026-03-16 04:00:00,Gurugram_Cyber_City,96.66,175.25,1.92,57.49,9.32
2026-03-16 05:00:00,Gurugram_Cyber_City,83.83,158.85,1.12,56.06,8.11
2026-03-16 06:00:00,Gurugram_Cyber_City,91.94,168.44,1.75,47.57,12.97
2026-03-16 07:00:00,Gurugram_Cyber_City,65.01,124.6,2.0,36.47,2.81
2026-03-16 08:00:00,Gurugram_Cyber_City,89.77,168.83,1.91,42.68,7.42
2026-03-16 09:00:00,Gurugram_Cyber_City,69.57,143.19,1.41,22.05,11.87
2026-03-16 10:00:00,Gurugram_Cyber_City,91.1,188.95,1.4,40.72,13.14
2026-03-16 11:00:00,Gurugram_Cyber_City,65.82,122.13,1.07,28.1,13.77
2026-03-16 12:00:00,Gurugram_Cyber_City,62.27,121.12,1.34,47.05,8.19
2026-03-16 13:00:00,Gurugram_Cyber_City,77.42,147.71,1.7,30.46,10.43
2026-03-16 14:00:00,Gurugram_Cyber_City,86.58,176.18,1.87,37.56,15.23
2026-03-16 15:00:00,Gurugram_Cyber_City,104.09,203.42,1.25,37.56,9.57
2026-03-16 16:00:00,Gurugram_Cyber_City,85.0,177.72,1.24,43.03,8.07
2026-03-16 17:00:00,Gurugram_Cyber_City,96.81,169.98,1.09,41.21,10.66
2026-03-16 18:00:00,Gurugram_Cyber_City,71.2,145.93,1.37,35.46,9.88
2026-03-16 19:00:00,Gurugram_Cyber_City,65.78,143.96,1.41,43.67,10.57
2026-03-16 20:00:00,Gurugram_Cyber_City,76.75,157.39,2.16,27.02,6.73
2026-03-16 21:00:00,Gurugram_Cyber_City,117.08,217.3,1.92,22.13,11.23
2026-03-16 22:00:00,Gurugram_Cyber_City,76.75,148.67,1.76,22.84,18.92
2026-03-16 23:00:00,Gurugram_Cyber_City,76.44,157.75,0.81,26.25,10.7
2026-03-17 00:00:00,Gurugram_Cyber_City,62.56,143.31,1.4,35.97,14.86
2026-03-17 01:00:00,Gurugram_Cyber_City,85.67,169.93,0.81,28.42,7.64
2026-03-17 02:00:00,Gurugram_Cyber_City,91.33,176.09,1.7,50.97,11.67
2026-03-17 03:00:00,Gurugram_Cyber_City,80.44,156.58,1.03,44.82,10.04
2026-03-17 04:00:00,Gurugram_Cyber_City,110.06,202.69,1.64,37.43,7.55
2026-03-17 05:00:00,Gurugram_Cyber_City,105.06,191.98,2.07,38.84,12.73
2026-03-17 06:00:00,Gurugram_Cyber_City,78.31,151.1,1.59,44.47,11.75
2026-03-17 07:00:00,Gurugram_Cyber_City,95.94,192.98,1.71,19.3,13.47
2026-03-17 08:00:00,Gurugram_Cyber_City,65.12,126.22,1.63,29.06,11.32
2026-03-17 09:00:00,Gurugram_Cyber_City,80.15,161.53,0.87,36.71,8.8
2026-03-17 10:00:00,Gurugram_Cyber_City,100.4,186.53,0.46,35.52,7.42
2026-03-17 11:00:00,Gurugram_Cyber_City,86.88,169.63,1.52,43.5,6.21
2026-03-17 12:00:00,Gurugram_Cyber_City,67.41,139.95,1.19,55.43,8.89
2026-03-17 13:00:00,Gurugram_Cyber_City,79.77,152.09,1.22,40.05,8.14
2026-03-17 14:00:00,Gurugram_Cyber_City,74.03,146.4,1.98,15.46,7.99
2026-03-17 15:00:00,Gurugram_Cyber_City,108.05,190.71,1.94,53.27,4.24
2026-03-17 16:00:00,Gurugram_Cyber_City,128.37,238.61,1.42,26.41,10.75
2026-03-17 17:00:00,Gurugram_Cyber_City,52.0,114.46,1.77,33.95,12.23
2026-03-17 18:00:00,Gurugram_Cyber_City,105.21,195.53,1.02,32.06,13.11
2026-03-17 19:00:00,Gurugram_Cyber_City,78.3,152.6,1.79,39.1,6.45
2026-03-17 20:00:00,Gurugram_Cyber_City,79.45,151.6,1.76,30.47,7.63
2026-03-17 21:00:00,Gurugram_Cyber_City,76.36,149.13,0.62,30.7,14.79
2026-03-17 22:00:00,Gurugram_Cyber_City,69.76,148.96,1.11,64.0,11.5
2026-03-17 23:00:00,Gurugram_Cyber_City,80.04,157.47,1.37,40.57,8.57
2026-03-18 00:00:00,Gurugram_Cyber_City,117.63,221.61,1.99,24.12,8.65
2026-03-18 01:00:00,Gurugram_Cyber_City,71.26,140.06,2.07,29.7,11.6
2026-03-18 02:00:00,Gurugram_Cyber_City,78.91,165.46,0.97,40.31,8.91
2026-03-18 03:00:00,Gurugram_Cyber_City,53.93,107.14,1.12,20.7,8.92
2026-03-18 04:00:00,Gurugram_Cyber_City,46.57,111.11,1.16,36.17,9.7
2026-03-18 05:00:00,Gurugram_Cyber_City,83.11,171.77,1.52,43.51,9.09
2026-03-18 06:00:00,Gurugram_Cyber_City,49.21,109.78,1.02,36.8,11.65
2026-03-18 07:00:00,Gurugram_Cyber_City,101.74,187.31,1.45,45.47,13.08
2026-03-18 08:00:00,Gurugram_Cyber_City,71.88,141.14,1.19,48.97,9.7
2026-03-18 09:00:00,Gurugram_Cyber_City,81.23,156.06,2.28,47.87,8.19
2026-03-18 10:00:00,Gurugram_Cyber_City,71.77,133.23,1.88,38.73,8.19
2026-03-18 11:00:00,Gurugram_Cyber_City,67.45,125.67,1.92,33.44,15.76
2026-03-18 12:00:00,Gurugram_Cyber_City,90.86,175.4,1.38,30.88,14.38
2026-03-18 13:00:00,Gurugram_Cyber_City,92.16,177.64,2.0,58.18,5.52
2026-03-18 14:00:00,Gurugram_Cyber_City,74.39,143.97,1.35,37.07,10.99
2026-03-18 15:00:00,Gurugram_Cyber_City,75.12,140.15,1.5,55.89,6.18
2026-03-18 16:00:00,Gurugram_Cyber_City,95.47,183.6,1.6,57.79,9.51
2026-03-18 17:00:00,Gurugram_Cyber_City,81.86,163.9,1.81,48.25,11.27
2026-03-18 18:00:00,Gurugram_Cyber_City,84.78,156.55,1.48,45.48,8.4
2026-03-18 19:00:00,Gurugram_Cyber_City,74.93,151.07,1.31,35.94,14.58
2026-03-18 20:00:00,Gurugram_Cyber_City,90.26,190.97,2.2,37.76,10.65
2026-03-18 21:00:00,Gurugram_Cyber_City,105.54,195.78,0.99,53.7,12.64
2026-03-18 22:00:00,Gurugram_Cyber_City,80.92,159.33,1.32,54.75,10.4
2026-03-18 23:00:00,Gurugram_Cyber_City,100.36,197.01,1.52,26.65,5.11
2026-03-19 00:00:00,Gurugram_Cyber_City,72.26,147.12,2.1,40.93,6.11
2026-03-19 01:00:00,Gurugram_Cyber_City,66.5,134.85,0.55,48.31,12.61
2026-03-19 02:00:00,Gurugram_Cyber_City,66.35,135.74,2.45,49.47,7.11
2026-03-19 03:00:00,Gurugram_Cyber_City,77.77,153.24,1.16,29.27,15.2
2026-03-19 04:00:00,Gurugram_Cyber_City,75.76,164.23,2.36,57.97,12.88
2026-03-19 05:00:00,Gurugram_Cyber_City,85.88,173.91,1.52,42.08,10.99
2026-03-19 06:00:00,Gurugram_Cyber_City,88.79,185.88,1.64,32.6,12.31
2026-03-19 07:00:00,Gurugram_Cyber_City,77.52,147.08,1.9,31.09,9.54
2026-03-19 08:00:00,Gurugram_Cyber_City,96.11,166.58,1.65,46.47,14.56
2026-03-19 09:00:00,Gurugram_Cyber_City,76.67,157.02,0.79,40.18,9.53
2026-03-19 10:00:00,Gurugram_Cyber_City,114.82,213.83,1.75,44.34,9.67
2026-03-19 11:00:00,Gurugram_Cyber_City,97.68,167.15,1.69,48.95,15.03
2026-03-19 12:00:00,Gurugram_Cyber_City,89.41,186.53,1.61,26.78,9.06
2026-03-19 13:00:00,Gurugram_Cyber_City,99.9,194.54,1.34,63.56,10.46
2026-03-19 14:00:00,Gurugram_Cyber_City,93.78,183.72,1.05,28.88,3.54
2026-03-19 15:00:00,Gurugram_Cyber_City,105.49,195.73,1.24,18.06,10.98
2026-03-19 16:00:00,Gurugram_Cyber_City,52.11,98.77,1.87,30.01,11.37
2026-03-19 17:00:00,Gurugram_Cyber_City,90.46,174.95,1.54,38.12,10.81
